#
# A fatal error has been detected by the Java Runtime Environment:
#
#  SIGSEGV (0xb) at pc=0x0000782cb3fa668c, pid=295982, tid=295988
#
# JRE version: OpenJDK Runtime Environment (21.0.12+8) (build 21.0.12+8-1-24.04-Ubuntu)
# Java VM: OpenJDK 64-Bit Server VM (21.0.12+8-1-24.04-Ubuntu, mixed mode, sharing, tiered, compressed oops, compressed class ptrs, g1 gc, linux-amd64)
# Problematic frame:
# V  [libjvm.so+0x7a668c]  void OopOopIterateDispatch<G1CMOopClosure>::Table::oop_oop_iterate<InstanceKlass, narrowOop>(G1CMOopClosure*, oopDesc*, Klass*)+0x1cc
#
# Core dump will be written. Default location: Determined by the following: "/usr/share/apport/apport -p%p -s%s -c%c -d%d -P%P -u%u -g%g -F%F -- %E" (alternatively, falling back to /home/oppa-ai/jetson/Aiko-Lingo/core.295982)
#
# If you would like to submit a bug report, please visit:
#   https://bugs.launchpad.net/ubuntu/+source/openjdk-21
#

---------------  S U M M A R Y ------------

Command Line: --add-opens=java.base/java.lang=ALL-UNNAMED --add-opens=java.base/java.lang.invoke=ALL-UNNAMED --add-opens=java.base/java.util=ALL-UNNAMED --add-opens=java.prefs/java.util.prefs=ALL-UNNAMED --add-exports=jdk.compiler/com.sun.tools.javac.api=ALL-UNNAMED --add-exports=jdk.compiler/com.sun.tools.javac.util=ALL-UNNAMED --add-opens=java.base/java.util=ALL-UNNAMED --add-opens=java.prefs/java.util.prefs=ALL-UNNAMED --add-opens=java.base/java.nio.charset=ALL-UNNAMED --add-opens=java.base/java.net=ALL-UNNAMED --add-opens=java.base/java.util.concurrent=ALL-UNNAMED --add-opens=java.base/java.util.concurrent.atomic=ALL-UNNAMED --add-opens=java.xml/javax.xml.namespace=ALL-UNNAMED --add-opens=java.base/java.time=ALL-UNNAMED -Xmx2048m -Dfile.encoding=UTF-8 -Duser.country=US -Duser.language=en -Duser.variant -javaagent:/home/oppa-ai/.gradle/wrapper/dists/gradle-9.3.0-bin/79n14ral3mx1ozqr3csh2u872/gradle-9.3.0/lib/agents/gradle-instrumentation-agent-9.3.0.jar org.gradle.launcher.daemon.bootstrap.GradleDaemon 9.3.0

Host: 12th Gen Intel(R) Core(TM) i7-12700K, 20 cores, 31G, Ubuntu 24.04.4 LTS
Time: Sun Sep  6 10:54:14 2026 PDT elapsed time: 27.626632 seconds (0d 0h 0m 27s)

---------------  T H R E A D  ---------------

Current thread (0x0000782cac089ab0):  WorkerThread "G1 Conc#0"      [id=295988, stack(0x0000782cb15f9000,0x0000782cb16f9000) (1024K)]

Stack: [0x0000782cb15f9000,0x0000782cb16f9000],  sp=0x0000782cb16f7bc0,  free space=1018k
Native frames: (J=compiled Java code, j=interpreted, Vv=VM code, C=native code)
V  [libjvm.so+0x7a668c]  void OopOopIterateDispatch<G1CMOopClosure>::Table::oop_oop_iterate<InstanceKlass, narrowOop>(G1CMOopClosure*, oopDesc*, Klass*)+0x1cc
V  [libjvm.so+0x7e1b76]  void G1CMTask::process_grey_task_entry<true>(G1TaskQueueEntry)+0xd6
V  [libjvm.so+0x7dc79f]  G1CMTask::drain_local_queue(bool) [clone .part.0] [clone .constprop.1]+0x6f
V  [libjvm.so+0x7de554]  G1CMTask::do_marking_step(double, bool, bool)+0x814
V  [libjvm.so+0x7e3094]  G1CMConcurrentMarkingTask::work(unsigned int)+0xc4
V  [libjvm.so+0x1050b50]  WorkerThread::run()+0x80
V  [libjvm.so+0xf96697]  Thread::call_run()+0xa7
V  [libjvm.so+0xd0c7c5]  thread_native_entry(Thread*)+0xd5
C  [libc.so.6+0x9cb84]

siginfo: si_signo: 11 (SIGSEGV), si_code: 2 (SEGV_ACCERR), si_addr: 0x0000782c6a736476

Registers:
RAX=0x0000782cb4cd2ea0, RBX=0x0000000000000001, RCX=0x0000000000000000, RDX=0x0000782cb4cd4708
RSP=0x0000782cb16f7bc0, RBP=0x0000782cb16f7c20, RSI=0x4800048000480002, RDI=0x0000782c6a73646e
R8 =0x0000782cac077fa0, R9 =0x0000782cb4d15694, R10=0x0000782cb16f7d00, R11=0x0000000000000001
R12=0x0000000085f25568, R13=0x0000000085725580, R14=0x0000782cac08f1f0, R15=0x0000000085f2557c
RIP=0x0000782cb3fa668c, EFLAGS=0x0000000000010202, CSGSFS=0x002b000000000033, ERR=0x0000000000000004
  TRAPNO=0x000000000000000e

XMM[0]=0x0000000000000000 0x3ff0000000000000
XMM[1]=0x0000000000000000 0x0000000000000000
XMM[2]=0x0000000000000000 0x3ff9af05ec4bced6
XMM[3]=0x0000000000000000 0x40232122056a0abd
XMM[4]=0x0000000000000000 0x3fe0000000000000
XMM[5]=0x409cd0da11a975b2 0x406aa7be76c8b43b
XMM[6]=0x0000782cb50f2c17 0x0000782cb16f7e60
XMM[7]=0x0000000000000000 0x0000782cac08f1f0
XMM[8]=0xcafebabecafebabe 0xcafebabecafebabe
XMM[9]=0x0020202020202020 0x2000202020202020
XMM[10]=0x3f3f3f3f3f3f3f3f 0x3f3f3f3f3f3f3f3f
XMM[11]=0x9999999999999999 0x9999999999999999
XMM[12]=0x2020202020202020 0x2020202020202020
XMM[13]=0x0000000000ff00fb 0x0000000000fe00fa
XMM[14]=0x0000000000000000 0x0000000000000000
XMM[15]=0xcafebabecafebabe 0xcafebabecafebabe
  MXCSR=0x00001fa2


Register to memory mapping:

RAX=0x0000782cb4cd2ea0: <offset 0x00000000014d2ea0> in /usr/lib/jvm/java-21-openjdk-amd64/lib/server/libjvm.so at 0x0000782cb3800000
RBX=0x0000000000000001 is an unknown value
RCX=0x0 is null
RDX=0x0000782cb4cd4708: <offset 0x00000000014d4708> in /usr/lib/jvm/java-21-openjdk-amd64/lib/server/libjvm.so at 0x0000782cb3800000
RSP=0x0000782cb16f7bc0 points into unknown readable memory: 0x0000000000000003 | 03 00 00 00 00 00 00 00
RBP=0x0000782cb16f7c20 points into unknown readable memory: 0x0000782cb16f7c60 | 60 7c 6f b1 2c 78 00 00
RSI=0x4800048000480002 is an unknown value
RDI=0x0000782c6a73646e is an unknown value
R8 =0x0000782cac077fa0 points into unknown readable memory: 0x0000782cac088ad0 | d0 8a 08 ac 2c 78 00 00
R9 =0x0000782cb4d15694: <offset 0x0000000001515694> in /usr/lib/jvm/java-21-openjdk-amd64/lib/server/libjvm.so at 0x0000782cb3800000
R10=0x0000782cb16f7d00 points into unknown readable memory: 0x0000782cb4c07a58 | 58 7a c0 b4 2c 78 00 00
R11=0x0000000000000001 is an unknown value
R12=0x0000000085f25568 is pointing into object: java.util.TreeMap$Entry 
{0x0000000085f25558} - klass: 'java/util/TreeMap$Entry'
 - ---- fields (total size 5 words):
 - 'color' 'Z' @12  true (0x01)
 - 'key' 'Ljava/lang/Object;' @16  "org/jetbrains/kotlin/com/intellij/psi/util/PsiTreeUtilKt$walkUpToCommonParent$1"{0x0000000085f25580} (0x85f25580)
 - 'value' 'Ljava/lang/Object;' @20  a 'com/google/common/collect/RegularImmutableSortedSet'{0x0000000085f255f8} (0x85f255f8)
 - 'left' 'Ljava/util/TreeMap$Entry;' @24  a 'java/util/TreeMap$Entry'{0x0000000085f25680} (0x85f25680)
 - 'right' 'Ljava/util/TreeMap$Entry;' @28  a 'java/util/TreeMap$Entry'{0x0000000085f25808} (0x85f25808)
 - 'parent' 'Ljava/util/TreeMap$Entry;' @32  a 'java/util/TreeMap$Entry'{0x0000000085f24fb8} (0x85f24fb8)
R13=0x0000000085725580 is pointing into object: [B 
{0x0000000085725550} - klass: {type array byte}
 - length: 77
R14=0x0000782cac08f1f0 points into unknown readable memory: 0x0000782cb4c07d48 | 48 7d c0 b4 2c 78 00 00
R15=0x0000000085f2557c is pointing into object: java.util.TreeMap$Entry 
{0x0000000085f25558} - klass: 'java/util/TreeMap$Entry'
 - ---- fields (total size 5 words):
 - 'color' 'Z' @12  true (0x01)
 - 'key' 'Ljava/lang/Object;' @16  "org/jetbrains/kotlin/com/intellij/psi/util/PsiTreeUtilKt$walkUpToCommonParent$1"{0x0000000085f25580} (0x85f25580)
 - 'value' 'Ljava/lang/Object;' @20  a 'com/google/common/collect/RegularImmutableSortedSet'{0x0000000085f255f8} (0x85f255f8)
 - 'left' 'Ljava/util/TreeMap$Entry;' @24  a 'java/util/TreeMap$Entry'{0x0000000085f25680} (0x85f25680)
 - 'right' 'Ljava/util/TreeMap$Entry;' @28  a 'java/util/TreeMap$Entry'{0x0000000085f25808} (0x85f25808)
 - 'parent' 'Ljava/util/TreeMap$Entry;' @32  a 'java/util/TreeMap$Entry'{0x0000000085f24fb8} (0x85f24fb8)

Top of Stack: (sp=0x0000782cb16f7bc0)
0x0000782cb16f7bc0:   0000000000000003 0000782cb16f7d00   .........}o.,x..
0x0000782cb16f7bd0:   000000000000000c 0000782c3b2fdcc0   ........../;,x..
0x0000782cb16f7be0:   0000000085f25558 0000782c3b2fdcb8   XU......../;,x..
0x0000782cb16f7bf0:   000000000000009c 0000782cac08f1f0   ............,x..
0x0000782cb16f7c00:   0000000085f25558 0000000000000005   XU..............
0x0000782cb16f7c10:   0000782cb16f7d00 0000782c3b2fda78   .}o.,x..x./;,x..
0x0000782cb16f7c20:   0000782cb16f7c60 0000782cb3fe1b76   `|o.,x..v...,x..
0x0000782cb16f7c30:   0000782cb16f7c50 0000000000000040   P|o.,x..@.......
0x0000782cb16f7c40:   0000782cb16f7c78 0000782cac08f1f0   x|o.,x......,x..
0x0000782cb16f7c50:   0000782cac08f328 0000782cb4cd3f38   (...,x..8?..,x..
0x0000782cb16f7c60:   0000782cb16f7ca0 0000782cb3fdc79f   .|o.,x......,x..
0x0000782cb16f7c70:   0000782cac02fa20 0000000085f25558    ...,x..XU......
0x0000782cb16f7c80:   0000782cb4c07a58 0000782cb4c07a58   Xz..,x..Xz..,x..
0x0000782cb16f7c90:   000000000000000a 0000000000000000   ................
0x0000782cb16f7ca0:   0000782cb16f7d60 0000782cb3fde554   `}o.,x..T...,x..
0x0000782cb16f7cb0:   0000782c00000000 0100782c00000001   ....,x......,x..
0x0000782cb16f7cc0:   0000782cac08f328 0000782cac08f1f0   (...,x......,x..
0x0000782cb16f7cd0:   3fe0000000000000 0000782cac08f1f0   .......?....,x..
0x0000782cb16f7ce0:   0000000000000000 0000000000000bbc   ................
0x0000782cb16f7cf0:   0000782cac077fa0 0000782cac08f1f0   ....,x......,x..
0x0000782cb16f7d00:   0000782cb4c07a58 0000782cac2af660   Xz..,x..`.*.,x..
0x0000782cb16f7d10:   0000000000000003 0000782cac02fa20   ........ ...,x..
0x0000782cb16f7d20:   0000782cac08f1f0 0000782cac089ab0   ....,x......,x..
0x0000782cb16f7d30:   0000782cb16f7d40 0000782cac08f1f0   @}o.,x......,x..
0x0000782cb16f7d40:   0000782cb17f8b70 0000782cb4d3cea8   p...,x......,x..
0x0000782cb16f7d50:   0000782cac089e60 0000782cb4cd3f38   `...,x..8?..,x..
0x0000782cb16f7d60:   0000782cb16f7de0 0000782cb3fe3094   .}o.,x...0..,x..
0x0000782cb16f7d70:   0000782cac089ea0 0000782cac089eb0   ....,x......,x..
0x0000782cb16f7d80:   00000000000003d8 0000782cac08a288   ............,x..
0x0000782cb16f7d90:   00000001ac077fa0 0000782cac089eb0   ............,x..
0x0000782cb16f7da0:   0000782cac089ea0 3fda9a49c2c1b110   ....,x......I..?
0x0000782cb16f7db0:   0000782cb16f7dfc 0000782cac089a28   .}o.,x..(...,x..

Instructions: (pc=0x0000782cb3fa668c)
0x0000782cb3fa658c:   00 00 00 4d 8b 46 20 4c 8d 0d fa f0 d6 00 45 8b
0x0000782cb3fa659c:   5e 10 49 8b 70 08 8b 8e 20 02 00 00 48 8b 86 18
0x0000782cb3fa65ac:   02 00 00 48 d3 e0 48 89 c1 4c 89 e8 48 29 c8 41
0x0000782cb3fa65bc:   8b 09 48 d3 e8 48 8b 8e 00 02 00 00 89 c0 48 8b
0x0000782cb3fa65cc:   04 c1 48 8b 40 60 49 39 c5 73 59 4c 89 e9 49 2b
0x0000782cb3fa65dc:   48 18 48 89 df 48 89 c8 41 8b 48 28 48 c1 e8 03
0x0000782cb3fa65ec:   48 d3 e8 48 89 c1 48 89 c6 49 8b 40 30 48 c1 ee
0x0000782cb3fa65fc:   06 48 d3 e7 48 8d 14 f0 48 8b 32 eb 17 0f 1f 80
0x0000782cb3fa660c:   00 00 00 00 48 89 f0 f0 48 0f b1 0a 48 39 c6 74
0x0000782cb3fa661c:   4b 48 89 c6 48 89 f9 48 09 f1 48 39 ce 75 e5 0f
0x0000782cb3fa662c:   1f 44 00 00 49 83 c4 04 4d 39 fc 0f 82 23 ff ff
0x0000782cb3fa663c:   ff 4c 8b 7d c8 4d 89 d4 48 8b 45 b8 49 83 c7 08
0x0000782cb3fa664c:   49 39 c7 0f 82 e3 fe ff ff 48 83 c4 38 5b 41 5c
0x0000782cb3fa665c:   41 5d 41 5e 41 5f 5d c3 0f 1f 40 00 48 8d 15 99
0x0000782cb3fa666c:   e0 d2 00 80 3a 00 0f 84 30 02 00 00 48 8d 05 21
0x0000782cb3fa667c:   c8 d2 00 41 8b 7d 08 8b 48 08 48 d3 e7 48 03 38
0x0000782cb3fa668c:   8b 4f 08 85 c9 0f 8e 7b 02 00 00 f6 c1 01 74 1a
0x0000782cb3fa669c:   48 8b 07 48 8d 35 8a 11 b4 ff 48 8b 80 00 01 00
0x0000782cb3fa66ac:   00 48 39 f0 0f 85 a0 02 00 00 89 ce c1 fe 03 48
0x0000782cb3fa66bc:   63 f6 49 8b 80 b8 02 00 00 4d 89 e8 4a 8b 3c d8
0x0000782cb3fa66cc:   48 8b 47 18 8b 88 20 02 00 00 48 8b 80 18 02 00
0x0000782cb3fa66dc:   00 48 d3 e0 41 8b 09 49 29 c0 49 d3 e8 44 89 c0
0x0000782cb3fa66ec:   23 47 60 4c 89 c1 48 c1 e0 04 48 03 47 40 44 8b
0x0000782cb3fa66fc:   00 44 39 c1 0f 84 92 01 00 00 4c 8b 48 08 4d 85
0x0000782cb3fa670c:   c9 74 0d 4c 8b 5f 38 4f 8d 04 c3 f0 4d 0f c1 08
0x0000782cb3fa671c:   48 c7 40 08 00 00 00 00 89 08 48 83 47 58 01 48
0x0000782cb3fa672c:   01 70 08 49 8b 46 20 48 8b 88 a0 02 00 00 49 8b
0x0000782cb3fa673c:   86 90 00 00 00 48 85 c0 74 12 49 39 c5 72 16 4d
0x0000782cb3fa674c:   3b ae 98 00 00 00 0f 82 d8 fe ff ff 49 39 cd 0f
0x0000782cb3fa675c:   83 cf fe ff ff 80 3a 00 0f 84 ee 00 00 00 48 8d
0x0000782cb3fa676c:   35 2f c7 d2 00 41 8b 45 08 8b 4e 08 48 d3 e0 48
0x0000782cb3fa677c:   03 06 83 78 0c 05 75 4c 49 8b 86 a8 00 00 00 49


Stack slot to memory mapping:

stack at sp + 0 slots: 0x0000000000000003 is an unknown value
stack at sp + 1 slots: 0x0000782cb16f7d00 points into unknown readable memory: 0x0000782cb4c07a58 | 58 7a c0 b4 2c 78 00 00
stack at sp + 2 slots: 0x000000000000000c is an unknown value
stack at sp + 3 slots: {method} {0x0000782c3b2fdcc0} 'equals' '(Ljava/lang/Object;)Z' in 'java/util/TreeMap$Entry'
stack at sp + 4 slots: 0x0000000085f25558 is an oop: java.util.TreeMap$Entry 
{0x0000000085f25558} - klass: 'java/util/TreeMap$Entry'
 - ---- fields (total size 5 words):
 - 'color' 'Z' @12  true (0x01)
 - 'key' 'Ljava/lang/Object;' @16  "org/jetbrains/kotlin/com/intellij/psi/util/PsiTreeUtilKt$walkUpToCommonParent$1"{0x0000000085f25580} (0x85f25580)
 - 'value' 'Ljava/lang/Object;' @20  a 'com/google/common/collect/RegularImmutableSortedSet'{0x0000000085f255f8} (0x85f255f8)
 - 'left' 'Ljava/util/TreeMap$Entry;' @24  a 'java/util/TreeMap$Entry'{0x0000000085f25680} (0x85f25680)
 - 'right' 'Ljava/util/TreeMap$Entry;' @28  a 'java/util/TreeMap$Entry'{0x0000000085f25808} (0x85f25808)
 - 'parent' 'Ljava/util/TreeMap$Entry;' @32  a 'java/util/TreeMap$Entry'{0x0000000085f24fb8} (0x85f24fb8)
stack at sp + 5 slots: 0x0000782c3b2fdcb8 is pointing into metadata
stack at sp + 6 slots: 0x000000000000009c is an unknown value
stack at sp + 7 slots: 0x0000782cac08f1f0 points into unknown readable memory: 0x0000782cb4c07d48 | 48 7d c0 b4 2c 78 00 00


---------------  P R O C E S S  ---------------

Threads class SMR info:
_java_thread_list=0x0000782c103de880, length=188, elements={
0x0000782cac01cc90, 0x0000782cac2bb5a0, 0x0000782cac2bcb20, 0x0000782cac2be2d0,
0x0000782cac2bf920, 0x0000782cac2c0ed0, 0x0000782cac2c2aa0, 0x0000782cac2c4170,
0x0000782cac311ae0, 0x0000782cac36e950, 0x0000782cad4ee570, 0x0000782cad588290,
0x0000782cad5b7310, 0x0000782bb00166a0, 0x0000782ba8001430, 0x0000782ba80076f0,
0x0000782ba800d430, 0x0000782ba4003cc0, 0x0000782ba400c0d0, 0x0000782ba40197c0,
0x0000782ba42186f0, 0x0000782ba421df40, 0x0000782ba422d340, 0x0000782ba4ce1850,
0x0000782ba4ce9750, 0x0000782ba4dff510, 0x0000782ba4e04190, 0x0000782ba4f26300,
0x0000782ba4f49c10, 0x0000782ba5038a80, 0x0000782ba5077a60, 0x0000782ba55d7800,
0x0000782ba5718de0, 0x0000782ba7ca8830, 0x0000782b2c22a950, 0x0000782b2c22b510,
0x0000782b2c22c1d0, 0x0000782b2c22cd30, 0x0000782b2c22dfd0, 0x0000782b2c22f170,
0x0000782b2c230490, 0x0000782b2c231630, 0x0000782b2c2327d0, 0x0000782b2c233d90,
0x0000782b2c2350d0, 0x0000782b2c236420, 0x0000782b2c237770, 0x0000782b2c238ad0,
0x0000782b2c239e30, 0x0000782b2c23ae10, 0x0000782b2c23bfc0, 0x0000782b2c23d340,
0x0000782b2c23e6c0, 0x0000782b2c229e60, 0x0000782b2c2274a0, 0x0000782b2c242890,
0x0000782b2c243840, 0x0000782b2c2448a0, 0x0000782b2c245c00, 0x0000782b2c246f00,
0x0000782b2c247fe0, 0x0000782b2c2492f0, 0x0000782b2c24a3d0, 0x0000782b2c24e380,
0x0000782b2c24f7b0, 0x0000782b2c250950, 0x0000782b2c2519c0, 0x0000782b2c252d60,
0x0000782b2c254470, 0x0000782b2c2558b0, 0x0000782b2c256c70, 0x0000782ba7b37a20,
0x0000782ba7b38130, 0x0000782ba7b39780, 0x0000782ba7b3aad0, 0x0000782ba7b3bc50,
0x0000782ba7b3c360, 0x0000782b2c2287d0, 0x0000782ba7b3e5c0, 0x0000782b2c23fe80,
0x0000782b2c240a20, 0x0000782ba4798eb0, 0x0000782ba4799a80, 0x0000782ba7b3d290,
0x0000782ba4796a90, 0x0000782ba4797940, 0x0000782ba718e980, 0x0000782ba718f810,
0x0000782ba7195480, 0x0000782ba7195bc0, 0x0000782ba479c920, 0x0000782ba479dbf0,
0x0000782ba7191500, 0x0000782ba71928d0, 0x0000782ba4852e30, 0x0000782ba4854570,
0x0000782ba4855690, 0x0000782ba4856b60, 0x0000782ba7194860, 0x0000782ba4858b20,
0x0000782ba479bbc0, 0x0000782ba456d190, 0x0000782ba456e5a0, 0x0000782ba456f740,
0x0000782ba4570c50, 0x0000782ba53e4550, 0x0000782ba53e57c0, 0x0000782ba53e67f0,
0x0000782ba53ea850, 0x0000782ba53eb9d0, 0x0000782ba53e8280, 0x0000782ba7ace730,
0x0000782ba7acf300, 0x0000782ba7ad0a20, 0x0000782ba7ad1a50, 0x0000782ba7193390,
0x0000782ba7193c40, 0x0000782ba456ae30, 0x0000782ba456bfd0, 0x0000782ba7b2fd70,
0x0000782ba7b30f10, 0x0000782ba7b359e0, 0x0000782ba7ad47a0, 0x0000782ba7ad5890,
0x0000782ba4447aa0, 0x0000782ba4448f50, 0x0000782ba444a510, 0x0000782ba444b810,
0x0000782ba444c880, 0x0000782ba444db90, 0x0000782ba444eca0, 0x0000782ba48cd6e0,
0x0000782ba48ce7f0, 0x0000782ba48cf940, 0x0000782ba48d0c50, 0x0000782ba48d1cd0,
0x0000782ba48d3010, 0x0000782ba48d4030, 0x0000782ba71791e0, 0x0000782ba717a230,
0x0000782c14439720, 0x0000782c0c0c8b50, 0x0000782ba4864bb0, 0x0000782ba7168c80,
0x0000782ba716b7a0, 0x0000782ba71a7d10, 0x0000782ba71a8420, 0x0000782ba71a8b30,
0x0000782ba71b4760, 0x0000782ba71b5860, 0x0000782ba71b6c00, 0x0000782ba7a98300,
0x0000782ba7a99400, 0x0000782ba7a9a320, 0x0000782ba7a9b790, 0x0000782ba7167950,
0x0000782ba71aa650, 0x0000782ba71ab970, 0x0000782ba7aa4fb0, 0x0000782ba7aa60d0,
0x0000782ba7aa6d60, 0x0000782bb83f09a0, 0x0000782ba7aad0a0, 0x0000782ba6c47b80,
0x0000782ba6c487c0, 0x0000782ba6c49410, 0x0000782ba6c4a060, 0x0000782ba6c4acc0,
0x0000782ba6c4b920, 0x0000782ba6c4c590, 0x0000782ba6c4d200, 0x0000782ba6c4de80,
0x0000782ba6c4ef80, 0x0000782ba6c50090, 0x0000782ba6c51180, 0x0000782ba6c522d0,
0x0000782ba6c53420, 0x0000782ba6c54650, 0x0000782ba6c55780, 0x0000782ba6c568c0,
0x0000782ba6c57a00, 0x0000782a4405bcf0, 0x0000782a4405dd40, 0x0000782a4405f500,
0x0000782a940019d0, 0x0000782a940031f0, 0x0000782a94004a60, 0x0000782c10692140
}

Java Threads: ( => current thread )
  0x0000782cac01cc90 JavaThread "main"                              [_thread_blocked, id=295985, stack(0x0000782cb3300000,0x0000782cb3400000) (1024K)]
  0x0000782cac2bb5a0 JavaThread "Reference Handler"          daemon [_thread_blocked, id=295993, stack(0x0000782cb0164000,0x0000782cb0264000) (1024K)]
  0x0000782cac2bcb20 JavaThread "Finalizer"                  daemon [_thread_blocked, id=295994, stack(0x0000782cb0064000,0x0000782cb0164000) (1024K)]
  0x0000782cac2be2d0 JavaThread "Signal Dispatcher"          daemon [_thread_blocked, id=295995, stack(0x0000782cabf00000,0x0000782cac000000) (1024K)]
  0x0000782cac2bf920 JavaThread "Service Thread"             daemon [_thread_blocked, id=295996, stack(0x0000782c90700000,0x0000782c90800000) (1024K)]
  0x0000782cac2c0ed0 JavaThread "Monitor Deflation Thread"   daemon [_thread_blocked, id=295997, stack(0x0000782c90600000,0x0000782c90700000) (1024K)]
  0x0000782cac2c2aa0 JavaThread "C2 CompilerThread0"         daemon [_thread_in_native, id=295998, stack(0x0000782c90500000,0x0000782c90600000) (1024K)]
  0x0000782cac2c4170 JavaThread "C1 CompilerThread0"         daemon [_thread_blocked, id=295999, stack(0x0000782c90400000,0x0000782c90500000) (1024K)]
  0x0000782cac311ae0 JavaThread "Common-Cleaner"             daemon [_thread_blocked, id=296003, stack(0x0000782c3a700000,0x0000782c3a800000) (1024K)]
  0x0000782cac36e950 JavaThread "Notification Thread"        daemon [_thread_blocked, id=296004, stack(0x0000782c3a600000,0x0000782c3a700000) (1024K)]
  0x0000782cad4ee570 JavaThread "Daemon health stats"               [_thread_blocked, id=296027, stack(0x0000782c39200000,0x0000782c39300000) (1024K)]
  0x0000782cad588290 JavaThread "Incoming local TCP Connector on port 36703"        [_thread_in_native, id=296028, stack(0x0000782c39100000,0x0000782c39200000) (1024K)]
  0x0000782cad5b7310 JavaThread "Daemon periodic checks"            [_thread_blocked, id=296029, stack(0x0000782c39000000,0x0000782c39100000) (1024K)]
  0x0000782bb00166a0 JavaThread "Daemon"                            [_thread_blocked, id=296030, stack(0x0000782c38f00000,0x0000782c39000000) (1024K)]
  0x0000782ba8001430 JavaThread "Handler for socket connection from /127.0.0.1:36703 to /127.0.0.1:47764"        [_thread_in_native, id=296031, stack(0x0000782c38e00000,0x0000782c38f00000) (1024K)]
  0x0000782ba80076f0 JavaThread "Cancel handler"                    [_thread_blocked, id=296032, stack(0x0000782c38d00000,0x0000782c38e00000) (1024K)]
  0x0000782ba800d430 JavaThread "Daemon worker"                     [_thread_blocked, id=296033, stack(0x0000782c38c00000,0x0000782c38d00000) (1024K)]
  0x0000782ba4003cc0 JavaThread "Asynchronous log dispatcher for DefaultDaemonConnection: socket connection from /127.0.0.1:36703 to /127.0.0.1:47764"        [_thread_blocked, id=296034, stack(0x0000782c38b00000,0x0000782c38c00000) (1024K)]
  0x0000782ba400c0d0 JavaThread "Stdin handler"                     [_thread_blocked, id=296035, stack(0x0000782c38a00000,0x0000782c38b00000) (1024K)]
  0x0000782ba40197c0 JavaThread "Daemon client event forwarder"        [_thread_blocked, id=296036, stack(0x0000782c38900000,0x0000782c38a00000) (1024K)]
  0x0000782ba42186f0 JavaThread "Cache worker for journal cache (/home/oppa-ai/.gradle/caches/journal-1)"        [_thread_blocked, id=296040, stack(0x0000782c384fd000,0x0000782c385fd000) (1024K)]
  0x0000782ba421df40 JavaThread "File lock request listener"        [_thread_in_native, id=296041, stack(0x0000782c383fd000,0x0000782c384fd000) (1024K)]
  0x0000782ba422d340 JavaThread "Cache worker for file hash cache (/home/oppa-ai/.gradle/caches/9.3.0/fileHashes)"        [_thread_blocked, id=296042, stack(0x0000782c382fd000,0x0000782c383fd000) (1024K)]
  0x0000782ba4ce1850 JavaThread "Cache worker for file hash cache (/home/oppa-ai/jetson/Aiko-Lingo/.gradle/9.3.0/fileHashes)"        [_thread_blocked, id=296046, stack(0x0000782b77dff000,0x0000782b77eff000) (1024K)]
  0x0000782ba4ce9750 JavaThread "Cache worker for Build Output Cleanup Cache (/home/oppa-ai/jetson/Aiko-Lingo/.gradle/buildOutputCleanup)"        [_thread_blocked, id=296047, stack(0x0000782b77cff000,0x0000782b77dff000) (1024K)]
  0x0000782ba4dff510 JavaThread "File watcher server"        daemon [_thread_in_native, id=296048, stack(0x0000782b77bff000,0x0000782b77cff000) (1024K)]
  0x0000782ba4e04190 JavaThread "File watcher consumer"      daemon [_thread_blocked, id=296049, stack(0x0000782b77aff000,0x0000782b77bff000) (1024K)]
  0x0000782ba4f26300 JavaThread "Cache worker for checksums cache (/home/oppa-ai/jetson/Aiko-Lingo/.gradle/9.3.0/checksums)"        [_thread_blocked, id=296050, stack(0x0000782b779ff000,0x0000782b77aff000) (1024K)]
  0x0000782ba4f49c10 JavaThread "Cache worker for file content cache (/home/oppa-ai/.gradle/caches/9.3.0/fileContent)"        [_thread_blocked, id=296051, stack(0x0000782b778ff000,0x0000782b779ff000) (1024K)]
  0x0000782ba5038a80 JavaThread "Cache worker for cache directory md-supplier (/home/oppa-ai/.gradle/caches/9.3.0/md-supplier)"        [_thread_blocked, id=296052, stack(0x0000782b777ff000,0x0000782b778ff000) (1024K)]
  0x0000782ba5077a60 JavaThread "Cache worker for cache directory md-rule (/home/oppa-ai/.gradle/caches/9.3.0/md-rule)"        [_thread_blocked, id=296054, stack(0x0000782b776ff000,0x0000782b777ff000) (1024K)]
  0x0000782ba55d7800 JavaThread "jar transforms"                    [_thread_blocked, id=296071, stack(0x0000782b773ff000,0x0000782b774ff000) (1024K)]
  0x0000782ba5718de0 JavaThread "jar transforms Thread 2"           [_thread_blocked, id=296073, stack(0x0000782b772ff000,0x0000782b773ff000) (1024K)]
  0x0000782ba7ca8830 JavaThread "Kotlin DSL Writer"                 [_thread_blocked, id=297253, stack(0x0000782b774ff000,0x0000782b775ff000) (1024K)]
  0x0000782b2c22a950 JavaThread "Unconstrained build operations"        [_thread_blocked, id=297269, stack(0x0000782c3a300000,0x0000782c3a400000) (1024K)]
  0x0000782b2c22b510 JavaThread "Unconstrained build operations Thread 2"        [_thread_blocked, id=297270, stack(0x0000782c3a200000,0x0000782c3a300000) (1024K)]
  0x0000782b2c22c1d0 JavaThread "Unconstrained build operations Thread 3"        [_thread_blocked, id=297271, stack(0x0000782b775ff000,0x0000782b776ff000) (1024K)]
  0x0000782b2c22cd30 JavaThread "Unconstrained build operations Thread 4"        [_thread_blocked, id=297272, stack(0x0000782b771ff000,0x0000782b772ff000) (1024K)]
  0x0000782b2c22dfd0 JavaThread "Unconstrained build operations Thread 5"        [_thread_blocked, id=297273, stack(0x0000782b770ff000,0x0000782b771ff000) (1024K)]
  0x0000782b2c22f170 JavaThread "Unconstrained build operations Thread 6"        [_thread_blocked, id=297274, stack(0x0000782b76fff000,0x0000782b770ff000) (1024K)]
  0x0000782b2c230490 JavaThread "Unconstrained build operations Thread 7"        [_thread_blocked, id=297275, stack(0x0000782b76eff000,0x0000782b76fff000) (1024K)]
  0x0000782b2c231630 JavaThread "Unconstrained build operations Thread 8"        [_thread_blocked, id=297276, stack(0x0000782b76dff000,0x0000782b76eff000) (1024K)]
  0x0000782b2c2327d0 JavaThread "Unconstrained build operations Thread 9"        [_thread_blocked, id=297277, stack(0x0000782b76cff000,0x0000782b76dff000) (1024K)]
  0x0000782b2c233d90 JavaThread "Unconstrained build operations Thread 10"        [_thread_blocked, id=297278, stack(0x0000782b76bff000,0x0000782b76cff000) (1024K)]
  0x0000782b2c2350d0 JavaThread "Unconstrained build operations Thread 11"        [_thread_blocked, id=297279, stack(0x0000782b76aff000,0x0000782b76bff000) (1024K)]
  0x0000782b2c236420 JavaThread "Unconstrained build operations Thread 12"        [_thread_blocked, id=297280, stack(0x0000782b769ff000,0x0000782b76aff000) (1024K)]
  0x0000782b2c237770 JavaThread "Unconstrained build operations Thread 13"        [_thread_blocked, id=297281, stack(0x0000782b768ff000,0x0000782b769ff000) (1024K)]
  0x0000782b2c238ad0 JavaThread "Unconstrained build operations Thread 14"        [_thread_blocked, id=297282, stack(0x0000782b767ff000,0x0000782b768ff000) (1024K)]
  0x0000782b2c239e30 JavaThread "Unconstrained build operations Thread 15"        [_thread_blocked, id=297283, stack(0x0000782b766ff000,0x0000782b767ff000) (1024K)]
  0x0000782b2c23ae10 JavaThread "Unconstrained build operations Thread 16"        [_thread_blocked, id=297284, stack(0x0000782b765ff000,0x0000782b766ff000) (1024K)]
  0x0000782b2c23bfc0 JavaThread "Unconstrained build operations Thread 17"        [_thread_blocked, id=297285, stack(0x0000782b764ff000,0x0000782b765ff000) (1024K)]
  0x0000782b2c23d340 JavaThread "Unconstrained build operations Thread 18"        [_thread_blocked, id=297286, stack(0x0000782b763ff000,0x0000782b764ff000) (1024K)]
  0x0000782b2c23e6c0 JavaThread "Unconstrained build operations Thread 19"        [_thread_blocked, id=297287, stack(0x0000782b762ff000,0x0000782b763ff000) (1024K)]
  0x0000782b2c229e60 JavaThread "Unconstrained build operations Thread 20"        [_thread_blocked, id=297290, stack(0x0000782b760ff000,0x0000782b761ff000) (1024K)]
  0x0000782b2c2274a0 JavaThread "Unconstrained build operations Thread 21"        [_thread_blocked, id=297291, stack(0x0000782b75fff000,0x0000782b760ff000) (1024K)]
  0x0000782b2c242890 JavaThread "Unconstrained build operations Thread 22"        [_thread_blocked, id=297292, stack(0x0000782b75eff000,0x0000782b75fff000) (1024K)]
  0x0000782b2c243840 JavaThread "Unconstrained build operations Thread 23"        [_thread_blocked, id=297293, stack(0x0000782b75dff000,0x0000782b75eff000) (1024K)]
  0x0000782b2c2448a0 JavaThread "Unconstrained build operations Thread 24"        [_thread_blocked, id=297294, stack(0x0000782b75cff000,0x0000782b75dff000) (1024K)]
  0x0000782b2c245c00 JavaThread "Unconstrained build operations Thread 25"        [_thread_blocked, id=297295, stack(0x0000782b75bff000,0x0000782b75cff000) (1024K)]
  0x0000782b2c246f00 JavaThread "Unconstrained build operations Thread 26"        [_thread_blocked, id=297296, stack(0x0000782b75aff000,0x0000782b75bff000) (1024K)]
  0x0000782b2c247fe0 JavaThread "Unconstrained build operations Thread 27"        [_thread_blocked, id=297297, stack(0x0000782b759ff000,0x0000782b75aff000) (1024K)]
  0x0000782b2c2492f0 JavaThread "Unconstrained build operations Thread 28"        [_thread_blocked, id=297298, stack(0x0000782b758ff000,0x0000782b759ff000) (1024K)]
  0x0000782b2c24a3d0 JavaThread "Unconstrained build operations Thread 29"        [_thread_blocked, id=297299, stack(0x0000782b757ff000,0x0000782b758ff000) (1024K)]
  0x0000782b2c24e380 JavaThread "Unconstrained build operations Thread 30"        [_thread_blocked, id=297300, stack(0x0000782b756ff000,0x0000782b757ff000) (1024K)]
  0x0000782b2c24f7b0 JavaThread "Unconstrained build operations Thread 31"        [_thread_blocked, id=297301, stack(0x0000782b755ff000,0x0000782b756ff000) (1024K)]
  0x0000782b2c250950 JavaThread "Unconstrained build operations Thread 32"        [_thread_blocked, id=297302, stack(0x0000782b754ff000,0x0000782b755ff000) (1024K)]
  0x0000782b2c2519c0 JavaThread "Unconstrained build operations Thread 33"        [_thread_blocked, id=297303, stack(0x0000782b753ff000,0x0000782b754ff000) (1024K)]
  0x0000782b2c252d60 JavaThread "Unconstrained build operations Thread 34"        [_thread_blocked, id=297304, stack(0x0000782b752ff000,0x0000782b753ff000) (1024K)]
  0x0000782b2c254470 JavaThread "Unconstrained build operations Thread 35"        [_thread_blocked, id=297305, stack(0x0000782b751ff000,0x0000782b752ff000) (1024K)]
  0x0000782b2c2558b0 JavaThread "Unconstrained build operations Thread 36"        [_thread_blocked, id=297306, stack(0x0000782b750ff000,0x0000782b751ff000) (1024K)]
  0x0000782b2c256c70 JavaThread "Unconstrained build operations Thread 37"        [_thread_blocked, id=297307, stack(0x0000782b74fff000,0x0000782b750ff000) (1024K)]
  0x0000782ba7b37a20 JavaThread "Unconstrained build operations Thread 38"        [_thread_blocked, id=297308, stack(0x0000782b761ff000,0x0000782b762ff000) (1024K)]
  0x0000782ba7b38130 JavaThread "Unconstrained build operations Thread 39"        [_thread_blocked, id=297309, stack(0x0000782b74eff000,0x0000782b74fff000) (1024K)]
  0x0000782ba7b39780 JavaThread "Unconstrained build operations Thread 40"        [_thread_blocked, id=297310, stack(0x0000782b74dff000,0x0000782b74eff000) (1024K)]
  0x0000782ba7b3aad0 JavaThread "Unconstrained build operations Thread 41"        [_thread_blocked, id=297311, stack(0x0000782b74cff000,0x0000782b74dff000) (1024K)]
  0x0000782ba7b3bc50 JavaThread "Unconstrained build operations Thread 42"        [_thread_blocked, id=297312, stack(0x0000782c9002f000,0x0000782c9012f000) (1024K)]
  0x0000782ba7b3c360 JavaThread "Unconstrained build operations Thread 43"        [_thread_blocked, id=297313, stack(0x0000782c3a400000,0x0000782c3a500000) (1024K)]
  0x0000782b2c2287d0 JavaThread "Unconstrained build operations Thread 44"        [_thread_blocked, id=297329, stack(0x0000782c3a500000,0x0000782c3a600000) (1024K)]
  0x0000782ba7b3e5c0 JavaThread "Unconstrained build operations Thread 45"        [_thread_blocked, id=297330, stack(0x0000782b74bff000,0x0000782b74cff000) (1024K)]
  0x0000782b2c23fe80 JavaThread "Unconstrained build operations Thread 46"        [_thread_blocked, id=297331, stack(0x0000782b74aff000,0x0000782b74bff000) (1024K)]
  0x0000782b2c240a20 JavaThread "Unconstrained build operations Thread 47"        [_thread_blocked, id=297332, stack(0x0000782b749ff000,0x0000782b74aff000) (1024K)]
  0x0000782ba4798eb0 JavaThread "Unconstrained build operations Thread 48"        [_thread_blocked, id=297333, stack(0x0000782b748ff000,0x0000782b749ff000) (1024K)]
  0x0000782ba4799a80 JavaThread "Unconstrained build operations Thread 49"        [_thread_blocked, id=297334, stack(0x0000782b747ff000,0x0000782b748ff000) (1024K)]
  0x0000782ba7b3d290 JavaThread "Unconstrained build operations Thread 50"        [_thread_blocked, id=297336, stack(0x0000782b745ff000,0x0000782b746ff000) (1024K)]
  0x0000782ba4796a90 JavaThread "Unconstrained build operations Thread 51"        [_thread_blocked, id=297337, stack(0x0000782b744ff000,0x0000782b745ff000) (1024K)]
  0x0000782ba4797940 JavaThread "Unconstrained build operations Thread 52"        [_thread_blocked, id=297338, stack(0x0000782b743ff000,0x0000782b744ff000) (1024K)]
  0x0000782ba718e980 JavaThread "Unconstrained build operations Thread 53"        [_thread_blocked, id=297339, stack(0x0000782b742ff000,0x0000782b743ff000) (1024K)]
  0x0000782ba718f810 JavaThread "Unconstrained build operations Thread 54"        [_thread_blocked, id=297340, stack(0x0000782b741ff000,0x0000782b742ff000) (1024K)]
  0x0000782ba7195480 JavaThread "Unconstrained build operations Thread 55"        [_thread_blocked, id=297342, stack(0x0000782b746ff000,0x0000782b747ff000) (1024K)]
  0x0000782ba7195bc0 JavaThread "Unconstrained build operations Thread 56"        [_thread_blocked, id=297343, stack(0x0000782b740ff000,0x0000782b741ff000) (1024K)]
  0x0000782ba479c920 JavaThread "Unconstrained build operations Thread 57"        [_thread_blocked, id=297344, stack(0x0000782b3bf00000,0x0000782b3c000000) (1024K)]
  0x0000782ba479dbf0 JavaThread "Unconstrained build operations Thread 58"        [_thread_blocked, id=297345, stack(0x0000782b33700000,0x0000782b33800000) (1024K)]
  0x0000782ba7191500 JavaThread "Unconstrained build operations Thread 59"        [_thread_blocked, id=297346, stack(0x0000782b33600000,0x0000782b33700000) (1024K)]
  0x0000782ba71928d0 JavaThread "Unconstrained build operations Thread 60"        [_thread_blocked, id=297347, stack(0x0000782b33500000,0x0000782b33600000) (1024K)]
  0x0000782ba4852e30 JavaThread "Unconstrained build operations Thread 61"        [_thread_blocked, id=297348, stack(0x0000782b33400000,0x0000782b33500000) (1024K)]
  0x0000782ba4854570 JavaThread "Unconstrained build operations Thread 62"        [_thread_blocked, id=297349, stack(0x0000782b33300000,0x0000782b33400000) (1024K)]
  0x0000782ba4855690 JavaThread "Unconstrained build operations Thread 63"        [_thread_blocked, id=297350, stack(0x0000782b33200000,0x0000782b33300000) (1024K)]
  0x0000782ba4856b60 JavaThread "Unconstrained build operations Thread 64"        [_thread_blocked, id=297351, stack(0x0000782b33100000,0x0000782b33200000) (1024K)]
  0x0000782ba7194860 JavaThread "Unconstrained build operations Thread 65"        [_thread_blocked, id=297353, stack(0x0000782b32f00000,0x0000782b33000000) (1024K)]
  0x0000782ba4858b20 JavaThread "Unconstrained build operations Thread 66"        [_thread_blocked, id=297354, stack(0x0000782b32e00000,0x0000782b32f00000) (1024K)]
  0x0000782ba479bbc0 JavaThread "Unconstrained build operations Thread 67"        [_thread_blocked, id=297355, stack(0x0000782b32d00000,0x0000782b32e00000) (1024K)]
  0x0000782ba456d190 JavaThread "Unconstrained build operations Thread 68"        [_thread_blocked, id=297356, stack(0x0000782b32c00000,0x0000782b32d00000) (1024K)]
  0x0000782ba456e5a0 JavaThread "Unconstrained build operations Thread 69"        [_thread_blocked, id=297357, stack(0x0000782b32b00000,0x0000782b32c00000) (1024K)]
  0x0000782ba456f740 JavaThread "Unconstrained build operations Thread 70"        [_thread_blocked, id=297358, stack(0x0000782b32a00000,0x0000782b32b00000) (1024K)]
  0x0000782ba4570c50 JavaThread "Unconstrained build operations Thread 71"        [_thread_blocked, id=297359, stack(0x0000782b32900000,0x0000782b32a00000) (1024K)]
  0x0000782ba53e4550 JavaThread "Unconstrained build operations Thread 72"        [_thread_blocked, id=297360, stack(0x0000782b32800000,0x0000782b32900000) (1024K)]
  0x0000782ba53e57c0 JavaThread "Unconstrained build operations Thread 73"        [_thread_blocked, id=297361, stack(0x0000782b32700000,0x0000782b32800000) (1024K)]
  0x0000782ba53e67f0 JavaThread "Unconstrained build operations Thread 74"        [_thread_blocked, id=297362, stack(0x0000782b32600000,0x0000782b32700000) (1024K)]
  0x0000782ba53ea850 JavaThread "Unconstrained build operations Thread 75"        [_thread_blocked, id=297363, stack(0x0000782b32500000,0x0000782b32600000) (1024K)]
  0x0000782ba53eb9d0 JavaThread "Unconstrained build operations Thread 76"        [_thread_blocked, id=297364, stack(0x0000782b32400000,0x0000782b32500000) (1024K)]
  0x0000782ba53e8280 JavaThread "Unconstrained build operations Thread 77"        [_thread_blocked, id=297365, stack(0x0000782b32300000,0x0000782b32400000) (1024K)]
  0x0000782ba7ace730 JavaThread "Unconstrained build operations Thread 78"        [_thread_blocked, id=297366, stack(0x0000782b32200000,0x0000782b32300000) (1024K)]
  0x0000782ba7acf300 JavaThread "Unconstrained build operations Thread 79"        [_thread_blocked, id=297367, stack(0x0000782b32100000,0x0000782b32200000) (1024K)]
  0x0000782ba7ad0a20 JavaThread "Unconstrained build operations Thread 80"        [_thread_blocked, id=297385, stack(0x0000782b32000000,0x0000782b32100000) (1024K)]
  0x0000782ba7ad1a50 JavaThread "Unconstrained build operations Thread 81"        [_thread_blocked, id=297386, stack(0x0000782b31f00000,0x0000782b32000000) (1024K)]
  0x0000782ba7193390 JavaThread "Unconstrained build operations Thread 82"        [_thread_blocked, id=297387, stack(0x0000782b33000000,0x0000782b33100000) (1024K)]
  0x0000782ba7193c40 JavaThread "Unconstrained build operations Thread 83"        [_thread_blocked, id=297388, stack(0x0000782b31e00000,0x0000782b31f00000) (1024K)]
  0x0000782ba456ae30 JavaThread "Unconstrained build operations Thread 84"        [_thread_blocked, id=297389, stack(0x0000782b31d00000,0x0000782b31e00000) (1024K)]
  0x0000782ba456bfd0 JavaThread "Unconstrained build operations Thread 85"        [_thread_blocked, id=297390, stack(0x0000782b31c00000,0x0000782b31d00000) (1024K)]
  0x0000782ba7b2fd70 JavaThread "Unconstrained build operations Thread 86"        [_thread_blocked, id=297391, stack(0x0000782b31b00000,0x0000782b31c00000) (1024K)]
  0x0000782ba7b30f10 JavaThread "Unconstrained build operations Thread 87"        [_thread_blocked, id=297392, stack(0x0000782b31a00000,0x0000782b31b00000) (1024K)]
  0x0000782ba7b359e0 JavaThread "Unconstrained build operations Thread 88"        [_thread_blocked, id=297394, stack(0x0000782b31800000,0x0000782b31900000) (1024K)]
  0x0000782ba7ad47a0 JavaThread "Unconstrained build operations Thread 89"        [_thread_blocked, id=297395, stack(0x0000782b31700000,0x0000782b31800000) (1024K)]
  0x0000782ba7ad5890 JavaThread "Unconstrained build operations Thread 90"        [_thread_blocked, id=297396, stack(0x0000782b31600000,0x0000782b31700000) (1024K)]
  0x0000782ba4447aa0 JavaThread "Unconstrained build operations Thread 91"        [_thread_blocked, id=297397, stack(0x0000782b31500000,0x0000782b31600000) (1024K)]
  0x0000782ba4448f50 JavaThread "Unconstrained build operations Thread 92"        [_thread_blocked, id=297398, stack(0x0000782b31400000,0x0000782b31500000) (1024K)]
  0x0000782ba444a510 JavaThread "Unconstrained build operations Thread 93"        [_thread_blocked, id=297399, stack(0x0000782b31300000,0x0000782b31400000) (1024K)]
  0x0000782ba444b810 JavaThread "Unconstrained build operations Thread 94"        [_thread_blocked, id=297400, stack(0x0000782b31200000,0x0000782b31300000) (1024K)]
  0x0000782ba444c880 JavaThread "Unconstrained build operations Thread 95"        [_thread_blocked, id=297401, stack(0x0000782b31100000,0x0000782b31200000) (1024K)]
  0x0000782ba444db90 JavaThread "Unconstrained build operations Thread 96"        [_thread_blocked, id=297402, stack(0x0000782b31000000,0x0000782b31100000) (1024K)]
  0x0000782ba444eca0 JavaThread "Unconstrained build operations Thread 97"        [_thread_blocked, id=297403, stack(0x0000782b30f00000,0x0000782b31000000) (1024K)]
  0x0000782ba48cd6e0 JavaThread "Unconstrained build operations Thread 98"        [_thread_blocked, id=297404, stack(0x0000782b30e00000,0x0000782b30f00000) (1024K)]
  0x0000782ba48ce7f0 JavaThread "Unconstrained build operations Thread 99"        [_thread_blocked, id=297405, stack(0x0000782b30d00000,0x0000782b30e00000) (1024K)]
  0x0000782ba48cf940 JavaThread "Unconstrained build operations Thread 100"        [_thread_blocked, id=297406, stack(0x0000782b30c00000,0x0000782b30d00000) (1024K)]
  0x0000782ba48d0c50 JavaThread "Unconstrained build operations Thread 101"        [_thread_blocked, id=297407, stack(0x0000782b30b00000,0x0000782b30c00000) (1024K)]
  0x0000782ba48d1cd0 JavaThread "Unconstrained build operations Thread 102"        [_thread_blocked, id=297408, stack(0x0000782b30a00000,0x0000782b30b00000) (1024K)]
  0x0000782ba48d3010 JavaThread "Unconstrained build operations Thread 103"        [_thread_blocked, id=297409, stack(0x0000782b30900000,0x0000782b30a00000) (1024K)]
  0x0000782ba48d4030 JavaThread "Unconstrained build operations Thread 104"        [_thread_blocked, id=297410, stack(0x0000782b30800000,0x0000782b30900000) (1024K)]
  0x0000782ba71791e0 JavaThread "Unconstrained build operations Thread 105"        [_thread_blocked, id=297411, stack(0x0000782b30700000,0x0000782b30800000) (1024K)]
  0x0000782ba717a230 JavaThread "Unconstrained build operations Thread 106"        [_thread_blocked, id=297412, stack(0x0000782b30600000,0x0000782b30700000) (1024K)]
  0x0000782c14439720 JavaThread "C1 CompilerThread1"         daemon [_thread_blocked, id=298448, stack(0x0000782c9012f000,0x0000782c9022f000) (1024K)]
  0x0000782c0c0c8b50 JavaThread "C1 CompilerThread2"         daemon [_thread_blocked, id=298449, stack(0x0000782c39300000,0x0000782c39400000) (1024K)]
  0x0000782ba4864bb0 JavaThread "Unconstrained build operations Thread 107"        [_thread_blocked, id=298450, stack(0x0000782b31900000,0x0000782b31a00000) (1024K)]
  0x0000782ba7168c80 JavaThread "Unconstrained build operations Thread 108"        [_thread_blocked, id=298451, stack(0x0000782b30500000,0x0000782b30600000) (1024K)]
  0x0000782ba716b7a0 JavaThread "Unconstrained build operations Thread 109"        [_thread_blocked, id=298452, stack(0x0000782b30400000,0x0000782b30500000) (1024K)]
  0x0000782ba71a7d10 JavaThread "Unconstrained build operations Thread 110"        [_thread_blocked, id=298453, stack(0x0000782b30300000,0x0000782b30400000) (1024K)]
  0x0000782ba71a8420 JavaThread "Unconstrained build operations Thread 111"        [_thread_blocked, id=298454, stack(0x0000782b30200000,0x0000782b30300000) (1024K)]
  0x0000782ba71a8b30 JavaThread "Unconstrained build operations Thread 112"        [_thread_blocked, id=298456, stack(0x0000782b30000000,0x0000782b30100000) (1024K)]
  0x0000782ba71b4760 JavaThread "Unconstrained build operations Thread 113"        [_thread_blocked, id=298457, stack(0x0000782b2bf00000,0x0000782b2c000000) (1024K)]
  0x0000782ba71b5860 JavaThread "Unconstrained build operations Thread 114"        [_thread_blocked, id=298459, stack(0x0000782b2bd00000,0x0000782b2be00000) (1024K)]
  0x0000782ba71b6c00 JavaThread "Unconstrained build operations Thread 115"        [_thread_blocked, id=298460, stack(0x0000782b2bc00000,0x0000782b2bd00000) (1024K)]
  0x0000782ba7a98300 JavaThread "Unconstrained build operations Thread 116"        [_thread_blocked, id=298461, stack(0x0000782b2bb00000,0x0000782b2bc00000) (1024K)]
  0x0000782ba7a99400 JavaThread "Unconstrained build operations Thread 117"        [_thread_blocked, id=298463, stack(0x0000782b2b900000,0x0000782b2ba00000) (1024K)]
  0x0000782ba7a9a320 JavaThread "Unconstrained build operations Thread 118"        [_thread_blocked, id=298464, stack(0x0000782b2b800000,0x0000782b2b900000) (1024K)]
  0x0000782ba7a9b790 JavaThread "Unconstrained build operations Thread 119"        [_thread_blocked, id=298466, stack(0x0000782b2b600000,0x0000782b2b700000) (1024K)]
  0x0000782ba7167950 JavaThread "Unconstrained build operations Thread 120"        [_thread_blocked, id=298467, stack(0x0000782b2b500000,0x0000782b2b600000) (1024K)]
  0x0000782ba71aa650 JavaThread "Unconstrained build operations Thread 121"        [_thread_blocked, id=298468, stack(0x0000782b2b400000,0x0000782b2b500000) (1024K)]
  0x0000782ba71ab970 JavaThread "Unconstrained build operations Thread 122"        [_thread_blocked, id=298469, stack(0x0000782b2b300000,0x0000782b2b400000) (1024K)]
  0x0000782ba7aa4fb0 JavaThread "Unconstrained build operations Thread 123"        [_thread_blocked, id=298470, stack(0x0000782b2b200000,0x0000782b2b300000) (1024K)]
  0x0000782ba7aa60d0 JavaThread "Unconstrained build operations Thread 124"        [_thread_blocked, id=298471, stack(0x0000782b2b100000,0x0000782b2b200000) (1024K)]
  0x0000782ba7aa6d60 JavaThread "Unconstrained build operations Thread 125"        [_thread_blocked, id=298473, stack(0x0000782b2af00000,0x0000782b2b000000) (1024K)]
  0x0000782bb83f09a0 JavaThread "C1 CompilerThread3"         daemon [_thread_blocked, id=298490, stack(0x0000782b2ad00000,0x0000782b2ae00000) (1024K)]
  0x0000782ba7aad0a0 JavaThread "Unconstrained build operations Thread 126"        [_thread_in_vm, id=298492, stack(0x0000782c9022f000,0x0000782c9032f000) (1024K)]
  0x0000782ba6c47b80 JavaThread "Unconstrained build operations Thread 127"        [_thread_blocked, id=298493, stack(0x0000782b2be00000,0x0000782b2bf00000) (1024K)]
  0x0000782ba6c487c0 JavaThread "Unconstrained build operations Thread 128"        [_thread_in_Java, id=298494, stack(0x0000782b30100000,0x0000782b30200000) (1024K)]
  0x0000782ba6c49410 JavaThread "Unconstrained build operations Thread 129"        [_thread_in_Java, id=298495, stack(0x0000782b2ba00000,0x0000782b2bb00000) (1024K)]
  0x0000782ba6c4a060 JavaThread "Unconstrained build operations Thread 130"        [_thread_in_Java, id=298496, stack(0x0000782b2b700000,0x0000782b2b800000) (1024K)]
  0x0000782ba6c4acc0 JavaThread "Unconstrained build operations Thread 131"        [_thread_blocked, id=298497, stack(0x0000782b2b000000,0x0000782b2b100000) (1024K)]
  0x0000782ba6c4b920 JavaThread "Unconstrained build operations Thread 132"        [_thread_in_Java, id=298498, stack(0x0000782b2ae00000,0x0000782b2af00000) (1024K)]
  0x0000782ba6c4c590 JavaThread "Unconstrained build operations Thread 133"        [_thread_in_Java, id=298499, stack(0x0000782b2ac00000,0x0000782b2ad00000) (1024K)]
  0x0000782ba6c4d200 JavaThread "Unconstrained build operations Thread 134"        [_thread_blocked, id=298500, stack(0x0000782b2ab00000,0x0000782b2ac00000) (1024K)]
  0x0000782ba6c4de80 JavaThread "Unconstrained build operations Thread 135"        [_thread_blocked, id=298501, stack(0x0000782b2aa00000,0x0000782b2ab00000) (1024K)]
  0x0000782ba6c4ef80 JavaThread "Unconstrained build operations Thread 136"        [_thread_blocked, id=298502, stack(0x0000782b2a900000,0x0000782b2aa00000) (1024K)]
  0x0000782ba6c50090 JavaThread "Unconstrained build operations Thread 137"        [_thread_in_Java, id=298503, stack(0x0000782b2a800000,0x0000782b2a900000) (1024K)]
  0x0000782ba6c51180 JavaThread "Unconstrained build operations Thread 138"        [_thread_blocked, id=298504, stack(0x0000782b2a700000,0x0000782b2a800000) (1024K)]
  0x0000782ba6c522d0 JavaThread "Unconstrained build operations Thread 139"        [_thread_in_native, id=298505, stack(0x0000782b2a600000,0x0000782b2a700000) (1024K)]
  0x0000782ba6c53420 JavaThread "Unconstrained build operations Thread 140"        [_thread_blocked, id=298506, stack(0x0000782b2a500000,0x0000782b2a600000) (1024K)]
  0x0000782ba6c54650 JavaThread "Unconstrained build operations Thread 141"        [_thread_blocked, id=298507, stack(0x0000782b2a400000,0x0000782b2a500000) (1024K)]
  0x0000782ba6c55780 JavaThread "Unconstrained build operations Thread 142"        [_thread_blocked, id=298508, stack(0x0000782b2a300000,0x0000782b2a400000) (1024K)]
  0x0000782ba6c568c0 JavaThread "Unconstrained build operations Thread 143"        [_thread_blocked, id=298509, stack(0x0000782b2a200000,0x0000782b2a300000) (1024K)]
  0x0000782ba6c57a00 JavaThread "Unconstrained build operations Thread 144"        [_thread_in_Java, id=298510, stack(0x0000782b2a100000,0x0000782b2a200000) (1024K)]
  0x0000782a4405bcf0 JavaThread "C2 CompilerThread1"         daemon [_thread_in_native, id=298511, stack(0x0000782b2a000000,0x0000782b2a100000) (1024K)]
  0x0000782a4405dd40 JavaThread "C2 CompilerThread2"         daemon [_thread_blocked, id=298512, stack(0x0000782b29f00000,0x0000782b2a000000) (1024K)]
  0x0000782a4405f500 JavaThread "C2 CompilerThread3"         daemon [_thread_blocked, id=298513, stack(0x0000782b29e00000,0x0000782b29f00000) (1024K)]
  0x0000782a940019d0 JavaThread "C2 CompilerThread4"         daemon [_thread_blocked, id=298514, stack(0x0000782b29d00000,0x0000782b29e00000) (1024K)]
  0x0000782a940031f0 JavaThread "C2 CompilerThread5"         daemon [_thread_in_native, id=298515, stack(0x0000782b29c00000,0x0000782b29d00000) (1024K)]
  0x0000782a94004a60 JavaThread "C2 CompilerThread6"         daemon [_thread_in_native, id=298516, stack(0x0000782b29b00000,0x0000782b29c00000) (1024K)]
  0x0000782c10692140 JavaThread "C2 CompilerThread7"         daemon [_thread_in_native, id=298517, stack(0x0000782b29a00000,0x0000782b29b00000) (1024K)]
Total: 188

Other Threads:
  0x0000782cac2b21a0 VMThread "VM Thread"                           [id=295992, stack(0x0000782cb0265000,0x0000782cb0365000) (1024K)]
  0x0000782cac2a0180 WatcherThread "VM Periodic Task Thread"        [id=295991, stack(0x0000782cb0366000,0x0000782cb0466000) (1024K)]
  0x0000782cac077470 WorkerThread "GC Thread#0"                     [id=295986, stack(0x0000782cb17fb000,0x0000782cb18fb000) (1024K)]
  0x0000782c28009180 WorkerThread "GC Thread#1"                     [id=296009, stack(0x0000782c3a100000,0x0000782c3a200000) (1024K)]
  0x0000782c28009c80 WorkerThread "GC Thread#2"                     [id=296010, stack(0x0000782c39fff000,0x0000782c3a0ff000) (1024K)]
  0x0000782c2800a780 WorkerThread "GC Thread#3"                     [id=296011, stack(0x0000782c39efe000,0x0000782c39ffe000) (1024K)]
  0x0000782c2800b280 WorkerThread "GC Thread#4"                     [id=296012, stack(0x0000782c39dfd000,0x0000782c39efd000) (1024K)]
  0x0000782c2800bdc0 WorkerThread "GC Thread#5"                     [id=296013, stack(0x0000782c39cfc000,0x0000782c39dfc000) (1024K)]
  0x0000782c2800c930 WorkerThread "GC Thread#6"                     [id=296014, stack(0x0000782c39bfb000,0x0000782c39cfb000) (1024K)]
  0x0000782c2800d4a0 WorkerThread "GC Thread#7"                     [id=296015, stack(0x0000782c39afa000,0x0000782c39bfa000) (1024K)]
  0x0000782c2800e010 WorkerThread "GC Thread#8"                     [id=296016, stack(0x0000782c399f9000,0x0000782c39af9000) (1024K)]
  0x0000782c2800eb80 WorkerThread "GC Thread#9"                     [id=296017, stack(0x0000782c398f8000,0x0000782c399f8000) (1024K)]
  0x0000782c2800f6f0 WorkerThread "GC Thread#10"                    [id=296018, stack(0x0000782c397f7000,0x0000782c398f7000) (1024K)]
  0x0000782c28010260 WorkerThread "GC Thread#11"                    [id=296019, stack(0x0000782c396f6000,0x0000782c397f6000) (1024K)]
  0x0000782c28012070 WorkerThread "GC Thread#12"                    [id=296037, stack(0x0000782c38800000,0x0000782c38900000) (1024K)]
  0x0000782c280129c0 WorkerThread "GC Thread#13"                    [id=296038, stack(0x0000782c386ff000,0x0000782c387ff000) (1024K)]
  0x0000782c28013400 WorkerThread "GC Thread#14"                    [id=296039, stack(0x0000782c385fe000,0x0000782c386fe000) (1024K)]
  0x0000782cac088ad0 ConcurrentGCThread "G1 Main Marker"            [id=295987, stack(0x0000782cb16fa000,0x0000782cb17fa000) (1024K)]
=>0x0000782cac089ab0 WorkerThread "G1 Conc#0"                       [id=295988, stack(0x0000782cb15f9000,0x0000782cb16f9000) (1024K)]
  0x0000782c84000d80 WorkerThread "G1 Conc#1"                       [id=296043, stack(0x0000782c381fd000,0x0000782c382fd000) (1024K)]
  0x0000782c840018d0 WorkerThread "G1 Conc#2"                       [id=296044, stack(0x0000782c380fc000,0x0000782c381fc000) (1024K)]
  0x0000782c84002420 WorkerThread "G1 Conc#3"                       [id=296045, stack(0x0000782b77f00000,0x0000782b78000000) (1024K)]
  0x0000782cac28c590 ConcurrentGCThread "G1 Refine#0"               [id=295989, stack(0x0000782cb05e9000,0x0000782cb06e9000) (1024K)]
  0x0000782cac28d560 ConcurrentGCThread "G1 Service"                [id=295990, stack(0x0000782cb04e8000,0x0000782cb05e8000) (1024K)]
Total: 24

Threads with active compile tasks:
C2 CompilerThread0  27690 23053 %     4       java.util.jar.Manifest$FastInputStream::readLine @ 86 (296 bytes)
C2 CompilerThread1  27690 23049 % !   4       java.util.jar.Attributes::read @ 12 (494 bytes)
C2 CompilerThread5  27690 23040   !   4       com.google.common.reflect.TypeVisitor::visit (225 bytes)
C2 CompilerThread6  27690 22955       4       org.objectweb.asm.ClassReader::readCode (5117 bytes)
C2 CompilerThread7  27690 23046       4       org.gradle.internal.classpath.generated.InterceptorDeclaration_ConfigCacheJvmBytecode::visitMethodInsn (4679 bytes)
Total: 5

VM state: not at safepoint (normal execution)

VM Mutex/Monitor currently owned by a thread:  ([mutex/lock_event])
[0x0000782cb4d2fdd8] Heap_lock - owner thread: 0x0000782ba6c522d0

Heap address: 0x0000000080000000, size: 2048 MB, Compressed Oops mode: 32-bit

CDS archive(s) mapped at: [0x0000782c3b000000-0x0000782c3bc9c000-0x0000782c3bc9c000), size 13221888, SharedBaseAddress: 0x0000782c3b000000, ArchiveRelocationMode: 1.
Compressed class space mapped at: 0x0000782c3c000000-0x0000782c7c000000, reserved size: 1073741824
Narrow klass base: 0x0000782c3b000000, Narrow klass shift: 0, Narrow klass range: 0x100000000

GC Precious Log:
 CardTable entry size: 512
 Card Set container configuration: InlinePtr #cards 5 size 8 Array Of Cards #cards 12 size 40 Howl #buckets 4 coarsen threshold 1843 Howl Bitmap #cards 512 size 80 coarsen threshold 460 Card regions per heap region 1 cards per card region 2048
 CPUs: 20 total, 20 available
 Memory: 31809M
 Large Page Support: Disabled
 NUMA Support: Disabled
 Compressed Oops: Enabled (32-bit)
 Heap Region Size: 1M
 Heap Min Capacity: 8M
 Heap Initial Capacity: 498M
 Heap Max Capacity: 2G
 Pre-touch: Disabled
 Parallel Workers: 15
 Concurrent Workers: 4
 Concurrent Refinement Workers: 15
 Periodic GC: Disabled

Heap:
 garbage-first heap   total 520192K, used 476642K [0x0000000080000000, 0x0000000100000000)
  region size 1024K, 304 young (311296K), 28 survivors (28672K)
 Metaspace       used 142121K, committed 144192K, reserved 1179648K
  class space    used 17851K, committed 18880K, reserved 1048576K

Heap Regions: E=young(eden), S=young(survivor), O=old, HS=humongous(starts), HC=humongous(continues), CS=collection set, F=free, TAMS=top-at-mark-start, PB=parsable bottom
|   0|0x0000000080000000, 0x0000000080100000, 0x0000000080100000|100%| O|  |TAMS 0x0000000080100000| PB 0x0000000080000000| Untracked 
|   1|0x0000000080100000, 0x0000000080200000, 0x0000000080200000|100%| O|  |TAMS 0x0000000080200000| PB 0x0000000080100000| Untracked 
|   2|0x0000000080200000, 0x0000000080300000, 0x0000000080300000|100%| O|  |TAMS 0x0000000080300000| PB 0x0000000080200000| Untracked 
|   3|0x0000000080300000, 0x0000000080400000, 0x0000000080400000|100%|HS|  |TAMS 0x0000000080400000| PB 0x0000000080300000| Complete 
|   4|0x0000000080400000, 0x0000000080500000, 0x0000000080500000|100%|HC|  |TAMS 0x0000000080500000| PB 0x0000000080400000| Complete 
|   5|0x0000000080500000, 0x0000000080600000, 0x0000000080600000|100%|HC|  |TAMS 0x0000000080600000| PB 0x0000000080500000| Complete 
|   6|0x0000000080600000, 0x0000000080700000, 0x0000000080700000|100%|HC|  |TAMS 0x0000000080700000| PB 0x0000000080600000| Complete 
|   7|0x0000000080700000, 0x0000000080800000, 0x0000000080800000|100%|HS|  |TAMS 0x0000000080800000| PB 0x0000000080700000| Complete 
|   8|0x0000000080800000, 0x0000000080900000, 0x0000000080900000|100%| O|  |TAMS 0x0000000080900000| PB 0x0000000080800000| Untracked 
|   9|0x0000000080900000, 0x0000000080a00000, 0x0000000080a00000|100%| O|  |TAMS 0x0000000080a00000| PB 0x0000000080900000| Untracked 
|  10|0x0000000080a00000, 0x0000000080b00000, 0x0000000080b00000|100%| O|  |TAMS 0x0000000080b00000| PB 0x0000000080a00000| Untracked 
|  11|0x0000000080b00000, 0x0000000080c00000, 0x0000000080c00000|100%| O|  |TAMS 0x0000000080c00000| PB 0x0000000080b00000| Untracked 
|  12|0x0000000080c00000, 0x0000000080d00000, 0x0000000080d00000|100%| O|  |TAMS 0x0000000080d00000| PB 0x0000000080c00000| Untracked 
|  13|0x0000000080d00000, 0x0000000080e00000, 0x0000000080e00000|100%| O|  |TAMS 0x0000000080e00000| PB 0x0000000080d00000| Untracked 
|  14|0x0000000080e00000, 0x0000000080f00000, 0x0000000080f00000|100%| O|  |TAMS 0x0000000080f00000| PB 0x0000000080e00000| Untracked 
|  15|0x0000000080f00000, 0x0000000081000000, 0x0000000081000000|100%| O|  |TAMS 0x0000000081000000| PB 0x0000000080f00000| Untracked 
|  16|0x0000000081000000, 0x0000000081100000, 0x0000000081100000|100%| O|  |TAMS 0x0000000081100000| PB 0x0000000081000000| Untracked 
|  17|0x0000000081100000, 0x0000000081200000, 0x0000000081200000|100%| O|  |TAMS 0x0000000081200000| PB 0x0000000081100000| Untracked 
|  18|0x0000000081200000, 0x0000000081300000, 0x0000000081300000|100%| O|  |TAMS 0x0000000081300000| PB 0x0000000081200000| Untracked 
|  19|0x0000000081300000, 0x0000000081400000, 0x0000000081400000|100%| O|  |TAMS 0x0000000081400000| PB 0x0000000081300000| Untracked 
|  20|0x0000000081400000, 0x0000000081500000, 0x0000000081500000|100%| O|  |TAMS 0x0000000081500000| PB 0x0000000081400000| Untracked 
|  21|0x0000000081500000, 0x0000000081600000, 0x0000000081600000|100%| O|  |TAMS 0x0000000081600000| PB 0x0000000081500000| Untracked 
|  22|0x0000000081600000, 0x0000000081700000, 0x0000000081700000|100%| O|  |TAMS 0x0000000081700000| PB 0x0000000081600000| Untracked 
|  23|0x0000000081700000, 0x0000000081800000, 0x0000000081800000|100%| O|  |TAMS 0x0000000081800000| PB 0x0000000081700000| Untracked 
|  24|0x0000000081800000, 0x0000000081900000, 0x0000000081900000|100%| O|  |TAMS 0x0000000081900000| PB 0x0000000081800000| Untracked 
|  25|0x0000000081900000, 0x0000000081a00000, 0x0000000081a00000|100%| O|  |TAMS 0x0000000081a00000| PB 0x0000000081900000| Untracked 
|  26|0x0000000081a00000, 0x0000000081b00000, 0x0000000081b00000|100%| O|  |TAMS 0x0000000081b00000| PB 0x0000000081a00000| Untracked 
|  27|0x0000000081b00000, 0x0000000081c00000, 0x0000000081c00000|100%| O|  |TAMS 0x0000000081c00000| PB 0x0000000081b00000| Untracked 
|  28|0x0000000081c00000, 0x0000000081d00000, 0x0000000081d00000|100%| O|  |TAMS 0x0000000081d00000| PB 0x0000000081c00000| Untracked 
|  29|0x0000000081d00000, 0x0000000081e00000, 0x0000000081e00000|100%| O|  |TAMS 0x0000000081e00000| PB 0x0000000081d00000| Untracked 
|  30|0x0000000081e00000, 0x0000000081f00000, 0x0000000081f00000|100%| O|  |TAMS 0x0000000081f00000| PB 0x0000000081e00000| Untracked 
|  31|0x0000000081f00000, 0x0000000082000000, 0x0000000082000000|100%| O|  |TAMS 0x0000000082000000| PB 0x0000000081f00000| Untracked 
|  32|0x0000000082000000, 0x0000000082100000, 0x0000000082100000|100%| O|  |TAMS 0x0000000082100000| PB 0x0000000082000000| Untracked 
|  33|0x0000000082100000, 0x0000000082200000, 0x0000000082200000|100%| O|  |TAMS 0x0000000082200000| PB 0x0000000082100000| Untracked 
|  34|0x0000000082200000, 0x0000000082300000, 0x0000000082300000|100%| O|  |TAMS 0x0000000082300000| PB 0x0000000082200000| Untracked 
|  35|0x0000000082300000, 0x0000000082400000, 0x0000000082400000|100%| O|  |TAMS 0x0000000082400000| PB 0x0000000082300000| Untracked 
|  36|0x0000000082400000, 0x0000000082500000, 0x0000000082500000|100%| O|  |TAMS 0x0000000082500000| PB 0x0000000082400000| Untracked 
|  37|0x0000000082500000, 0x0000000082600000, 0x0000000082600000|100%| O|  |TAMS 0x0000000082600000| PB 0x0000000082500000| Untracked 
|  38|0x0000000082600000, 0x0000000082700000, 0x0000000082700000|100%| O|  |TAMS 0x0000000082700000| PB 0x0000000082600000| Untracked 
|  39|0x0000000082700000, 0x0000000082800000, 0x0000000082800000|100%|HS|  |TAMS 0x0000000082700000| PB 0x0000000082700000| Complete 
|  40|0x0000000082800000, 0x0000000082900000, 0x0000000082900000|100%| O|  |TAMS 0x0000000082900000| PB 0x0000000082800000| Untracked 
|  41|0x0000000082900000, 0x0000000082a00000, 0x0000000082a00000|100%| O|  |TAMS 0x0000000082a00000| PB 0x0000000082900000| Untracked 
|  42|0x0000000082a00000, 0x0000000082b00000, 0x0000000082b00000|100%|HS|  |TAMS 0x0000000082a00000| PB 0x0000000082a00000| Complete 
|  43|0x0000000082b00000, 0x0000000082c00000, 0x0000000082c00000|100%| O|  |TAMS 0x0000000082c00000| PB 0x0000000082b00000| Untracked 
|  44|0x0000000082c00000, 0x0000000082d00000, 0x0000000082d00000|100%| O|  |TAMS 0x0000000082d00000| PB 0x0000000082c00000| Untracked 
|  45|0x0000000082d00000, 0x0000000082e00000, 0x0000000082e00000|100%| O|  |TAMS 0x0000000082e00000| PB 0x0000000082d00000| Untracked 
|  46|0x0000000082e00000, 0x0000000082f00000, 0x0000000082f00000|100%| O|  |TAMS 0x0000000082f00000| PB 0x0000000082e00000| Untracked 
|  47|0x0000000082f00000, 0x0000000083000000, 0x0000000083000000|100%| O|  |TAMS 0x0000000083000000| PB 0x0000000082f00000| Untracked 
|  48|0x0000000083000000, 0x0000000083100000, 0x0000000083100000|100%| O|  |TAMS 0x0000000083100000| PB 0x0000000083000000| Untracked 
|  49|0x0000000083100000, 0x0000000083200000, 0x0000000083200000|100%| O|  |TAMS 0x0000000083200000| PB 0x0000000083100000| Untracked 
|  50|0x0000000083200000, 0x0000000083300000, 0x0000000083300000|100%|HS|  |TAMS 0x0000000083200000| PB 0x0000000083200000| Complete 
|  51|0x0000000083300000, 0x0000000083400000, 0x0000000083400000|100%| O|  |TAMS 0x0000000083400000| PB 0x0000000083300000| Untracked 
|  52|0x0000000083400000, 0x0000000083500000, 0x0000000083500000|100%| O|  |TAMS 0x0000000083500000| PB 0x0000000083400000| Untracked 
|  53|0x0000000083500000, 0x0000000083600000, 0x0000000083600000|100%| O|  |TAMS 0x0000000083600000| PB 0x0000000083500000| Untracked 
|  54|0x0000000083600000, 0x0000000083700000, 0x0000000083700000|100%| O|  |TAMS 0x0000000083700000| PB 0x0000000083600000| Untracked 
|  55|0x0000000083700000, 0x0000000083800000, 0x0000000083800000|100%| O|  |TAMS 0x0000000083800000| PB 0x0000000083700000| Untracked 
|  56|0x0000000083800000, 0x0000000083900000, 0x0000000083900000|100%| O|  |TAMS 0x0000000083900000| PB 0x0000000083800000| Untracked 
|  57|0x0000000083900000, 0x0000000083a00000, 0x0000000083a00000|100%| O|  |TAMS 0x0000000083a00000| PB 0x0000000083900000| Untracked 
|  58|0x0000000083a00000, 0x0000000083b00000, 0x0000000083b00000|100%| O|  |TAMS 0x0000000083b00000| PB 0x0000000083a00000| Untracked 
|  59|0x0000000083b00000, 0x0000000083c00000, 0x0000000083c00000|100%| O|  |TAMS 0x0000000083c00000| PB 0x0000000083b00000| Untracked 
|  60|0x0000000083c00000, 0x0000000083d00000, 0x0000000083d00000|100%| O|  |TAMS 0x0000000083d00000| PB 0x0000000083c00000| Untracked 
|  61|0x0000000083d00000, 0x0000000083e00000, 0x0000000083e00000|100%| O|  |TAMS 0x0000000083e00000| PB 0x0000000083d00000| Untracked 
|  62|0x0000000083e00000, 0x0000000083f00000, 0x0000000083f00000|100%| O|  |TAMS 0x0000000083f00000| PB 0x0000000083e00000| Untracked 
|  63|0x0000000083f00000, 0x0000000084000000, 0x0000000084000000|100%| O|  |TAMS 0x0000000084000000| PB 0x0000000083f00000| Untracked 
|  64|0x0000000084000000, 0x0000000084100000, 0x0000000084100000|100%| O|  |TAMS 0x0000000084100000| PB 0x0000000084000000| Untracked 
|  65|0x0000000084100000, 0x0000000084200000, 0x0000000084200000|100%| O|  |TAMS 0x0000000084200000| PB 0x0000000084100000| Untracked 
|  66|0x0000000084200000, 0x0000000084300000, 0x0000000084300000|100%| O|  |TAMS 0x0000000084300000| PB 0x0000000084200000| Untracked 
|  67|0x0000000084300000, 0x0000000084400000, 0x0000000084400000|100%| O|  |TAMS 0x0000000084400000| PB 0x0000000084300000| Untracked 
|  68|0x0000000084400000, 0x0000000084500000, 0x0000000084500000|100%| O|  |TAMS 0x0000000084500000| PB 0x0000000084400000| Untracked 
|  69|0x0000000084500000, 0x0000000084600000, 0x0000000084600000|100%| O|  |TAMS 0x0000000084600000| PB 0x0000000084500000| Untracked 
|  70|0x0000000084600000, 0x0000000084700000, 0x0000000084700000|100%| O|  |TAMS 0x0000000084700000| PB 0x0000000084600000| Untracked 
|  71|0x0000000084700000, 0x0000000084800000, 0x0000000084800000|100%| O|  |TAMS 0x0000000084800000| PB 0x0000000084700000| Untracked 
|  72|0x0000000084800000, 0x0000000084900000, 0x0000000084900000|100%|HS|  |TAMS 0x0000000084800000| PB 0x0000000084800000| Complete 
|  73|0x0000000084900000, 0x0000000084a00000, 0x0000000084a00000|100%| O|  |TAMS 0x0000000084a00000| PB 0x0000000084900000| Untracked 
|  74|0x0000000084a00000, 0x0000000084b00000, 0x0000000084b00000|100%| O|  |TAMS 0x0000000084b00000| PB 0x0000000084a00000| Untracked 
|  75|0x0000000084b00000, 0x0000000084c00000, 0x0000000084c00000|100%| O|  |TAMS 0x0000000084c00000| PB 0x0000000084b00000| Untracked 
|  76|0x0000000084c00000, 0x0000000084d00000, 0x0000000084d00000|100%| O|  |TAMS 0x0000000084d00000| PB 0x0000000084c00000| Untracked 
|  77|0x0000000084d00000, 0x0000000084e00000, 0x0000000084e00000|100%| O|  |TAMS 0x0000000084e00000| PB 0x0000000084d00000| Untracked 
|  78|0x0000000084e00000, 0x0000000084f00000, 0x0000000084f00000|100%| O|  |TAMS 0x0000000084f00000| PB 0x0000000084e00000| Untracked 
|  79|0x0000000084f00000, 0x0000000085000000, 0x0000000085000000|100%| O|  |TAMS 0x0000000085000000| PB 0x0000000084f00000| Untracked 
|  80|0x0000000085000000, 0x0000000085100000, 0x0000000085100000|100%| O|  |TAMS 0x0000000085100000| PB 0x0000000085000000| Untracked 
|  81|0x0000000085100000, 0x0000000085200000, 0x0000000085200000|100%| O|  |TAMS 0x0000000085200000| PB 0x0000000085100000| Untracked 
|  82|0x0000000085200000, 0x0000000085300000, 0x0000000085300000|100%| O|  |TAMS 0x0000000085300000| PB 0x0000000085200000| Untracked 
|  83|0x0000000085300000, 0x0000000085400000, 0x0000000085400000|100%| O|  |TAMS 0x0000000085400000| PB 0x0000000085300000| Untracked 
|  84|0x0000000085400000, 0x0000000085500000, 0x0000000085500000|100%|HS|  |TAMS 0x0000000085400000| PB 0x0000000085400000| Complete 
|  85|0x0000000085500000, 0x0000000085600000, 0x0000000085600000|100%| O|  |TAMS 0x0000000085600000| PB 0x0000000085500000| Untracked 
|  86|0x0000000085600000, 0x0000000085700000, 0x0000000085700000|100%| O|  |TAMS 0x0000000085700000| PB 0x0000000085600000| Untracked 
|  87|0x0000000085700000, 0x0000000085800000, 0x0000000085800000|100%| O|  |TAMS 0x0000000085800000| PB 0x0000000085700000| Untracked 
|  88|0x0000000085800000, 0x0000000085900000, 0x0000000085900000|100%| O|  |TAMS 0x0000000085900000| PB 0x0000000085800000| Untracked 
|  89|0x0000000085900000, 0x0000000085a00000, 0x0000000085a00000|100%| O|  |TAMS 0x0000000085a00000| PB 0x0000000085900000| Untracked 
|  90|0x0000000085a00000, 0x0000000085b00000, 0x0000000085b00000|100%| O|  |TAMS 0x0000000085b00000| PB 0x0000000085a00000| Untracked 
|  91|0x0000000085b00000, 0x0000000085c00000, 0x0000000085c00000|100%| O|  |TAMS 0x0000000085c00000| PB 0x0000000085b00000| Untracked 
|  92|0x0000000085c00000, 0x0000000085d00000, 0x0000000085d00000|100%| O|  |TAMS 0x0000000085d00000| PB 0x0000000085c00000| Untracked 
|  93|0x0000000085d00000, 0x0000000085e00000, 0x0000000085e00000|100%| O|  |TAMS 0x0000000085e00000| PB 0x0000000085d00000| Untracked 
|  94|0x0000000085e00000, 0x0000000085f00000, 0x0000000085f00000|100%| O|  |TAMS 0x0000000085f00000| PB 0x0000000085e00000| Untracked 
|  95|0x0000000085f00000, 0x0000000086000000, 0x0000000086000000|100%| O|  |TAMS 0x0000000086000000| PB 0x0000000085f00000| Untracked 
|  96|0x0000000086000000, 0x0000000086100000, 0x0000000086100000|100%| O|  |TAMS 0x0000000086100000| PB 0x0000000086000000| Untracked 
|  97|0x0000000086100000, 0x0000000086100000, 0x0000000086200000|  0%| F|  |TAMS 0x0000000086100000| PB 0x0000000086100000| Untracked 
|  98|0x0000000086200000, 0x0000000086300000, 0x0000000086300000|100%|HS|  |TAMS 0x0000000086300000| PB 0x0000000086200000| Complete 
|  99|0x0000000086300000, 0x0000000086400000, 0x0000000086400000|100%| O|  |TAMS 0x0000000086400000| PB 0x0000000086300000| Untracked 
| 100|0x0000000086400000, 0x0000000086500000, 0x0000000086500000|100%| O|  |TAMS 0x0000000086500000| PB 0x0000000086400000| Untracked 
| 101|0x0000000086500000, 0x0000000086600000, 0x0000000086600000|100%|HS|  |TAMS 0x0000000086600000| PB 0x0000000086500000| Complete 
| 102|0x0000000086600000, 0x00000000866d20b0, 0x0000000086700000| 82%| O|  |TAMS 0x00000000866d20b0| PB 0x0000000086600000| Untracked 
| 103|0x0000000086700000, 0x0000000086800000, 0x0000000086800000|100%| O|  |TAMS 0x0000000086800000| PB 0x0000000086700000| Untracked 
| 104|0x0000000086800000, 0x0000000086900000, 0x0000000086900000|100%| O|  |TAMS 0x0000000086900000| PB 0x0000000086800000| Untracked 
| 105|0x0000000086900000, 0x0000000086a00000, 0x0000000086a00000|100%| O|  |TAMS 0x0000000086a00000| PB 0x0000000086900000| Untracked 
| 106|0x0000000086a00000, 0x0000000086b00000, 0x0000000086b00000|100%| O|  |TAMS 0x0000000086b00000| PB 0x0000000086a00000| Untracked 
| 107|0x0000000086b00000, 0x0000000086c00000, 0x0000000086c00000|100%| O|  |TAMS 0x0000000086c00000| PB 0x0000000086b00000| Untracked 
| 108|0x0000000086c00000, 0x0000000086d00000, 0x0000000086d00000|100%| O|  |TAMS 0x0000000086d00000| PB 0x0000000086c00000| Untracked 
| 109|0x0000000086d00000, 0x0000000086e00000, 0x0000000086e00000|100%| O|  |TAMS 0x0000000086e00000| PB 0x0000000086d00000| Untracked 
| 110|0x0000000086e00000, 0x0000000086f00000, 0x0000000086f00000|100%| O|  |TAMS 0x0000000086f00000| PB 0x0000000086e00000| Untracked 
| 111|0x0000000086f00000, 0x0000000087000000, 0x0000000087000000|100%| O|  |TAMS 0x0000000087000000| PB 0x0000000086f00000| Untracked 
| 112|0x0000000087000000, 0x0000000087000000, 0x0000000087100000|  0%| F|  |TAMS 0x0000000087000000| PB 0x0000000087000000| Untracked 
| 113|0x0000000087100000, 0x0000000087200000, 0x0000000087200000|100%| O|  |TAMS 0x0000000087200000| PB 0x0000000087100000| Untracked 
| 114|0x0000000087200000, 0x0000000087200000, 0x0000000087300000|  0%| F|  |TAMS 0x0000000087200000| PB 0x0000000087200000| Untracked 
| 115|0x0000000087300000, 0x0000000087400000, 0x0000000087400000|100%| O|  |TAMS 0x0000000087400000| PB 0x0000000087300000| Untracked 
| 116|0x0000000087400000, 0x0000000087400000, 0x0000000087500000|  0%| F|  |TAMS 0x0000000087400000| PB 0x0000000087400000| Untracked 
| 117|0x0000000087500000, 0x0000000087600000, 0x0000000087600000|100%| O|  |TAMS 0x0000000087600000| PB 0x0000000087500000| Untracked 
| 118|0x0000000087600000, 0x0000000087600000, 0x0000000087700000|  0%| F|  |TAMS 0x0000000087600000| PB 0x0000000087600000| Untracked 
| 119|0x0000000087700000, 0x0000000087800000, 0x0000000087800000|100%| O|  |TAMS 0x0000000087800000| PB 0x0000000087700000| Untracked 
| 120|0x0000000087800000, 0x0000000087900000, 0x0000000087900000|100%|HS|  |TAMS 0x0000000087800000| PB 0x0000000087800000| Complete 
| 121|0x0000000087900000, 0x0000000087a00000, 0x0000000087a00000|100%|HC|  |TAMS 0x0000000087900000| PB 0x0000000087900000| Complete 
| 122|0x0000000087a00000, 0x0000000087b00000, 0x0000000087b00000|100%|HC|  |TAMS 0x0000000087a00000| PB 0x0000000087a00000| Complete 
| 123|0x0000000087b00000, 0x0000000087b00000, 0x0000000087c00000|  0%| F|  |TAMS 0x0000000087b00000| PB 0x0000000087b00000| Untracked 
| 124|0x0000000087c00000, 0x0000000087d00000, 0x0000000087d00000|100%| O|  |TAMS 0x0000000087d00000| PB 0x0000000087c00000| Untracked 
| 125|0x0000000087d00000, 0x0000000087e00000, 0x0000000087e00000|100%| O|  |TAMS 0x0000000087e00000| PB 0x0000000087d00000| Untracked 
| 126|0x0000000087e00000, 0x0000000087e00000, 0x0000000087f00000|  0%| F|  |TAMS 0x0000000087e00000| PB 0x0000000087e00000| Untracked 
| 127|0x0000000087f00000, 0x0000000088000000, 0x0000000088000000|100%| O|  |TAMS 0x0000000088000000| PB 0x0000000087f00000| Untracked 
| 128|0x0000000088000000, 0x0000000088100000, 0x0000000088100000|100%| O|  |TAMS 0x0000000088100000| PB 0x0000000088000000| Untracked 
| 129|0x0000000088100000, 0x0000000088100000, 0x0000000088200000|  0%| F|  |TAMS 0x0000000088100000| PB 0x0000000088100000| Untracked 
| 130|0x0000000088200000, 0x0000000088200000, 0x0000000088300000|  0%| F|  |TAMS 0x0000000088200000| PB 0x0000000088200000| Untracked 
| 131|0x0000000088300000, 0x0000000088300000, 0x0000000088400000|  0%| F|  |TAMS 0x0000000088300000| PB 0x0000000088300000| Untracked 
| 132|0x0000000088400000, 0x0000000088500000, 0x0000000088500000|100%|HS|  |TAMS 0x0000000088500000| PB 0x0000000088400000| Complete 
| 133|0x0000000088500000, 0x0000000088600000, 0x0000000088600000|100%| O|  |TAMS 0x0000000088600000| PB 0x0000000088500000| Untracked 
| 134|0x0000000088600000, 0x0000000088700000, 0x0000000088700000|100%| O|  |TAMS 0x0000000088700000| PB 0x0000000088600000| Untracked 
| 135|0x0000000088700000, 0x0000000088800000, 0x0000000088800000|100%| O|  |TAMS 0x0000000088800000| PB 0x0000000088700000| Untracked 
| 136|0x0000000088800000, 0x0000000088900000, 0x0000000088900000|100%| O|  |TAMS 0x0000000088900000| PB 0x0000000088800000| Untracked 
| 137|0x0000000088900000, 0x0000000088a00000, 0x0000000088a00000|100%| O|  |TAMS 0x0000000088a00000| PB 0x0000000088900000| Untracked 
| 138|0x0000000088a00000, 0x0000000088a00000, 0x0000000088b00000|  0%| F|  |TAMS 0x0000000088a00000| PB 0x0000000088a00000| Untracked 
| 139|0x0000000088b00000, 0x0000000088c00000, 0x0000000088c00000|100%| O|  |TAMS 0x0000000088c00000| PB 0x0000000088b00000| Untracked 
| 140|0x0000000088c00000, 0x0000000088d00000, 0x0000000088d00000|100%| O|  |TAMS 0x0000000088d00000| PB 0x0000000088c00000| Untracked 
| 141|0x0000000088d00000, 0x0000000088e00000, 0x0000000088e00000|100%| O|  |TAMS 0x0000000088e00000| PB 0x0000000088d00000| Untracked 
| 142|0x0000000088e00000, 0x0000000088f00000, 0x0000000088f00000|100%| O|  |TAMS 0x0000000088f00000| PB 0x0000000088e00000| Untracked 
| 143|0x0000000088f00000, 0x0000000089000000, 0x0000000089000000|100%| O|  |TAMS 0x0000000089000000| PB 0x0000000088f00000| Untracked 
| 144|0x0000000089000000, 0x0000000089100000, 0x0000000089100000|100%| O|  |TAMS 0x0000000089100000| PB 0x0000000089000000| Untracked 
| 145|0x0000000089100000, 0x0000000089200000, 0x0000000089200000|100%| O|  |TAMS 0x0000000089200000| PB 0x0000000089100000| Untracked 
| 146|0x0000000089200000, 0x0000000089300000, 0x0000000089300000|100%| O|  |TAMS 0x0000000089300000| PB 0x0000000089200000| Untracked 
| 147|0x0000000089300000, 0x0000000089400000, 0x0000000089400000|100%| O|  |TAMS 0x0000000089400000| PB 0x0000000089300000| Untracked 
| 148|0x0000000089400000, 0x0000000089500000, 0x0000000089500000|100%| O|  |TAMS 0x0000000089500000| PB 0x0000000089400000| Untracked 
| 149|0x0000000089500000, 0x0000000089600000, 0x0000000089600000|100%| O|  |TAMS 0x0000000089600000| PB 0x0000000089500000| Untracked 
| 150|0x0000000089600000, 0x0000000089700000, 0x0000000089700000|100%| O|  |TAMS 0x0000000089700000| PB 0x0000000089600000| Untracked 
| 151|0x0000000089700000, 0x0000000089800000, 0x0000000089800000|100%| O|  |TAMS 0x0000000089800000| PB 0x0000000089700000| Untracked 
| 152|0x0000000089800000, 0x0000000089900000, 0x0000000089900000|100%| O|  |TAMS 0x0000000089900000| PB 0x0000000089800000| Untracked 
| 153|0x0000000089900000, 0x0000000089a00000, 0x0000000089a00000|100%| O|  |TAMS 0x0000000089a00000| PB 0x0000000089900000| Untracked 
| 154|0x0000000089a00000, 0x0000000089b00000, 0x0000000089b00000|100%| O|  |TAMS 0x0000000089b00000| PB 0x0000000089a00000| Untracked 
| 155|0x0000000089b00000, 0x0000000089c00000, 0x0000000089c00000|100%| O|  |TAMS 0x0000000089c00000| PB 0x0000000089b00000| Untracked 
| 156|0x0000000089c00000, 0x0000000089d00000, 0x0000000089d00000|100%| O|  |TAMS 0x0000000089d00000| PB 0x0000000089c00000| Untracked 
| 157|0x0000000089d00000, 0x0000000089e00000, 0x0000000089e00000|100%| O|  |TAMS 0x0000000089e00000| PB 0x0000000089d00000| Untracked 
| 158|0x0000000089e00000, 0x0000000089f00000, 0x0000000089f00000|100%| O|  |TAMS 0x0000000089f00000| PB 0x0000000089e00000| Untracked 
| 159|0x0000000089f00000, 0x000000008a000000, 0x000000008a000000|100%| O|  |TAMS 0x000000008a000000| PB 0x0000000089f00000| Untracked 
| 160|0x000000008a000000, 0x000000008a100000, 0x000000008a100000|100%| O|  |TAMS 0x000000008a100000| PB 0x000000008a000000| Untracked 
| 161|0x000000008a100000, 0x000000008a200000, 0x000000008a200000|100%| O|  |TAMS 0x000000008a200000| PB 0x000000008a100000| Untracked 
| 162|0x000000008a200000, 0x000000008a300000, 0x000000008a300000|100%| O|  |TAMS 0x000000008a300000| PB 0x000000008a200000| Untracked 
| 163|0x000000008a300000, 0x000000008a400000, 0x000000008a400000|100%| O|  |TAMS 0x000000008a400000| PB 0x000000008a300000| Untracked 
| 164|0x000000008a400000, 0x000000008a500000, 0x000000008a500000|100%| O|  |TAMS 0x000000008a500000| PB 0x000000008a400000| Untracked 
| 165|0x000000008a500000, 0x000000008a600000, 0x000000008a600000|100%| O|  |TAMS 0x000000008a600000| PB 0x000000008a500000| Untracked 
| 166|0x000000008a600000, 0x000000008a700000, 0x000000008a700000|100%| O|  |TAMS 0x000000008a700000| PB 0x000000008a600000| Untracked 
| 167|0x000000008a700000, 0x000000008a800000, 0x000000008a800000|100%| O|  |TAMS 0x000000008a800000| PB 0x000000008a700000| Untracked 
| 168|0x000000008a800000, 0x000000008a800000, 0x000000008a900000|  0%| F|  |TAMS 0x000000008a800000| PB 0x000000008a800000| Untracked 
| 169|0x000000008a900000, 0x000000008aa00000, 0x000000008aa00000|100%| O|  |TAMS 0x000000008aa00000| PB 0x000000008a900000| Untracked 
| 170|0x000000008aa00000, 0x000000008ab00000, 0x000000008ab00000|100%| O|  |TAMS 0x000000008ab00000| PB 0x000000008aa00000| Untracked 
| 171|0x000000008ab00000, 0x000000008ab00000, 0x000000008ac00000|  0%| F|  |TAMS 0x000000008ab00000| PB 0x000000008ab00000| Untracked 
| 172|0x000000008ac00000, 0x000000008ac00000, 0x000000008ad00000|  0%| F|  |TAMS 0x000000008ac00000| PB 0x000000008ac00000| Untracked 
| 173|0x000000008ad00000, 0x000000008ae00000, 0x000000008ae00000|100%| O|  |TAMS 0x000000008ae00000| PB 0x000000008ad00000| Untracked 
| 174|0x000000008ae00000, 0x000000008af00000, 0x000000008af00000|100%|HS|  |TAMS 0x000000008af00000| PB 0x000000008ae00000| Complete 
| 175|0x000000008af00000, 0x000000008b000000, 0x000000008b000000|100%|HC|  |TAMS 0x000000008b000000| PB 0x000000008af00000| Complete 
| 176|0x000000008b000000, 0x000000008b000000, 0x000000008b100000|  0%| F|  |TAMS 0x000000008b000000| PB 0x000000008b000000| Untracked 
| 177|0x000000008b100000, 0x000000008b100000, 0x000000008b200000|  0%| F|  |TAMS 0x000000008b100000| PB 0x000000008b100000| Untracked 
| 178|0x000000008b200000, 0x000000008b200000, 0x000000008b300000|  0%| F|  |TAMS 0x000000008b200000| PB 0x000000008b200000| Untracked 
| 179|0x000000008b300000, 0x000000008b300000, 0x000000008b400000|  0%| F|  |TAMS 0x000000008b300000| PB 0x000000008b300000| Untracked 
| 180|0x000000008b400000, 0x000000008b400000, 0x000000008b500000|  0%| F|  |TAMS 0x000000008b400000| PB 0x000000008b400000| Untracked 
| 181|0x000000008b500000, 0x000000008b500000, 0x000000008b600000|  0%| F|  |TAMS 0x000000008b500000| PB 0x000000008b500000| Untracked 
| 182|0x000000008b600000, 0x000000008b600000, 0x000000008b700000|  0%| F|  |TAMS 0x000000008b600000| PB 0x000000008b600000| Untracked 
| 183|0x000000008b700000, 0x000000008b700000, 0x000000008b800000|  0%| F|  |TAMS 0x000000008b700000| PB 0x000000008b700000| Untracked 
| 184|0x000000008b800000, 0x000000008b800000, 0x000000008b900000|  0%| F|  |TAMS 0x000000008b800000| PB 0x000000008b800000| Untracked 
| 185|0x000000008b900000, 0x000000008b900000, 0x000000008ba00000|  0%| F|  |TAMS 0x000000008b900000| PB 0x000000008b900000| Untracked 
| 186|0x000000008ba00000, 0x000000008ba00000, 0x000000008bb00000|  0%| F|  |TAMS 0x000000008ba00000| PB 0x000000008ba00000| Untracked 
| 187|0x000000008bb00000, 0x000000008bb00000, 0x000000008bc00000|  0%| F|  |TAMS 0x000000008bb00000| PB 0x000000008bb00000| Untracked 
| 188|0x000000008bc00000, 0x000000008bc00000, 0x000000008bd00000|  0%| F|  |TAMS 0x000000008bc00000| PB 0x000000008bc00000| Untracked 
| 189|0x000000008bd00000, 0x000000008bd00000, 0x000000008be00000|  0%| F|  |TAMS 0x000000008bd00000| PB 0x000000008bd00000| Untracked 
| 190|0x000000008be00000, 0x000000008be00000, 0x000000008bf00000|  0%| F|  |TAMS 0x000000008be00000| PB 0x000000008be00000| Untracked 
| 191|0x000000008bf00000, 0x000000008bf00000, 0x000000008c000000|  0%| F|  |TAMS 0x000000008bf00000| PB 0x000000008bf00000| Untracked 
| 192|0x000000008c000000, 0x000000008c000000, 0x000000008c100000|  0%| F|  |TAMS 0x000000008c000000| PB 0x000000008c000000| Untracked 
| 193|0x000000008c100000, 0x000000008c100000, 0x000000008c200000|  0%| F|  |TAMS 0x000000008c100000| PB 0x000000008c100000| Untracked 
| 194|0x000000008c200000, 0x000000008c200000, 0x000000008c300000|  0%| F|  |TAMS 0x000000008c200000| PB 0x000000008c200000| Untracked 
| 195|0x000000008c300000, 0x000000008c300000, 0x000000008c400000|  0%| F|  |TAMS 0x000000008c300000| PB 0x000000008c300000| Untracked 
| 196|0x000000008c400000, 0x000000008c400000, 0x000000008c500000|  0%| F|  |TAMS 0x000000008c400000| PB 0x000000008c400000| Untracked 
| 197|0x000000008c500000, 0x000000008c500000, 0x000000008c600000|  0%| F|  |TAMS 0x000000008c500000| PB 0x000000008c500000| Untracked 
| 198|0x000000008c600000, 0x000000008c600000, 0x000000008c700000|  0%| F|  |TAMS 0x000000008c600000| PB 0x000000008c600000| Untracked 
| 199|0x000000008c700000, 0x000000008c700000, 0x000000008c800000|  0%| F|  |TAMS 0x000000008c700000| PB 0x000000008c700000| Untracked 
| 200|0x000000008c800000, 0x000000008c800000, 0x000000008c900000|  0%| F|  |TAMS 0x000000008c800000| PB 0x000000008c800000| Untracked 
| 201|0x000000008c900000, 0x000000008c900000, 0x000000008ca00000|  0%| F|  |TAMS 0x000000008c900000| PB 0x000000008c900000| Untracked 
| 202|0x000000008ca00000, 0x000000008ca00000, 0x000000008cb00000|  0%| F|  |TAMS 0x000000008ca00000| PB 0x000000008ca00000| Untracked 
| 203|0x000000008cb00000, 0x000000008cc00000, 0x000000008cc00000|100%| E|CS|TAMS 0x000000008cb00000| PB 0x000000008cb00000| Complete 
| 204|0x000000008cc00000, 0x000000008cd00000, 0x000000008cd00000|100%| E|CS|TAMS 0x000000008cc00000| PB 0x000000008cc00000| Complete 
| 205|0x000000008cd00000, 0x000000008ce00000, 0x000000008ce00000|100%| E|CS|TAMS 0x000000008cd00000| PB 0x000000008cd00000| Complete 
| 206|0x000000008ce00000, 0x000000008cf00000, 0x000000008cf00000|100%| E|CS|TAMS 0x000000008ce00000| PB 0x000000008ce00000| Complete 
| 207|0x000000008cf00000, 0x000000008d000000, 0x000000008d000000|100%| E|CS|TAMS 0x000000008cf00000| PB 0x000000008cf00000| Complete 
| 208|0x000000008d000000, 0x000000008d100000, 0x000000008d100000|100%| E|CS|TAMS 0x000000008d000000| PB 0x000000008d000000| Complete 
| 209|0x000000008d100000, 0x000000008d200000, 0x000000008d200000|100%| E|CS|TAMS 0x000000008d100000| PB 0x000000008d100000| Complete 
| 210|0x000000008d200000, 0x000000008d300000, 0x000000008d300000|100%| E|CS|TAMS 0x000000008d200000| PB 0x000000008d200000| Complete 
| 211|0x000000008d300000, 0x000000008d400000, 0x000000008d400000|100%| E|CS|TAMS 0x000000008d300000| PB 0x000000008d300000| Complete 
| 212|0x000000008d400000, 0x000000008d500000, 0x000000008d500000|100%| E|CS|TAMS 0x000000008d400000| PB 0x000000008d400000| Complete 
| 213|0x000000008d500000, 0x000000008d600000, 0x000000008d600000|100%| E|CS|TAMS 0x000000008d500000| PB 0x000000008d500000| Complete 
| 214|0x000000008d600000, 0x000000008d700000, 0x000000008d700000|100%| E|CS|TAMS 0x000000008d600000| PB 0x000000008d600000| Complete 
| 215|0x000000008d700000, 0x000000008d800000, 0x000000008d800000|100%| E|CS|TAMS 0x000000008d700000| PB 0x000000008d700000| Complete 
| 216|0x000000008d800000, 0x000000008d900000, 0x000000008d900000|100%| E|CS|TAMS 0x000000008d800000| PB 0x000000008d800000| Complete 
| 217|0x000000008d900000, 0x000000008da00000, 0x000000008da00000|100%| E|CS|TAMS 0x000000008d900000| PB 0x000000008d900000| Complete 
| 218|0x000000008da00000, 0x000000008db00000, 0x000000008db00000|100%| E|CS|TAMS 0x000000008da00000| PB 0x000000008da00000| Complete 
| 219|0x000000008db00000, 0x000000008dc00000, 0x000000008dc00000|100%| E|CS|TAMS 0x000000008db00000| PB 0x000000008db00000| Complete 
| 220|0x000000008dc00000, 0x000000008dd00000, 0x000000008dd00000|100%| E|CS|TAMS 0x000000008dc00000| PB 0x000000008dc00000| Complete 
| 221|0x000000008dd00000, 0x000000008de00000, 0x000000008de00000|100%| E|CS|TAMS 0x000000008dd00000| PB 0x000000008dd00000| Complete 
| 222|0x000000008de00000, 0x000000008df00000, 0x000000008df00000|100%| E|CS|TAMS 0x000000008de00000| PB 0x000000008de00000| Complete 
| 223|0x000000008df00000, 0x000000008e000000, 0x000000008e000000|100%| E|CS|TAMS 0x000000008df00000| PB 0x000000008df00000| Complete 
| 224|0x000000008e000000, 0x000000008e100000, 0x000000008e100000|100%| E|CS|TAMS 0x000000008e000000| PB 0x000000008e000000| Complete 
| 225|0x000000008e100000, 0x000000008e200000, 0x000000008e200000|100%| E|CS|TAMS 0x000000008e100000| PB 0x000000008e100000| Complete 
| 226|0x000000008e200000, 0x000000008e300000, 0x000000008e300000|100%| E|CS|TAMS 0x000000008e200000| PB 0x000000008e200000| Complete 
| 227|0x000000008e300000, 0x000000008e400000, 0x000000008e400000|100%| E|CS|TAMS 0x000000008e300000| PB 0x000000008e300000| Complete 
| 228|0x000000008e400000, 0x000000008e500000, 0x000000008e500000|100%| E|CS|TAMS 0x000000008e400000| PB 0x000000008e400000| Complete 
| 229|0x000000008e500000, 0x000000008e600000, 0x000000008e600000|100%| E|CS|TAMS 0x000000008e500000| PB 0x000000008e500000| Complete 
| 230|0x000000008e600000, 0x000000008e700000, 0x000000008e700000|100%| E|CS|TAMS 0x000000008e600000| PB 0x000000008e600000| Complete 
| 231|0x000000008e700000, 0x000000008e800000, 0x000000008e800000|100%| E|CS|TAMS 0x000000008e700000| PB 0x000000008e700000| Complete 
| 232|0x000000008e800000, 0x000000008e900000, 0x000000008e900000|100%| E|CS|TAMS 0x000000008e800000| PB 0x000000008e800000| Complete 
| 233|0x000000008e900000, 0x000000008ea00000, 0x000000008ea00000|100%| E|CS|TAMS 0x000000008e900000| PB 0x000000008e900000| Complete 
| 234|0x000000008ea00000, 0x000000008eb00000, 0x000000008eb00000|100%| E|CS|TAMS 0x000000008ea00000| PB 0x000000008ea00000| Complete 
| 235|0x000000008eb00000, 0x000000008ec00000, 0x000000008ec00000|100%| E|CS|TAMS 0x000000008eb00000| PB 0x000000008eb00000| Complete 
| 236|0x000000008ec00000, 0x000000008ed00000, 0x000000008ed00000|100%| E|CS|TAMS 0x000000008ec00000| PB 0x000000008ec00000| Complete 
| 237|0x000000008ed00000, 0x000000008ee00000, 0x000000008ee00000|100%| E|CS|TAMS 0x000000008ed00000| PB 0x000000008ed00000| Complete 
| 238|0x000000008ee00000, 0x000000008ef00000, 0x000000008ef00000|100%| E|CS|TAMS 0x000000008ee00000| PB 0x000000008ee00000| Complete 
| 239|0x000000008ef00000, 0x000000008f000000, 0x000000008f000000|100%| E|CS|TAMS 0x000000008ef00000| PB 0x000000008ef00000| Complete 
| 240|0x000000008f000000, 0x000000008f100000, 0x000000008f100000|100%| E|CS|TAMS 0x000000008f000000| PB 0x000000008f000000| Complete 
| 241|0x000000008f100000, 0x000000008f200000, 0x000000008f200000|100%| E|CS|TAMS 0x000000008f100000| PB 0x000000008f100000| Complete 
| 242|0x000000008f200000, 0x000000008f300000, 0x000000008f300000|100%| E|CS|TAMS 0x000000008f200000| PB 0x000000008f200000| Complete 
| 243|0x000000008f300000, 0x000000008f400000, 0x000000008f400000|100%| E|CS|TAMS 0x000000008f300000| PB 0x000000008f300000| Complete 
| 244|0x000000008f400000, 0x000000008f500000, 0x000000008f500000|100%| E|CS|TAMS 0x000000008f400000| PB 0x000000008f400000| Complete 
| 245|0x000000008f500000, 0x000000008f600000, 0x000000008f600000|100%| E|CS|TAMS 0x000000008f500000| PB 0x000000008f500000| Complete 
| 246|0x000000008f600000, 0x000000008f700000, 0x000000008f700000|100%| E|CS|TAMS 0x000000008f600000| PB 0x000000008f600000| Complete 
| 247|0x000000008f700000, 0x000000008f800000, 0x000000008f800000|100%| E|CS|TAMS 0x000000008f700000| PB 0x000000008f700000| Complete 
| 248|0x000000008f800000, 0x000000008f900000, 0x000000008f900000|100%| E|CS|TAMS 0x000000008f800000| PB 0x000000008f800000| Complete 
| 249|0x000000008f900000, 0x000000008fa00000, 0x000000008fa00000|100%| E|CS|TAMS 0x000000008f900000| PB 0x000000008f900000| Complete 
| 250|0x000000008fa00000, 0x000000008fb00000, 0x000000008fb00000|100%| E|CS|TAMS 0x000000008fa00000| PB 0x000000008fa00000| Complete 
| 251|0x000000008fb00000, 0x000000008fc00000, 0x000000008fc00000|100%| E|CS|TAMS 0x000000008fb00000| PB 0x000000008fb00000| Complete 
| 252|0x000000008fc00000, 0x000000008fd00000, 0x000000008fd00000|100%| E|CS|TAMS 0x000000008fc00000| PB 0x000000008fc00000| Complete 
| 253|0x000000008fd00000, 0x000000008fe00000, 0x000000008fe00000|100%| E|CS|TAMS 0x000000008fd00000| PB 0x000000008fd00000| Complete 
| 254|0x000000008fe00000, 0x000000008ff00000, 0x000000008ff00000|100%| E|CS|TAMS 0x000000008fe00000| PB 0x000000008fe00000| Complete 
| 255|0x000000008ff00000, 0x0000000090000000, 0x0000000090000000|100%| E|CS|TAMS 0x000000008ff00000| PB 0x000000008ff00000| Complete 
| 256|0x0000000090000000, 0x0000000090100000, 0x0000000090100000|100%| E|CS|TAMS 0x0000000090000000| PB 0x0000000090000000| Complete 
| 257|0x0000000090100000, 0x0000000090200000, 0x0000000090200000|100%| E|CS|TAMS 0x0000000090100000| PB 0x0000000090100000| Complete 
| 258|0x0000000090200000, 0x0000000090300000, 0x0000000090300000|100%| E|CS|TAMS 0x0000000090200000| PB 0x0000000090200000| Complete 
| 259|0x0000000090300000, 0x0000000090400000, 0x0000000090400000|100%| E|CS|TAMS 0x0000000090300000| PB 0x0000000090300000| Complete 
| 260|0x0000000090400000, 0x0000000090500000, 0x0000000090500000|100%| E|CS|TAMS 0x0000000090400000| PB 0x0000000090400000| Complete 
| 261|0x0000000090500000, 0x0000000090600000, 0x0000000090600000|100%| E|CS|TAMS 0x0000000090500000| PB 0x0000000090500000| Complete 
| 262|0x0000000090600000, 0x0000000090700000, 0x0000000090700000|100%| E|CS|TAMS 0x0000000090600000| PB 0x0000000090600000| Complete 
| 263|0x0000000090700000, 0x0000000090800000, 0x0000000090800000|100%| E|CS|TAMS 0x0000000090700000| PB 0x0000000090700000| Complete 
| 264|0x0000000090800000, 0x0000000090900000, 0x0000000090900000|100%| E|CS|TAMS 0x0000000090800000| PB 0x0000000090800000| Complete 
| 265|0x0000000090900000, 0x0000000090a00000, 0x0000000090a00000|100%| E|CS|TAMS 0x0000000090900000| PB 0x0000000090900000| Complete 
| 266|0x0000000090a00000, 0x0000000090b00000, 0x0000000090b00000|100%| E|CS|TAMS 0x0000000090a00000| PB 0x0000000090a00000| Complete 
| 267|0x0000000090b00000, 0x0000000090c00000, 0x0000000090c00000|100%| E|CS|TAMS 0x0000000090b00000| PB 0x0000000090b00000| Complete 
| 268|0x0000000090c00000, 0x0000000090d00000, 0x0000000090d00000|100%| E|CS|TAMS 0x0000000090c00000| PB 0x0000000090c00000| Complete 
| 269|0x0000000090d00000, 0x0000000090e00000, 0x0000000090e00000|100%| E|CS|TAMS 0x0000000090d00000| PB 0x0000000090d00000| Complete 
| 270|0x0000000090e00000, 0x0000000090f00000, 0x0000000090f00000|100%| E|CS|TAMS 0x0000000090e00000| PB 0x0000000090e00000| Complete 
| 271|0x0000000090f00000, 0x0000000091000000, 0x0000000091000000|100%| E|CS|TAMS 0x0000000090f00000| PB 0x0000000090f00000| Complete 
| 272|0x0000000091000000, 0x0000000091100000, 0x0000000091100000|100%| E|CS|TAMS 0x0000000091000000| PB 0x0000000091000000| Complete 
| 273|0x0000000091100000, 0x0000000091200000, 0x0000000091200000|100%| E|CS|TAMS 0x0000000091100000| PB 0x0000000091100000| Complete 
| 274|0x0000000091200000, 0x0000000091300000, 0x0000000091300000|100%| E|CS|TAMS 0x0000000091200000| PB 0x0000000091200000| Complete 
| 275|0x0000000091300000, 0x0000000091400000, 0x0000000091400000|100%| E|CS|TAMS 0x0000000091300000| PB 0x0000000091300000| Complete 
| 276|0x0000000091400000, 0x0000000091500000, 0x0000000091500000|100%| E|CS|TAMS 0x0000000091400000| PB 0x0000000091400000| Complete 
| 277|0x0000000091500000, 0x0000000091600000, 0x0000000091600000|100%| E|CS|TAMS 0x0000000091500000| PB 0x0000000091500000| Complete 
| 278|0x0000000091600000, 0x0000000091700000, 0x0000000091700000|100%| E|CS|TAMS 0x0000000091600000| PB 0x0000000091600000| Complete 
| 279|0x0000000091700000, 0x0000000091800000, 0x0000000091800000|100%| E|CS|TAMS 0x0000000091700000| PB 0x0000000091700000| Complete 
| 280|0x0000000091800000, 0x0000000091900000, 0x0000000091900000|100%| E|CS|TAMS 0x0000000091800000| PB 0x0000000091800000| Complete 
| 281|0x0000000091900000, 0x0000000091a00000, 0x0000000091a00000|100%| E|CS|TAMS 0x0000000091900000| PB 0x0000000091900000| Complete 
| 282|0x0000000091a00000, 0x0000000091b00000, 0x0000000091b00000|100%| E|CS|TAMS 0x0000000091a00000| PB 0x0000000091a00000| Complete 
| 283|0x0000000091b00000, 0x0000000091c00000, 0x0000000091c00000|100%| E|CS|TAMS 0x0000000091b00000| PB 0x0000000091b00000| Complete 
| 284|0x0000000091c00000, 0x0000000091d00000, 0x0000000091d00000|100%| E|CS|TAMS 0x0000000091c00000| PB 0x0000000091c00000| Complete 
| 285|0x0000000091d00000, 0x0000000091e00000, 0x0000000091e00000|100%| E|CS|TAMS 0x0000000091d00000| PB 0x0000000091d00000| Complete 
| 286|0x0000000091e00000, 0x0000000091f00000, 0x0000000091f00000|100%| E|CS|TAMS 0x0000000091e00000| PB 0x0000000091e00000| Complete 
| 287|0x0000000091f00000, 0x0000000092000000, 0x0000000092000000|100%| E|CS|TAMS 0x0000000091f00000| PB 0x0000000091f00000| Complete 
| 288|0x0000000092000000, 0x0000000092100000, 0x0000000092100000|100%| E|CS|TAMS 0x0000000092000000| PB 0x0000000092000000| Complete 
| 289|0x0000000092100000, 0x0000000092200000, 0x0000000092200000|100%| E|CS|TAMS 0x0000000092100000| PB 0x0000000092100000| Complete 
| 290|0x0000000092200000, 0x0000000092300000, 0x0000000092300000|100%| E|CS|TAMS 0x0000000092200000| PB 0x0000000092200000| Complete 
| 291|0x0000000092300000, 0x0000000092400000, 0x0000000092400000|100%| E|CS|TAMS 0x0000000092300000| PB 0x0000000092300000| Complete 
| 292|0x0000000092400000, 0x0000000092500000, 0x0000000092500000|100%| E|CS|TAMS 0x0000000092400000| PB 0x0000000092400000| Complete 
| 293|0x0000000092500000, 0x0000000092600000, 0x0000000092600000|100%| E|  |TAMS 0x0000000092500000| PB 0x0000000092500000| Complete 
| 294|0x0000000092600000, 0x0000000092700000, 0x0000000092700000|100%| E|CS|TAMS 0x0000000092600000| PB 0x0000000092600000| Complete 
| 295|0x0000000092700000, 0x0000000092800000, 0x0000000092800000|100%| E|CS|TAMS 0x0000000092700000| PB 0x0000000092700000| Complete 
| 296|0x0000000092800000, 0x0000000092900000, 0x0000000092900000|100%| E|CS|TAMS 0x0000000092800000| PB 0x0000000092800000| Complete 
| 297|0x0000000092900000, 0x0000000092a00000, 0x0000000092a00000|100%| E|CS|TAMS 0x0000000092900000| PB 0x0000000092900000| Complete 
| 298|0x0000000092a00000, 0x0000000092b00000, 0x0000000092b00000|100%| E|CS|TAMS 0x0000000092a00000| PB 0x0000000092a00000| Complete 
| 299|0x0000000092b00000, 0x0000000092c00000, 0x0000000092c00000|100%| E|CS|TAMS 0x0000000092b00000| PB 0x0000000092b00000| Complete 
| 300|0x0000000092c00000, 0x0000000092d00000, 0x0000000092d00000|100%| E|CS|TAMS 0x0000000092c00000| PB 0x0000000092c00000| Complete 
| 301|0x0000000092d00000, 0x0000000092e00000, 0x0000000092e00000|100%| E|CS|TAMS 0x0000000092d00000| PB 0x0000000092d00000| Complete 
| 302|0x0000000092e00000, 0x0000000092f00000, 0x0000000092f00000|100%| E|CS|TAMS 0x0000000092e00000| PB 0x0000000092e00000| Complete 
| 303|0x0000000092f00000, 0x0000000093000000, 0x0000000093000000|100%| E|CS|TAMS 0x0000000092f00000| PB 0x0000000092f00000| Complete 
| 304|0x0000000093000000, 0x0000000093100000, 0x0000000093100000|100%| E|CS|TAMS 0x0000000093000000| PB 0x0000000093000000| Complete 
| 305|0x0000000093100000, 0x0000000093200000, 0x0000000093200000|100%| E|CS|TAMS 0x0000000093100000| PB 0x0000000093100000| Complete 
| 306|0x0000000093200000, 0x0000000093300000, 0x0000000093300000|100%| E|CS|TAMS 0x0000000093200000| PB 0x0000000093200000| Complete 
| 307|0x0000000093300000, 0x0000000093400000, 0x0000000093400000|100%| E|CS|TAMS 0x0000000093300000| PB 0x0000000093300000| Complete 
| 308|0x0000000093400000, 0x0000000093500000, 0x0000000093500000|100%| E|CS|TAMS 0x0000000093400000| PB 0x0000000093400000| Complete 
| 309|0x0000000093500000, 0x0000000093600000, 0x0000000093600000|100%| E|CS|TAMS 0x0000000093500000| PB 0x0000000093500000| Complete 
| 310|0x0000000093600000, 0x0000000093700000, 0x0000000093700000|100%| E|CS|TAMS 0x0000000093600000| PB 0x0000000093600000| Complete 
| 311|0x0000000093700000, 0x0000000093800000, 0x0000000093800000|100%| E|CS|TAMS 0x0000000093700000| PB 0x0000000093700000| Complete 
| 312|0x0000000093800000, 0x0000000093900000, 0x0000000093900000|100%| E|CS|TAMS 0x0000000093800000| PB 0x0000000093800000| Complete 
| 313|0x0000000093900000, 0x0000000093a00000, 0x0000000093a00000|100%| E|CS|TAMS 0x0000000093900000| PB 0x0000000093900000| Complete 
| 314|0x0000000093a00000, 0x0000000093b00000, 0x0000000093b00000|100%| E|CS|TAMS 0x0000000093a00000| PB 0x0000000093a00000| Complete 
| 315|0x0000000093b00000, 0x0000000093c00000, 0x0000000093c00000|100%| E|CS|TAMS 0x0000000093b00000| PB 0x0000000093b00000| Complete 
| 316|0x0000000093c00000, 0x0000000093d00000, 0x0000000093d00000|100%| E|CS|TAMS 0x0000000093c00000| PB 0x0000000093c00000| Complete 
| 317|0x0000000093d00000, 0x0000000093e00000, 0x0000000093e00000|100%| E|CS|TAMS 0x0000000093d00000| PB 0x0000000093d00000| Complete 
| 318|0x0000000093e00000, 0x0000000093ea6820, 0x0000000093f00000| 65%| S|CS|TAMS 0x0000000093e00000| PB 0x0000000093e00000| Complete 
| 319|0x0000000093f00000, 0x0000000094000000, 0x0000000094000000|100%| S|CS|TAMS 0x0000000093f00000| PB 0x0000000093f00000| Complete 
| 320|0x0000000094000000, 0x0000000094100000, 0x0000000094100000|100%| S|CS|TAMS 0x0000000094000000| PB 0x0000000094000000| Complete 
| 321|0x0000000094100000, 0x0000000094200000, 0x0000000094200000|100%| S|CS|TAMS 0x0000000094100000| PB 0x0000000094100000| Complete 
| 322|0x0000000094200000, 0x0000000094300000, 0x0000000094300000|100%| S|CS|TAMS 0x0000000094200000| PB 0x0000000094200000| Complete 
| 323|0x0000000094300000, 0x0000000094400000, 0x0000000094400000|100%| S|CS|TAMS 0x0000000094300000| PB 0x0000000094300000| Complete 
| 324|0x0000000094400000, 0x0000000094500000, 0x0000000094500000|100%| S|CS|TAMS 0x0000000094400000| PB 0x0000000094400000| Complete 
| 325|0x0000000094500000, 0x0000000094600000, 0x0000000094600000|100%| S|CS|TAMS 0x0000000094500000| PB 0x0000000094500000| Complete 
| 326|0x0000000094600000, 0x0000000094700000, 0x0000000094700000|100%| S|CS|TAMS 0x0000000094600000| PB 0x0000000094600000| Complete 
| 327|0x0000000094700000, 0x0000000094800000, 0x0000000094800000|100%| S|CS|TAMS 0x0000000094700000| PB 0x0000000094700000| Complete 
| 328|0x0000000094800000, 0x0000000094900000, 0x0000000094900000|100%| S|CS|TAMS 0x0000000094800000| PB 0x0000000094800000| Complete 
| 329|0x0000000094900000, 0x0000000094a00000, 0x0000000094a00000|100%| S|CS|TAMS 0x0000000094900000| PB 0x0000000094900000| Complete 
| 330|0x0000000094a00000, 0x0000000094b00000, 0x0000000094b00000|100%| S|CS|TAMS 0x0000000094a00000| PB 0x0000000094a00000| Complete 
| 331|0x0000000094b00000, 0x0000000094c00000, 0x0000000094c00000|100%| S|CS|TAMS 0x0000000094b00000| PB 0x0000000094b00000| Complete 
| 332|0x0000000094c00000, 0x0000000094d00000, 0x0000000094d00000|100%| S|CS|TAMS 0x0000000094c00000| PB 0x0000000094c00000| Complete 
| 333|0x0000000094d00000, 0x0000000094e00000, 0x0000000094e00000|100%| S|CS|TAMS 0x0000000094d00000| PB 0x0000000094d00000| Complete 
| 334|0x0000000094e00000, 0x0000000094f00000, 0x0000000094f00000|100%| S|CS|TAMS 0x0000000094e00000| PB 0x0000000094e00000| Complete 
| 335|0x0000000094f00000, 0x0000000095000000, 0x0000000095000000|100%| S|CS|TAMS 0x0000000094f00000| PB 0x0000000094f00000| Complete 
| 336|0x0000000095000000, 0x0000000095100000, 0x0000000095100000|100%| S|CS|TAMS 0x0000000095000000| PB 0x0000000095000000| Complete 
| 337|0x0000000095100000, 0x0000000095200000, 0x0000000095200000|100%| S|CS|TAMS 0x0000000095100000| PB 0x0000000095100000| Complete 
| 338|0x0000000095200000, 0x0000000095300000, 0x0000000095300000|100%| S|CS|TAMS 0x0000000095200000| PB 0x0000000095200000| Complete 
| 339|0x0000000095300000, 0x0000000095400000, 0x0000000095400000|100%| S|CS|TAMS 0x0000000095300000| PB 0x0000000095300000| Complete 
| 340|0x0000000095400000, 0x0000000095500000, 0x0000000095500000|100%| S|CS|TAMS 0x0000000095400000| PB 0x0000000095400000| Complete 
| 341|0x0000000095500000, 0x0000000095600000, 0x0000000095600000|100%| S|CS|TAMS 0x0000000095500000| PB 0x0000000095500000| Complete 
| 342|0x0000000095600000, 0x0000000095700000, 0x0000000095700000|100%| S|CS|TAMS 0x0000000095600000| PB 0x0000000095600000| Complete 
| 343|0x0000000095700000, 0x0000000095800000, 0x0000000095800000|100%| S|CS|TAMS 0x0000000095700000| PB 0x0000000095700000| Complete 
| 344|0x0000000095800000, 0x0000000095900000, 0x0000000095900000|100%| S|CS|TAMS 0x0000000095800000| PB 0x0000000095800000| Complete 
| 345|0x0000000095900000, 0x0000000095a00000, 0x0000000095a00000|100%| S|CS|TAMS 0x0000000095900000| PB 0x0000000095900000| Complete 
| 346|0x0000000095a00000, 0x0000000095b00000, 0x0000000095b00000|100%| E|CS|TAMS 0x0000000095a00000| PB 0x0000000095a00000| Complete 
| 347|0x0000000095b00000, 0x0000000095c00000, 0x0000000095c00000|100%| E|CS|TAMS 0x0000000095b00000| PB 0x0000000095b00000| Complete 
| 348|0x0000000095c00000, 0x0000000095d00000, 0x0000000095d00000|100%| E|CS|TAMS 0x0000000095c00000| PB 0x0000000095c00000| Complete 
| 349|0x0000000095d00000, 0x0000000095e00000, 0x0000000095e00000|100%| E|CS|TAMS 0x0000000095d00000| PB 0x0000000095d00000| Complete 
| 350|0x0000000095e00000, 0x0000000095f00000, 0x0000000095f00000|100%| E|CS|TAMS 0x0000000095e00000| PB 0x0000000095e00000| Complete 
| 351|0x0000000095f00000, 0x0000000096000000, 0x0000000096000000|100%| E|CS|TAMS 0x0000000095f00000| PB 0x0000000095f00000| Complete 
| 352|0x0000000096000000, 0x0000000096100000, 0x0000000096100000|100%| E|CS|TAMS 0x0000000096000000| PB 0x0000000096000000| Complete 
| 353|0x0000000096100000, 0x0000000096200000, 0x0000000096200000|100%| E|CS|TAMS 0x0000000096100000| PB 0x0000000096100000| Complete 
| 354|0x0000000096200000, 0x0000000096300000, 0x0000000096300000|100%| E|CS|TAMS 0x0000000096200000| PB 0x0000000096200000| Complete 
| 355|0x0000000096300000, 0x0000000096400000, 0x0000000096400000|100%| E|CS|TAMS 0x0000000096300000| PB 0x0000000096300000| Complete 
| 356|0x0000000096400000, 0x0000000096500000, 0x0000000096500000|100%| E|CS|TAMS 0x0000000096400000| PB 0x0000000096400000| Complete 
| 357|0x0000000096500000, 0x0000000096600000, 0x0000000096600000|100%| E|CS|TAMS 0x0000000096500000| PB 0x0000000096500000| Complete 
| 358|0x0000000096600000, 0x0000000096700000, 0x0000000096700000|100%| E|CS|TAMS 0x0000000096600000| PB 0x0000000096600000| Complete 
| 359|0x0000000096700000, 0x0000000096800000, 0x0000000096800000|100%| E|CS|TAMS 0x0000000096700000| PB 0x0000000096700000| Complete 
| 360|0x0000000096800000, 0x0000000096900000, 0x0000000096900000|100%| E|CS|TAMS 0x0000000096800000| PB 0x0000000096800000| Complete 
| 361|0x0000000096900000, 0x0000000096a00000, 0x0000000096a00000|100%| E|CS|TAMS 0x0000000096900000| PB 0x0000000096900000| Complete 
| 362|0x0000000096a00000, 0x0000000096b00000, 0x0000000096b00000|100%| E|CS|TAMS 0x0000000096a00000| PB 0x0000000096a00000| Complete 
| 363|0x0000000096b00000, 0x0000000096c00000, 0x0000000096c00000|100%| E|CS|TAMS 0x0000000096b00000| PB 0x0000000096b00000| Complete 
| 364|0x0000000096c00000, 0x0000000096d00000, 0x0000000096d00000|100%| E|CS|TAMS 0x0000000096c00000| PB 0x0000000096c00000| Complete 
| 365|0x0000000096d00000, 0x0000000096e00000, 0x0000000096e00000|100%| E|CS|TAMS 0x0000000096d00000| PB 0x0000000096d00000| Complete 
| 366|0x0000000096e00000, 0x0000000096f00000, 0x0000000096f00000|100%| E|CS|TAMS 0x0000000096e00000| PB 0x0000000096e00000| Complete 
| 367|0x0000000096f00000, 0x0000000097000000, 0x0000000097000000|100%| E|CS|TAMS 0x0000000096f00000| PB 0x0000000096f00000| Complete 
| 368|0x0000000097000000, 0x0000000097100000, 0x0000000097100000|100%| E|CS|TAMS 0x0000000097000000| PB 0x0000000097000000| Complete 
| 369|0x0000000097100000, 0x0000000097200000, 0x0000000097200000|100%| E|CS|TAMS 0x0000000097100000| PB 0x0000000097100000| Complete 
| 370|0x0000000097200000, 0x0000000097300000, 0x0000000097300000|100%| E|CS|TAMS 0x0000000097200000| PB 0x0000000097200000| Complete 
| 371|0x0000000097300000, 0x0000000097400000, 0x0000000097400000|100%| E|CS|TAMS 0x0000000097300000| PB 0x0000000097300000| Complete 
| 372|0x0000000097400000, 0x0000000097500000, 0x0000000097500000|100%| E|CS|TAMS 0x0000000097400000| PB 0x0000000097400000| Complete 
| 373|0x0000000097500000, 0x0000000097600000, 0x0000000097600000|100%| E|CS|TAMS 0x0000000097500000| PB 0x0000000097500000| Complete 
| 374|0x0000000097600000, 0x0000000097700000, 0x0000000097700000|100%| E|CS|TAMS 0x0000000097600000| PB 0x0000000097600000| Complete 
| 375|0x0000000097700000, 0x0000000097800000, 0x0000000097800000|100%| E|CS|TAMS 0x0000000097700000| PB 0x0000000097700000| Complete 
| 376|0x0000000097800000, 0x0000000097900000, 0x0000000097900000|100%| E|CS|TAMS 0x0000000097800000| PB 0x0000000097800000| Complete 
| 377|0x0000000097900000, 0x0000000097a00000, 0x0000000097a00000|100%| E|CS|TAMS 0x0000000097900000| PB 0x0000000097900000| Complete 
| 378|0x0000000097a00000, 0x0000000097b00000, 0x0000000097b00000|100%| E|CS|TAMS 0x0000000097a00000| PB 0x0000000097a00000| Complete 
| 379|0x0000000097b00000, 0x0000000097c00000, 0x0000000097c00000|100%| E|CS|TAMS 0x0000000097b00000| PB 0x0000000097b00000| Complete 
| 380|0x0000000097c00000, 0x0000000097d00000, 0x0000000097d00000|100%| E|CS|TAMS 0x0000000097c00000| PB 0x0000000097c00000| Complete 
| 381|0x0000000097d00000, 0x0000000097e00000, 0x0000000097e00000|100%| E|CS|TAMS 0x0000000097d00000| PB 0x0000000097d00000| Complete 
| 382|0x0000000097e00000, 0x0000000097f00000, 0x0000000097f00000|100%| E|CS|TAMS 0x0000000097e00000| PB 0x0000000097e00000| Complete 
| 383|0x0000000097f00000, 0x0000000098000000, 0x0000000098000000|100%| E|CS|TAMS 0x0000000097f00000| PB 0x0000000097f00000| Complete 
| 384|0x0000000098000000, 0x0000000098100000, 0x0000000098100000|100%| E|CS|TAMS 0x0000000098000000| PB 0x0000000098000000| Complete 
| 385|0x0000000098100000, 0x0000000098200000, 0x0000000098200000|100%| E|CS|TAMS 0x0000000098100000| PB 0x0000000098100000| Complete 
| 386|0x0000000098200000, 0x0000000098300000, 0x0000000098300000|100%| E|CS|TAMS 0x0000000098200000| PB 0x0000000098200000| Complete 
| 387|0x0000000098300000, 0x0000000098400000, 0x0000000098400000|100%| E|CS|TAMS 0x0000000098300000| PB 0x0000000098300000| Complete 
| 388|0x0000000098400000, 0x0000000098500000, 0x0000000098500000|100%| E|CS|TAMS 0x0000000098400000| PB 0x0000000098400000| Complete 
| 389|0x0000000098500000, 0x0000000098600000, 0x0000000098600000|100%| E|CS|TAMS 0x0000000098500000| PB 0x0000000098500000| Complete 
| 390|0x0000000098600000, 0x0000000098700000, 0x0000000098700000|100%| E|CS|TAMS 0x0000000098600000| PB 0x0000000098600000| Complete 
| 391|0x0000000098700000, 0x0000000098800000, 0x0000000098800000|100%| E|CS|TAMS 0x0000000098700000| PB 0x0000000098700000| Complete 
| 392|0x0000000098800000, 0x0000000098900000, 0x0000000098900000|100%| E|CS|TAMS 0x0000000098800000| PB 0x0000000098800000| Complete 
| 393|0x0000000098900000, 0x0000000098a00000, 0x0000000098a00000|100%| E|CS|TAMS 0x0000000098900000| PB 0x0000000098900000| Complete 
| 394|0x0000000098a00000, 0x0000000098b00000, 0x0000000098b00000|100%| E|CS|TAMS 0x0000000098a00000| PB 0x0000000098a00000| Complete 
| 395|0x0000000098b00000, 0x0000000098c00000, 0x0000000098c00000|100%| E|CS|TAMS 0x0000000098b00000| PB 0x0000000098b00000| Complete 
| 396|0x0000000098c00000, 0x0000000098d00000, 0x0000000098d00000|100%| E|CS|TAMS 0x0000000098c00000| PB 0x0000000098c00000| Complete 
| 397|0x0000000098d00000, 0x0000000098e00000, 0x0000000098e00000|100%| E|CS|TAMS 0x0000000098d00000| PB 0x0000000098d00000| Complete 
| 398|0x0000000098e00000, 0x0000000098f00000, 0x0000000098f00000|100%| E|CS|TAMS 0x0000000098e00000| PB 0x0000000098e00000| Complete 
| 399|0x0000000098f00000, 0x0000000099000000, 0x0000000099000000|100%| E|CS|TAMS 0x0000000098f00000| PB 0x0000000098f00000| Complete 
| 400|0x0000000099000000, 0x0000000099100000, 0x0000000099100000|100%| E|CS|TAMS 0x0000000099000000| PB 0x0000000099000000| Complete 
| 401|0x0000000099100000, 0x0000000099200000, 0x0000000099200000|100%| E|CS|TAMS 0x0000000099100000| PB 0x0000000099100000| Complete 
| 402|0x0000000099200000, 0x0000000099300000, 0x0000000099300000|100%| E|CS|TAMS 0x0000000099200000| PB 0x0000000099200000| Complete 
| 403|0x0000000099300000, 0x0000000099400000, 0x0000000099400000|100%| E|CS|TAMS 0x0000000099300000| PB 0x0000000099300000| Complete 
| 404|0x0000000099400000, 0x0000000099500000, 0x0000000099500000|100%| E|CS|TAMS 0x0000000099400000| PB 0x0000000099400000| Complete 
| 405|0x0000000099500000, 0x0000000099600000, 0x0000000099600000|100%| E|CS|TAMS 0x0000000099500000| PB 0x0000000099500000| Complete 
| 406|0x0000000099600000, 0x0000000099700000, 0x0000000099700000|100%| E|CS|TAMS 0x0000000099600000| PB 0x0000000099600000| Complete 
| 407|0x0000000099700000, 0x0000000099800000, 0x0000000099800000|100%| E|CS|TAMS 0x0000000099700000| PB 0x0000000099700000| Complete 
| 408|0x0000000099800000, 0x0000000099900000, 0x0000000099900000|100%| E|CS|TAMS 0x0000000099800000| PB 0x0000000099800000| Complete 
| 409|0x0000000099900000, 0x0000000099a00000, 0x0000000099a00000|100%| E|CS|TAMS 0x0000000099900000| PB 0x0000000099900000| Complete 
| 410|0x0000000099a00000, 0x0000000099b00000, 0x0000000099b00000|100%| E|CS|TAMS 0x0000000099a00000| PB 0x0000000099a00000| Complete 
| 411|0x0000000099b00000, 0x0000000099c00000, 0x0000000099c00000|100%| E|CS|TAMS 0x0000000099b00000| PB 0x0000000099b00000| Complete 
| 412|0x0000000099c00000, 0x0000000099d00000, 0x0000000099d00000|100%| E|CS|TAMS 0x0000000099c00000| PB 0x0000000099c00000| Complete 
| 413|0x0000000099d00000, 0x0000000099e00000, 0x0000000099e00000|100%| E|CS|TAMS 0x0000000099d00000| PB 0x0000000099d00000| Complete 
| 414|0x0000000099e00000, 0x0000000099f00000, 0x0000000099f00000|100%| E|CS|TAMS 0x0000000099e00000| PB 0x0000000099e00000| Complete 
| 415|0x0000000099f00000, 0x000000009a000000, 0x000000009a000000|100%| E|CS|TAMS 0x0000000099f00000| PB 0x0000000099f00000| Complete 
| 416|0x000000009a000000, 0x000000009a100000, 0x000000009a100000|100%| E|CS|TAMS 0x000000009a000000| PB 0x000000009a000000| Complete 
| 417|0x000000009a100000, 0x000000009a200000, 0x000000009a200000|100%| E|CS|TAMS 0x000000009a100000| PB 0x000000009a100000| Complete 
| 418|0x000000009a200000, 0x000000009a300000, 0x000000009a300000|100%| E|CS|TAMS 0x000000009a200000| PB 0x000000009a200000| Complete 
| 419|0x000000009a300000, 0x000000009a400000, 0x000000009a400000|100%| E|CS|TAMS 0x000000009a300000| PB 0x000000009a300000| Complete 
| 420|0x000000009a400000, 0x000000009a500000, 0x000000009a500000|100%| E|CS|TAMS 0x000000009a400000| PB 0x000000009a400000| Complete 
| 421|0x000000009a500000, 0x000000009a600000, 0x000000009a600000|100%| E|CS|TAMS 0x000000009a500000| PB 0x000000009a500000| Complete 
| 422|0x000000009a600000, 0x000000009a700000, 0x000000009a700000|100%| E|CS|TAMS 0x000000009a600000| PB 0x000000009a600000| Complete 
| 423|0x000000009a700000, 0x000000009a800000, 0x000000009a800000|100%| E|CS|TAMS 0x000000009a700000| PB 0x000000009a700000| Complete 
| 424|0x000000009a800000, 0x000000009a900000, 0x000000009a900000|100%| E|CS|TAMS 0x000000009a800000| PB 0x000000009a800000| Complete 
| 425|0x000000009a900000, 0x000000009aa00000, 0x000000009aa00000|100%| E|CS|TAMS 0x000000009a900000| PB 0x000000009a900000| Complete 
| 426|0x000000009aa00000, 0x000000009ab00000, 0x000000009ab00000|100%| E|CS|TAMS 0x000000009aa00000| PB 0x000000009aa00000| Complete 
| 427|0x000000009ab00000, 0x000000009ac00000, 0x000000009ac00000|100%| E|CS|TAMS 0x000000009ab00000| PB 0x000000009ab00000| Complete 
| 428|0x000000009ac00000, 0x000000009ad00000, 0x000000009ad00000|100%| E|CS|TAMS 0x000000009ac00000| PB 0x000000009ac00000| Complete 
| 429|0x000000009ad00000, 0x000000009ae00000, 0x000000009ae00000|100%| E|CS|TAMS 0x000000009ad00000| PB 0x000000009ad00000| Complete 
| 430|0x000000009ae00000, 0x000000009af00000, 0x000000009af00000|100%| E|CS|TAMS 0x000000009ae00000| PB 0x000000009ae00000| Complete 
| 431|0x000000009af00000, 0x000000009b000000, 0x000000009b000000|100%| E|CS|TAMS 0x000000009af00000| PB 0x000000009af00000| Complete 
| 432|0x000000009b000000, 0x000000009b100000, 0x000000009b100000|100%| E|CS|TAMS 0x000000009b000000| PB 0x000000009b000000| Complete 
| 433|0x000000009b100000, 0x000000009b200000, 0x000000009b200000|100%| E|CS|TAMS 0x000000009b100000| PB 0x000000009b100000| Complete 
| 434|0x000000009b200000, 0x000000009b300000, 0x000000009b300000|100%| E|CS|TAMS 0x000000009b200000| PB 0x000000009b200000| Complete 
| 435|0x000000009b300000, 0x000000009b400000, 0x000000009b400000|100%| E|CS|TAMS 0x000000009b300000| PB 0x000000009b300000| Complete 
| 436|0x000000009b400000, 0x000000009b500000, 0x000000009b500000|100%| E|CS|TAMS 0x000000009b400000| PB 0x000000009b400000| Complete 
| 437|0x000000009b500000, 0x000000009b600000, 0x000000009b600000|100%| E|CS|TAMS 0x000000009b500000| PB 0x000000009b500000| Complete 
| 438|0x000000009b600000, 0x000000009b700000, 0x000000009b700000|100%| E|CS|TAMS 0x000000009b600000| PB 0x000000009b600000| Complete 
| 439|0x000000009b700000, 0x000000009b800000, 0x000000009b800000|100%| E|CS|TAMS 0x000000009b700000| PB 0x000000009b700000| Complete 
| 440|0x000000009b800000, 0x000000009b900000, 0x000000009b900000|100%| E|CS|TAMS 0x000000009b800000| PB 0x000000009b800000| Complete 
| 441|0x000000009b900000, 0x000000009ba00000, 0x000000009ba00000|100%| E|CS|TAMS 0x000000009b900000| PB 0x000000009b900000| Complete 
| 442|0x000000009ba00000, 0x000000009bb00000, 0x000000009bb00000|100%| E|CS|TAMS 0x000000009ba00000| PB 0x000000009ba00000| Complete 
| 443|0x000000009bb00000, 0x000000009bc00000, 0x000000009bc00000|100%| E|CS|TAMS 0x000000009bb00000| PB 0x000000009bb00000| Complete 
| 444|0x000000009bc00000, 0x000000009bd00000, 0x000000009bd00000|100%| E|CS|TAMS 0x000000009bc00000| PB 0x000000009bc00000| Complete 
| 445|0x000000009bd00000, 0x000000009be00000, 0x000000009be00000|100%| E|CS|TAMS 0x000000009bd00000| PB 0x000000009bd00000| Complete 
| 446|0x000000009be00000, 0x000000009bf00000, 0x000000009bf00000|100%| E|CS|TAMS 0x000000009be00000| PB 0x000000009be00000| Complete 
| 447|0x000000009bf00000, 0x000000009c000000, 0x000000009c000000|100%| E|CS|TAMS 0x000000009bf00000| PB 0x000000009bf00000| Complete 
| 448|0x000000009c000000, 0x000000009c100000, 0x000000009c100000|100%| E|CS|TAMS 0x000000009c000000| PB 0x000000009c000000| Complete 
| 449|0x000000009c100000, 0x000000009c200000, 0x000000009c200000|100%| E|CS|TAMS 0x000000009c100000| PB 0x000000009c100000| Complete 
| 450|0x000000009c200000, 0x000000009c300000, 0x000000009c300000|100%| E|CS|TAMS 0x000000009c200000| PB 0x000000009c200000| Complete 
| 451|0x000000009c300000, 0x000000009c400000, 0x000000009c400000|100%| E|CS|TAMS 0x000000009c300000| PB 0x000000009c300000| Complete 
| 452|0x000000009c400000, 0x000000009c500000, 0x000000009c500000|100%| E|CS|TAMS 0x000000009c400000| PB 0x000000009c400000| Complete 
| 453|0x000000009c500000, 0x000000009c600000, 0x000000009c600000|100%| E|CS|TAMS 0x000000009c500000| PB 0x000000009c500000| Complete 
| 454|0x000000009c600000, 0x000000009c700000, 0x000000009c700000|100%| E|CS|TAMS 0x000000009c600000| PB 0x000000009c600000| Complete 
| 455|0x000000009c700000, 0x000000009c800000, 0x000000009c800000|100%| E|CS|TAMS 0x000000009c700000| PB 0x000000009c700000| Complete 
| 456|0x000000009c800000, 0x000000009c900000, 0x000000009c900000|100%| E|CS|TAMS 0x000000009c800000| PB 0x000000009c800000| Complete 
| 457|0x000000009c900000, 0x000000009ca00000, 0x000000009ca00000|100%| E|CS|TAMS 0x000000009c900000| PB 0x000000009c900000| Complete 
| 458|0x000000009ca00000, 0x000000009cb00000, 0x000000009cb00000|100%| E|CS|TAMS 0x000000009ca00000| PB 0x000000009ca00000| Complete 
| 459|0x000000009cb00000, 0x000000009cc00000, 0x000000009cc00000|100%| E|CS|TAMS 0x000000009cb00000| PB 0x000000009cb00000| Complete 
| 460|0x000000009cc00000, 0x000000009cd00000, 0x000000009cd00000|100%| E|CS|TAMS 0x000000009cc00000| PB 0x000000009cc00000| Complete 
| 461|0x000000009cd00000, 0x000000009ce00000, 0x000000009ce00000|100%| E|CS|TAMS 0x000000009cd00000| PB 0x000000009cd00000| Complete 
| 462|0x000000009ce00000, 0x000000009cf00000, 0x000000009cf00000|100%| E|CS|TAMS 0x000000009ce00000| PB 0x000000009ce00000| Complete 
| 463|0x000000009cf00000, 0x000000009d000000, 0x000000009d000000|100%| E|CS|TAMS 0x000000009cf00000| PB 0x000000009cf00000| Complete 
| 464|0x000000009d000000, 0x000000009d100000, 0x000000009d100000|100%| E|CS|TAMS 0x000000009d000000| PB 0x000000009d000000| Complete 
| 465|0x000000009d100000, 0x000000009d200000, 0x000000009d200000|100%| E|CS|TAMS 0x000000009d100000| PB 0x000000009d100000| Complete 
| 466|0x000000009d200000, 0x000000009d300000, 0x000000009d300000|100%| E|CS|TAMS 0x000000009d200000| PB 0x000000009d200000| Complete 
| 467|0x000000009d300000, 0x000000009d400000, 0x000000009d400000|100%| E|CS|TAMS 0x000000009d300000| PB 0x000000009d300000| Complete 
| 468|0x000000009d400000, 0x000000009d500000, 0x000000009d500000|100%| E|CS|TAMS 0x000000009d400000| PB 0x000000009d400000| Complete 
| 469|0x000000009d500000, 0x000000009d600000, 0x000000009d600000|100%| E|CS|TAMS 0x000000009d500000| PB 0x000000009d500000| Complete 
| 470|0x000000009d600000, 0x000000009d700000, 0x000000009d700000|100%| E|CS|TAMS 0x000000009d600000| PB 0x000000009d600000| Complete 
| 471|0x000000009d700000, 0x000000009d800000, 0x000000009d800000|100%| E|CS|TAMS 0x000000009d700000| PB 0x000000009d700000| Complete 
| 472|0x000000009d800000, 0x000000009d900000, 0x000000009d900000|100%| E|CS|TAMS 0x000000009d800000| PB 0x000000009d800000| Complete 
| 473|0x000000009d900000, 0x000000009da00000, 0x000000009da00000|100%| E|CS|TAMS 0x000000009d900000| PB 0x000000009d900000| Complete 
| 474|0x000000009da00000, 0x000000009db00000, 0x000000009db00000|100%| E|CS|TAMS 0x000000009da00000| PB 0x000000009da00000| Complete 
| 475|0x000000009db00000, 0x000000009dc00000, 0x000000009dc00000|100%| E|CS|TAMS 0x000000009db00000| PB 0x000000009db00000| Complete 
| 476|0x000000009dc00000, 0x000000009dd00000, 0x000000009dd00000|100%| E|CS|TAMS 0x000000009dc00000| PB 0x000000009dc00000| Complete 
| 477|0x000000009dd00000, 0x000000009de00000, 0x000000009de00000|100%| E|CS|TAMS 0x000000009dd00000| PB 0x000000009dd00000| Complete 
| 478|0x000000009de00000, 0x000000009df00000, 0x000000009df00000|100%| E|CS|TAMS 0x000000009de00000| PB 0x000000009de00000| Complete 
| 479|0x000000009df00000, 0x000000009e000000, 0x000000009e000000|100%| E|CS|TAMS 0x000000009df00000| PB 0x000000009df00000| Complete 
| 480|0x000000009e000000, 0x000000009e100000, 0x000000009e100000|100%| E|CS|TAMS 0x000000009e000000| PB 0x000000009e000000| Complete 
| 481|0x000000009e100000, 0x000000009e200000, 0x000000009e200000|100%| E|CS|TAMS 0x000000009e100000| PB 0x000000009e100000| Complete 
| 482|0x000000009e200000, 0x000000009e300000, 0x000000009e300000|100%| E|CS|TAMS 0x000000009e200000| PB 0x000000009e200000| Complete 
| 483|0x000000009e300000, 0x000000009e400000, 0x000000009e400000|100%| E|CS|TAMS 0x000000009e300000| PB 0x000000009e300000| Complete 
| 484|0x000000009e400000, 0x000000009e500000, 0x000000009e500000|100%| E|CS|TAMS 0x000000009e400000| PB 0x000000009e400000| Complete 
| 485|0x000000009e500000, 0x000000009e600000, 0x000000009e600000|100%| E|CS|TAMS 0x000000009e500000| PB 0x000000009e500000| Complete 
| 486|0x000000009e600000, 0x000000009e700000, 0x000000009e700000|100%| E|CS|TAMS 0x000000009e600000| PB 0x000000009e600000| Complete 
| 487|0x000000009e700000, 0x000000009e800000, 0x000000009e800000|100%| E|CS|TAMS 0x000000009e700000| PB 0x000000009e700000| Complete 
| 488|0x000000009e800000, 0x000000009e900000, 0x000000009e900000|100%| E|CS|TAMS 0x000000009e800000| PB 0x000000009e800000| Complete 
| 489|0x000000009e900000, 0x000000009ea00000, 0x000000009ea00000|100%| E|CS|TAMS 0x000000009e900000| PB 0x000000009e900000| Complete 
| 490|0x000000009ea00000, 0x000000009eb00000, 0x000000009eb00000|100%| E|CS|TAMS 0x000000009ea00000| PB 0x000000009ea00000| Complete 
| 491|0x000000009eb00000, 0x000000009ec00000, 0x000000009ec00000|100%| E|CS|TAMS 0x000000009eb00000| PB 0x000000009eb00000| Complete 
| 492|0x000000009ec00000, 0x000000009ed00000, 0x000000009ed00000|100%| E|CS|TAMS 0x000000009ec00000| PB 0x000000009ec00000| Complete 
| 493|0x000000009ed00000, 0x000000009ee00000, 0x000000009ee00000|100%| E|CS|TAMS 0x000000009ed00000| PB 0x000000009ed00000| Complete 
| 494|0x000000009ee00000, 0x000000009ef00000, 0x000000009ef00000|100%| E|CS|TAMS 0x000000009ee00000| PB 0x000000009ee00000| Complete 
| 497|0x000000009f100000, 0x000000009f200000, 0x000000009f200000|100%| E|CS|TAMS 0x000000009f100000| PB 0x000000009f100000| Complete 
|2036|0x00000000ff400000, 0x00000000ff500000, 0x00000000ff500000|100%| E|CS|TAMS 0x00000000ff400000| PB 0x00000000ff400000| Complete 
|2037|0x00000000ff500000, 0x00000000ff600000, 0x00000000ff600000|100%| E|CS|TAMS 0x00000000ff500000| PB 0x00000000ff500000| Complete 
|2038|0x00000000ff600000, 0x00000000ff700000, 0x00000000ff700000|100%| E|CS|TAMS 0x00000000ff600000| PB 0x00000000ff600000| Complete 
|2039|0x00000000ff700000, 0x00000000ff800000, 0x00000000ff800000|100%| E|CS|TAMS 0x00000000ff700000| PB 0x00000000ff700000| Complete 
|2040|0x00000000ff800000, 0x00000000ff900000, 0x00000000ff900000|100%| E|CS|TAMS 0x00000000ff800000| PB 0x00000000ff800000| Complete 
|2041|0x00000000ff900000, 0x00000000ffa00000, 0x00000000ffa00000|100%| E|CS|TAMS 0x00000000ff900000| PB 0x00000000ff900000| Complete 
|2042|0x00000000ffa00000, 0x00000000ffb00000, 0x00000000ffb00000|100%| E|CS|TAMS 0x00000000ffa00000| PB 0x00000000ffa00000| Complete 
|2043|0x00000000ffb00000, 0x00000000ffc00000, 0x00000000ffc00000|100%| E|CS|TAMS 0x00000000ffb00000| PB 0x00000000ffb00000| Complete 
|2044|0x00000000ffc00000, 0x00000000ffd00000, 0x00000000ffd00000|100%| E|CS|TAMS 0x00000000ffc00000| PB 0x00000000ffc00000| Complete 
|2045|0x00000000ffd00000, 0x00000000ffe00000, 0x00000000ffe00000|100%| E|CS|TAMS 0x00000000ffd00000| PB 0x00000000ffd00000| Complete 
|2046|0x00000000ffe00000, 0x00000000fff00000, 0x00000000fff00000|100%| O|  |TAMS 0x00000000fff00000| PB 0x00000000ffe00000| Untracked 
|2047|0x00000000fff00000, 0x0000000100000000, 0x0000000100000000|100%| E|CS|TAMS 0x00000000fff00000| PB 0x00000000fff00000| Complete 

Card table byte_map: [0x0000782cb1a00000,0x0000782cb1e00000] _byte_map_base: 0x0000782cb1600000

Marking Bits: (CMBitMap*) 0x0000782cac077fb0
 Bits: [0x0000782c92800000, 0x0000782c94800000)

Polling page: 0x0000782cb50d2000

Metaspace:

Usage:
  Non-class:    121.36 MB used.
      Class:     17.43 MB used.
       Both:    138.79 MB used.

Virtual space:
  Non-class space:      128.00 MB reserved,     122.38 MB ( 96%) committed,  2 nodes.
      Class space:        1.00 GB reserved,      18.44 MB (  2%) committed,  1 nodes.
             Both:        1.12 GB reserved,     140.81 MB ( 12%) committed. 

Chunk freelists:
   Non-Class:  5.66 MB
       Class:  13.56 MB
        Both:  19.21 MB

MaxMetaspaceSize: unlimited
CompressedClassSpaceSize: 1.00 GB
Initial GC threshold: 21.00 MB
Current GC threshold: 234.31 MB
CDS: on
 - commit_granule_bytes: 65536.
 - commit_granule_words: 8192.
 - virtual_space_node_default_size: 8388608.
 - enlarge_chunks_in_place: 1.
 - use_allocation_guard: 0.


Internal statistics:

num_allocs_failed_limit: 18.
num_arena_births: 3706.
num_arena_deaths: 2.
num_vsnodes_births: 3.
num_vsnodes_deaths: 0.
num_space_committed: 2251.
num_space_uncommitted: 0.
num_chunks_returned_to_freelist: 21.
num_chunks_taken_from_freelist: 9179.
num_chunk_merges: 18.
num_chunk_splits: 6571.
num_chunks_enlarged: 4786.
num_inconsistent_stats: 0.

CodeHeap 'non-profiled nmethods': size=119168Kb used=10299Kb max_used=13987Kb free=108868Kb
 bounds [0x0000782c9c3a0000, 0x0000782c9d1f0000, 0x0000782ca3800000]
CodeHeap 'profiled nmethods': size=119164Kb used=18359Kb max_used=36903Kb free=100804Kb
 bounds [0x0000782c94800000, 0x0000782c96c40000, 0x0000782c9bc5f000]
CodeHeap 'non-nmethods': size=7428Kb used=4130Kb max_used=4252Kb free=3297Kb
 bounds [0x0000782c9bc5f000, 0x0000782c9c09f000, 0x0000782c9c3a0000]
CodeCache: size=245760Kb, used=32788Kb, max_used=55142Kb, free=212969Kb
 total_blobs=10735, nmethods=9621, adapters=1014, full_count=0
Compilation: enabled, stopped_count=0, restarted_count=0

Compilation events (20 events):
Event: 27.597 Thread 0x0000782c0c0c8b50 nmethod 22964 0x0000782c94947610 code [0x0000782c94947800, 0x0000782c94947cc0]
Event: 27.598 Thread 0x0000782c10692140 22965       4       com.google.common.cache.LocalCache::put (29 bytes)
Event: 27.598 Thread 0x0000782c0c0c8b50 22966       3       org.gradle.internal.classpath.generated.InterceptorDeclaration_ConfigCacheJvmBytecode::visitMethodInsn (4679 bytes)
Event: 27.599 Thread 0x0000782cac2c2aa0 nmethod 22963 0x0000782c9cdac790 code [0x0000782c9cdac9a0, 0x0000782c9cdacfe0]
Event: 27.600 Thread 0x0000782cac2c2aa0 22967       4       org.gradle.internal.watch.vfs.impl.WatchingVirtualFileSystem$$Lambda/0x0000782c3c537188::get (12 bytes)
Event: 27.600 Thread 0x0000782c10692140 nmethod 22965 0x0000782c9ce66790 code [0x0000782c9ce66960, 0x0000782c9ce66c48]
Event: 27.604 Thread 0x0000782c10692140 22968       4       java.lang.StringLatin1::compareToCI (108 bytes)
Event: 27.604 Thread 0x0000782a4405f500 22969       4       org.gradle.internal.watch.vfs.impl.WatchingVirtualFileSystem$$Lambda/0x0000782c3c536d50::run (16 bytes)
Event: 27.607 Thread 0x0000782c10692140 nmethod 22968 0x0000782c9c4b7190 code [0x0000782c9c4b7320, 0x0000782c9c4b75c8]
Event: 27.607 Thread 0x0000782bb83f09a0 22970       3       org.gradle.api.internal.tasks.DefaultTaskDependency::<init> (16 bytes)
Event: 27.607 Thread 0x0000782cac2c4170 22971       3       org.gradle.api.internal.tasks.AbstractTaskDependency::<init> (15 bytes)
Event: 27.608 Thread 0x0000782cac2c4170 nmethod 22971 0x0000782c94e61990 code [0x0000782c94e61b40, 0x0000782c94e61d30]
Event: 27.608 Thread 0x0000782bb83f09a0 nmethod 22970 0x0000782c94e0a190 code [0x0000782c94e0a340, 0x0000782c94e0a640]
Event: 27.609 Thread 0x0000782c10692140 22972       4       java.lang.String$CaseInsensitiveComparator::compare (68 bytes)
Event: 27.609 Thread 0x0000782a940031f0 nmethod 22958 0x0000782c9c4efc90 code [0x0000782c9c4eff40, 0x0000782c9c4f20d0]
Event: 27.610 Thread 0x0000782a940019d0 nmethod 22951 0x0000782c9c727b10 code [0x0000782c9c728060, 0x0000782c9c72aec8]
Event: 27.611 Thread 0x0000782a940019d0 22973       4       java.util.stream.StreamOpFlag::getMask (30 bytes)
Event: 27.611 Thread 0x0000782a940019d0 nmethod 22973 0x0000782c9c3eb910 code [0x0000782c9c3eba80, 0x0000782c9c3ebb18]
Event: 27.611 Thread 0x0000782c10692140 nmethod 22972 0x0000782c9cfc1b90 code [0x0000782c9cfc1d40, 0x0000782c9cfc2088]
Event: 27.611 Thread 0x0000782bb83f09a0 22974       3       org.gradle.util.internal.JarUtil::isManifestName (7 bytes)

GC Heap History (20 events):
Event: 26.733 GC heap before
{Heap before GC invocations=78 (full 0):
 garbage-first heap   total 409600K, used 194629K [0x0000000080000000, 0x0000000100000000)
  region size 1024K, 83 young (84992K), 30 survivors (30720K)
 Metaspace       used 141206K, committed 143232K, reserved 1179648K
  class space    used 17783K, committed 18752K, reserved 1048576K
}
Event: 26.738 GC heap after
{Heap after GC invocations=79 (full 0):
 garbage-first heap   total 409600K, used 159437K [0x0000000080000000, 0x0000000100000000)
  region size 1024K, 16 young (16384K), 16 survivors (16384K)
 Metaspace       used 141206K, committed 143232K, reserved 1179648K
  class space    used 17783K, committed 18752K, reserved 1048576K
}
Event: 26.891 GC heap before
{Heap before GC invocations=80 (full 0):
 garbage-first heap   total 409600K, used 345805K [0x0000000080000000, 0x0000000100000000)
  region size 1024K, 198 young (202752K), 16 survivors (16384K)
 Metaspace       used 141758K, committed 143744K, reserved 1179648K
  class space    used 17846K, committed 18816K, reserved 1048576K
}
Event: 26.895 GC heap after
{Heap after GC invocations=81 (full 0):
 garbage-first heap   total 409600K, used 174035K [0x0000000080000000, 0x0000000100000000)
  region size 1024K, 25 young (25600K), 25 survivors (25600K)
 Metaspace       used 141758K, committed 143744K, reserved 1179648K
  class space    used 17846K, committed 18816K, reserved 1048576K
}
Event: 26.993 GC heap before
{Heap before GC invocations=81 (full 0):
 garbage-first heap   total 409600K, used 353235K [0x0000000080000000, 0x0000000100000000)
  region size 1024K, 199 young (203776K), 25 survivors (25600K)
 Metaspace       used 141804K, committed 143872K, reserved 1179648K
  class space    used 17846K, committed 18816K, reserved 1048576K
}
Event: 27.000 GC heap after
{Heap after GC invocations=82 (full 0):
 garbage-first heap   total 409600K, used 182710K [0x0000000080000000, 0x0000000100000000)
  region size 1024K, 10 young (10240K), 10 survivors (10240K)
 Metaspace       used 141804K, committed 143872K, reserved 1179648K
  class space    used 17846K, committed 18816K, reserved 1048576K
}
Event: 27.027 GC heap before
{Heap before GC invocations=82 (full 0):
 garbage-first heap   total 409600K, used 218550K [0x0000000080000000, 0x0000000100000000)
  region size 1024K, 47 young (48128K), 10 survivors (10240K)
 Metaspace       used 141806K, committed 143872K, reserved 1179648K
  class space    used 17846K, committed 18816K, reserved 1048576K
}
Event: 27.030 GC heap after
{Heap after GC invocations=83 (full 0):
 garbage-first heap   total 409600K, used 181639K [0x0000000080000000, 0x0000000100000000)
  region size 1024K, 9 young (9216K), 9 survivors (9216K)
 Metaspace       used 141806K, committed 143872K, reserved 1179648K
  class space    used 17846K, committed 18816K, reserved 1048576K
}
Event: 27.134 GC heap before
{Heap before GC invocations=84 (full 0):
 garbage-first heap   total 409600K, used 368007K [0x0000000080000000, 0x0000000100000000)
  region size 1024K, 190 young (194560K), 9 survivors (9216K)
 Metaspace       used 141896K, committed 144000K, reserved 1179648K
  class space    used 17848K, committed 18880K, reserved 1048576K
}
Event: 27.136 GC heap after
{Heap after GC invocations=85 (full 0):
 garbage-first heap   total 409600K, used 183187K [0x0000000080000000, 0x0000000100000000)
  region size 1024K, 11 young (11264K), 11 survivors (11264K)
 Metaspace       used 141896K, committed 144000K, reserved 1179648K
  class space    used 17848K, committed 18880K, reserved 1048576K
}
Event: 27.200 GC heap before
{Heap before GC invocations=85 (full 0):
 garbage-first heap   total 409600K, used 370579K [0x0000000080000000, 0x0000000100000000)
  region size 1024K, 195 young (199680K), 11 survivors (11264K)
 Metaspace       used 141976K, committed 144064K, reserved 1179648K
  class space    used 17848K, committed 18880K, reserved 1048576K
}
Event: 27.203 GC heap after
{Heap after GC invocations=86 (full 0):
 garbage-first heap   total 409600K, used 172016K [0x0000000080000000, 0x0000000100000000)
  region size 1024K, 10 young (10240K), 10 survivors (10240K)
 Metaspace       used 141976K, committed 144064K, reserved 1179648K
  class space    used 17848K, committed 18880K, reserved 1048576K
}
Event: 27.287 GC heap before
{Heap before GC invocations=86 (full 0):
 garbage-first heap   total 409600K, used 373744K [0x0000000080000000, 0x0000000100000000)
  region size 1024K, 208 young (212992K), 10 survivors (10240K)
 Metaspace       used 141984K, committed 144064K, reserved 1179648K
  class space    used 17849K, committed 18880K, reserved 1048576K
}
Event: 27.290 GC heap after
{Heap after GC invocations=87 (full 0):
 garbage-first heap   total 520192K, used 174228K [0x0000000080000000, 0x0000000100000000)
  region size 1024K, 12 young (12288K), 12 survivors (12288K)
 Metaspace       used 141984K, committed 144064K, reserved 1179648K
  class space    used 17849K, committed 18880K, reserved 1048576K
}
Event: 27.408 GC heap before
{Heap before GC invocations=88 (full 0):
 garbage-first heap   total 520192K, used 466068K [0x0000000080000000, 0x0000000100000000)
  region size 1024K, 298 young (305152K), 12 survivors (12288K)
 Metaspace       used 142000K, committed 144064K, reserved 1179648K
  class space    used 17850K, committed 18880K, reserved 1048576K
}
Event: 27.410 GC heap after
{Heap after GC invocations=89 (full 0):
 garbage-first heap   total 520192K, used 176916K [0x0000000080000000, 0x0000000100000000)
  region size 1024K, 15 young (15360K), 15 survivors (15360K)
 Metaspace       used 142000K, committed 144064K, reserved 1179648K
  class space    used 17850K, committed 18880K, reserved 1048576K
}
Event: 27.508 GC heap before
{Heap before GC invocations=89 (full 0):
 garbage-first heap   total 520192K, used 471828K [0x0000000080000000, 0x0000000100000000)
  region size 1024K, 304 young (311296K), 15 survivors (15360K)
 Metaspace       used 142032K, committed 144128K, reserved 1179648K
  class space    used 17851K, committed 18880K, reserved 1048576K
}
Event: 27.513 GC heap after
{Heap after GC invocations=90 (full 0):
 garbage-first heap   total 520192K, used 173182K [0x0000000080000000, 0x0000000100000000)
  region size 1024K, 15 young (15360K), 15 survivors (15360K)
 Metaspace       used 142032K, committed 144128K, reserved 1179648K
  class space    used 17851K, committed 18880K, reserved 1048576K
}
Event: 27.570 GC heap before
{Heap before GC invocations=90 (full 0):
 garbage-first heap   total 520192K, used 335998K [0x0000000080000000, 0x0000000100000000)
  region size 1024K, 176 young (180224K), 15 survivors (15360K)
 Metaspace       used 142090K, committed 144128K, reserved 1179648K
  class space    used 17851K, committed 18880K, reserved 1048576K
}
Event: 27.574 GC heap after
{Heap after GC invocations=91 (full 0):
 garbage-first heap   total 520192K, used 186850K [0x0000000080000000, 0x0000000100000000)
  region size 1024K, 28 young (28672K), 28 survivors (28672K)
 Metaspace       used 142090K, committed 144128K, reserved 1179648K
  class space    used 17851K, committed 18880K, reserved 1048576K
}

Dll operation events (20 events):
Event: 0.034 Attempting to load shared library /usr/lib/jvm/java-21-openjdk-amd64/lib/libnio.so
Event: 0.035 Loaded shared library /usr/lib/jvm/java-21-openjdk-amd64/lib/libnio.so
Event: 0.036 Attempting to load shared library /usr/lib/jvm/java-21-openjdk-amd64/lib/libzip.so
Event: 0.036 Loaded shared library /usr/lib/jvm/java-21-openjdk-amd64/lib/libzip.so
Event: 0.099 Attempting to load shared library /usr/lib/jvm/java-21-openjdk-amd64/lib/libjimage.so
Event: 0.099 Loaded shared library /usr/lib/jvm/java-21-openjdk-amd64/lib/libjimage.so
Event: 0.157 Attempting to load shared library /usr/lib/jvm/java-21-openjdk-amd64/lib/libverify.so
Event: 0.157 Loaded shared library /usr/lib/jvm/java-21-openjdk-amd64/lib/libverify.so
Event: 0.168 Attempting to load shared library /usr/lib/jvm/java-21-openjdk-amd64/lib/libnet.so
Event: 0.168 Loaded shared library /usr/lib/jvm/java-21-openjdk-amd64/lib/libnet.so
Event: 0.169 Attempting to load shared library /home/oppa-ai/.gradle/native/660c5614fbf4a5f2a75b1949f50a0caf5cd603558e7d8a26e50b933a0cfb79d1/linux-amd64/libnative-platform.so
Event: 0.169 Loaded shared library /home/oppa-ai/.gradle/native/660c5614fbf4a5f2a75b1949f50a0caf5cd603558e7d8a26e50b933a0cfb79d1/linux-amd64/libnative-platform.so
Event: 0.176 Attempting to load shared library /home/oppa-ai/.gradle/native/0.2.8/x86_64-linux-gnu/libgradle-fileevents.so
Event: 0.176 Loaded shared library /home/oppa-ai/.gradle/native/0.2.8/x86_64-linux-gnu/libgradle-fileevents.so
Event: 0.408 Attempting to load shared library /usr/lib/jvm/java-21-openjdk-amd64/lib/libmanagement.so
Event: 0.409 Loaded shared library /usr/lib/jvm/java-21-openjdk-amd64/lib/libmanagement.so
Event: 0.410 Attempting to load shared library /usr/lib/jvm/java-21-openjdk-amd64/lib/libmanagement_ext.so
Event: 0.410 Loaded shared library /usr/lib/jvm/java-21-openjdk-amd64/lib/libmanagement_ext.so
Event: 0.462 Attempting to load shared library /usr/lib/jvm/java-21-openjdk-amd64/lib/libextnet.so
Event: 0.462 Loaded shared library /usr/lib/jvm/java-21-openjdk-amd64/lib/libextnet.so

Deoptimization events (20 events):
Event: 27.550 Thread 0x0000782ba6c4b920 Uncommon trap: trap_request=0xffffff45 fr.pc=0x0000782c9d193b70 relative=0x00000000000063d0
Event: 27.550 Thread 0x0000782ba6c4b920 Uncommon trap: reason=unstable_if action=reinterpret pc=0x0000782c9d193b70 method=com.esotericsoftware.kryo.io.Input.readUtf8(I)V @ 48 c2
Event: 27.550 Thread 0x0000782ba6c4b920 DEOPT PACKING pc=0x0000782c9d193b70 sp=0x0000782b2aef9d50
Event: 27.551 Thread 0x0000782ba6c4b920 DEOPT UNPACKING pc=0x0000782c9bcb2f99 sp=0x0000782b2aef9978 mode 2
Event: 27.575 Thread 0x0000782ba6c49410 Uncommon trap: trap_request=0xffffff45 fr.pc=0x0000782c9c928998 relative=0x00000000000031d8
Event: 27.575 Thread 0x0000782ba6c49410 Uncommon trap: reason=unstable_if action=reinterpret pc=0x0000782c9c928998 method=org.objectweb.asm.SymbolTable.addBootstrapMethod(III)Lorg/objectweb/asm/Symbol; @ 75 c2
Event: 27.575 Thread 0x0000782ba6c49410 DEOPT PACKING pc=0x0000782c9c928998 sp=0x0000782b2baf9b20
Event: 27.575 Thread 0x0000782ba6c49410 DEOPT UNPACKING pc=0x0000782c9bcb2f99 sp=0x0000782b2baf9a70 mode 2
Event: 27.586 Thread 0x0000782ba6c4b920 DEOPT PACKING pc=0x0000782c9611d5ca sp=0x0000782b2aefa590
Event: 27.586 Thread 0x0000782ba6c4b920 DEOPT UNPACKING pc=0x0000782c9bcb372f sp=0x0000782b2aef9ac0 mode 0
Event: 27.586 Thread 0x0000782ba6c4c590 DEOPT PACKING pc=0x0000782c9611d5a9 sp=0x0000782b2acfa2f0
Event: 27.587 Thread 0x0000782ba6c4c590 DEOPT UNPACKING pc=0x0000782c9bcb372f sp=0x0000782b2acf9820 mode 0
Event: 27.589 Thread 0x0000782ba6c522d0 Uncommon trap: trap_request=0xffffff45 fr.pc=0x0000782c9cf72f8c relative=0x0000000000003aac
Event: 27.589 Thread 0x0000782ba6c522d0 Uncommon trap: reason=unstable_if action=reinterpret pc=0x0000782c9cf72f8c method=org.gradle.internal.classpath.transforms.AdhocInterceptors.visitINVOKESTATIC(Lorg/gradle/model/internal/asm/MethodVisitorScope;Ljava/lang/String;Ljava/lang/String;Ljava/lang
Event: 27.589 Thread 0x0000782ba6c522d0 DEOPT PACKING pc=0x0000782c9cf72f8c sp=0x0000782b2a6f9a90
Event: 27.589 Thread 0x0000782ba6c522d0 DEOPT UNPACKING pc=0x0000782c9bcb2f99 sp=0x0000782b2a6f9a78 mode 2
Event: 27.598 Thread 0x0000782ba6c522d0 Uncommon trap: trap_request=0xffffff45 fr.pc=0x0000782c9c5da104 relative=0x0000000000003644
Event: 27.598 Thread 0x0000782ba6c522d0 Uncommon trap: reason=unstable_if action=reinterpret pc=0x0000782c9c5da104 method=org.gradle.internal.classpath.generated.InterceptorDeclaration_ConfigCacheJvmBytecode.visitMethodInsn(Lorg/gradle/model/internal/asm/MethodVisitorScope;Ljava/lang/String;ILj
Event: 27.598 Thread 0x0000782ba6c522d0 DEOPT PACKING pc=0x0000782c9c5da104 sp=0x0000782b2a6f9b60
Event: 27.598 Thread 0x0000782ba6c522d0 DEOPT UNPACKING pc=0x0000782c9bcb2f99 sp=0x0000782b2a6f9ae0 mode 2

Classes loaded (20 events):
Event: 14.287 Loading class com/sun/org/apache/xerces/internal/util/EncodingMap
Event: 14.288 Loading class com/sun/org/apache/xerces/internal/util/EncodingMap done
Event: 14.288 Loading class sun/nio/cs/ISO_8859_1$Decoder
Event: 14.288 Loading class sun/nio/cs/ISO_8859_1$Decoder done
Event: 14.306 Loading class sun/security/ssl/Alert
Event: 14.306 Loading class sun/security/ssl/Alert done
Event: 14.306 Loading class sun/security/ssl/Alert$AlertConsumer
Event: 14.306 Loading class sun/security/ssl/Alert$AlertConsumer done
Event: 14.307 Loading class sun/security/ssl/Alert$Level
Event: 14.307 Loading class sun/security/ssl/Alert$Level done
Event: 16.735 Loading class java/util/Collections$ReverseComparator
Event: 16.735 Loading class java/util/Collections$ReverseComparator done
Event: 16.735 Loading class java/util/Comparators$NaturalOrderComparator
Event: 16.735 Loading class java/util/Comparators$NaturalOrderComparator done
Event: 16.735 Loading class java/util/Collections$ReverseComparator2
Event: 16.735 Loading class java/util/Collections$ReverseComparator2 done
Event: 25.542 Loading class sun/reflect/ReflectionFactory
Event: 25.542 Loading class sun/reflect/ReflectionFactory done
Event: 25.542 Loading class sun/reflect/ReflectionFactory$1
Event: 25.542 Loading class sun/reflect/ReflectionFactory$1 done

Classes unloaded (3 events):
Event: 8.993 Thread 0x0000782cac2b21a0 Unloading class 0x0000782c3c6b08e8 '_BuildScript_$_run_closure1$_closure2'
Event: 8.993 Thread 0x0000782cac2b21a0 Unloading class 0x0000782c3c6b04f8 '_BuildScript_$_run_closure1'
Event: 8.993 Thread 0x0000782cac2b21a0 Unloading class 0x0000782c3c6b0000 '_BuildScript_'

Classes redefined (0 events):
No events

Internal exceptions (20 events):
Event: 27.237 Thread 0x0000782ba6c50090 Exception <a 'sun/nio/fs/UnixException'{0x0000000094457210}> (0x0000000094457210) 
thrown [./src/hotspot/share/prims/jni.cpp, line 520]
Event: 27.237 Thread 0x0000782ba6c4b920 Exception <a 'sun/nio/fs/UnixException'{0x0000000094324b28}> (0x0000000094324b28) 
thrown [./src/hotspot/share/prims/jni.cpp, line 520]
Event: 27.245 Thread 0x0000782ba6c55780 Exception <a 'sun/nio/fs/UnixException'{0x0000000092f0bed0}> (0x0000000092f0bed0) 
thrown [./src/hotspot/share/prims/jni.cpp, line 520]
Event: 27.304 Thread 0x0000782ba6c55780 Exception <a 'sun/nio/fs/UnixException'{0x00000000ffc1c530}> (0x00000000ffc1c530) 
thrown [./src/hotspot/share/prims/jni.cpp, line 520]
Event: 27.318 Thread 0x0000782ba6c568c0 Exception <a 'sun/nio/fs/UnixException'{0x000000009c19d958}> (0x000000009c19d958) 
thrown [./src/hotspot/share/prims/jni.cpp, line 520]
Event: 27.319 Thread 0x0000782ba6c487c0 Exception <a 'sun/nio/fs/UnixException'{0x000000009be85fe8}> (0x000000009be85fe8) 
thrown [./src/hotspot/share/prims/jni.cpp, line 520]
Event: 27.326 Thread 0x0000782ba6c522d0 Exception <a 'sun/nio/fs/UnixException'{0x000000009b9b79b8}> (0x000000009b9b79b8) 
thrown [./src/hotspot/share/prims/jni.cpp, line 520]
Event: 27.365 Thread 0x0000782ba6c568c0 Exception <a 'sun/nio/fs/UnixException'{0x00000000961ed020}> (0x00000000961ed020) 
thrown [./src/hotspot/share/prims/jni.cpp, line 520]
Event: 27.376 Thread 0x0000782ba6c522d0 Exception <a 'sun/nio/fs/UnixException'{0x0000000093e94578}> (0x0000000093e94578) 
thrown [./src/hotspot/share/prims/jni.cpp, line 520]
Event: 27.406 Thread 0x0000782ba6c55780 Exception <a 'sun/nio/fs/UnixException'{0x000000008e2eba58}> (0x000000008e2eba58) 
thrown [./src/hotspot/share/prims/jni.cpp, line 520]
Event: 27.460 Thread 0x0000782ba6c55780 Exception <a 'sun/nio/fs/UnixException'{0x000000009662e7e0}> (0x000000009662e7e0) 
thrown [./src/hotspot/share/prims/jni.cpp, line 520]
Event: 27.468 Thread 0x0000782ba6c487c0 Exception <a 'sun/nio/fs/UnixException'{0x000000009548f228}> (0x000000009548f228) 
thrown [./src/hotspot/share/prims/jni.cpp, line 520]
Event: 27.478 Thread 0x0000782ba6c55780 Exception <a 'sun/nio/fs/UnixException'{0x000000009318b248}> (0x000000009318b248) 
thrown [./src/hotspot/share/prims/jni.cpp, line 520]
Event: 27.487 Thread 0x0000782ba6c51180 Implicit null exception at 0x0000782c9cdcb3f2 to 0x0000782c9cdcb784
Event: 27.488 Thread 0x0000782ba6c568c0 Exception <a 'sun/nio/fs/UnixException'{0x00000000912fa838}> (0x00000000912fa838) 
thrown [./src/hotspot/share/prims/jni.cpp, line 520]
Event: 27.498 Thread 0x0000782ba6c55780 Exception <a 'sun/nio/fs/UnixException'{0x000000008f9eb628}> (0x000000008f9eb628) 
thrown [./src/hotspot/share/prims/jni.cpp, line 520]
Event: 27.537 Thread 0x0000782ba6c4c590 Exception <a 'sun/nio/fs/UnixException'{0x000000009bf123a0}> (0x000000009bf123a0) 
thrown [./src/hotspot/share/prims/jni.cpp, line 520]
Event: 27.579 Thread 0x0000782ba6c522d0 Exception <a 'sun/nio/fs/UnixException'{0x00000000ffd969e0}> (0x00000000ffd969e0) 
thrown [./src/hotspot/share/prims/jni.cpp, line 520]
Event: 27.579 Thread 0x0000782ba6c4c590 Exception <a 'sun/nio/fs/UnixException'{0x00000000ffd26c68}> (0x00000000ffd26c68) 
thrown [./src/hotspot/share/prims/jni.cpp, line 520]
Event: 27.595 Thread 0x0000782ba6c4c590 Exception <a 'sun/nio/fs/UnixException'{0x000000009d349660}> (0x000000009d349660) 
thrown [./src/hotspot/share/prims/jni.cpp, line 520]

ZGC Phase Switch (0 events):
No events

VM Operations (20 events):
Event: 27.179 Executing non-safepoint VM operation: HandshakeAllThreads (Deoptimize)
Event: 27.179 Executing non-safepoint VM operation: HandshakeAllThreads (Deoptimize) done
Event: 27.200 Executing safepoint VM operation: G1CollectForAllocation (G1 Evacuation Pause)
Event: 27.203 Executing safepoint VM operation: G1CollectForAllocation (G1 Evacuation Pause) done
Event: 27.287 Executing safepoint VM operation: G1CollectForAllocation (G1 Evacuation Pause)
Event: 27.290 Executing safepoint VM operation: G1CollectForAllocation (G1 Evacuation Pause) done
Event: 27.338 Executing safepoint VM operation: G1PauseRemark
Event: 27.343 Executing safepoint VM operation: G1PauseRemark done
Event: 27.380 Executing safepoint VM operation: G1PauseCleanup
Event: 27.381 Executing safepoint VM operation: G1PauseCleanup done
Event: 27.408 Executing safepoint VM operation: G1CollectForAllocation (G1 Evacuation Pause)
Event: 27.408 Executing safepoint VM operation: G1CollectForAllocation (G1 Evacuation Pause) done
Event: 27.408 Executing safepoint VM operation: G1CollectForAllocation (GCLocker Initiated GC)
Event: 27.411 Executing safepoint VM operation: G1CollectForAllocation (GCLocker Initiated GC) done
Event: 27.508 Executing safepoint VM operation: G1CollectForAllocation (G1 Evacuation Pause)
Event: 27.508 Executing safepoint VM operation: G1CollectForAllocation (G1 Evacuation Pause) done
Event: 27.508 Executing safepoint VM operation: G1CollectForAllocation (G1 Evacuation Pause)
Event: 27.513 Executing safepoint VM operation: G1CollectForAllocation (G1 Evacuation Pause) done
Event: 27.570 Executing safepoint VM operation: G1TryInitiateConcMark (G1 Humongous Allocation)
Event: 27.574 Executing safepoint VM operation: G1TryInitiateConcMark (G1 Humongous Allocation) done

Memory protections (20 events):
Event: 26.614 Protecting memory [0x0000782b2ae00000,0x0000782b2ae04000] with protection modes 0
Event: 26.614 Protecting memory [0x0000782b2ac00000,0x0000782b2ac04000] with protection modes 0
Event: 26.615 Protecting memory [0x0000782b2ab00000,0x0000782b2ab04000] with protection modes 0
Event: 26.615 Protecting memory [0x0000782b2aa00000,0x0000782b2aa04000] with protection modes 0
Event: 26.615 Protecting memory [0x0000782b2a900000,0x0000782b2a904000] with protection modes 0
Event: 26.615 Protecting memory [0x0000782b2a800000,0x0000782b2a804000] with protection modes 0
Event: 26.615 Protecting memory [0x0000782b2a700000,0x0000782b2a704000] with protection modes 0
Event: 26.615 Protecting memory [0x0000782b2a600000,0x0000782b2a604000] with protection modes 0
Event: 26.615 Protecting memory [0x0000782b2a500000,0x0000782b2a504000] with protection modes 0
Event: 26.615 Protecting memory [0x0000782b2a400000,0x0000782b2a404000] with protection modes 0
Event: 26.615 Protecting memory [0x0000782b2a300000,0x0000782b2a304000] with protection modes 0
Event: 26.616 Protecting memory [0x0000782b2a200000,0x0000782b2a204000] with protection modes 0
Event: 26.616 Protecting memory [0x0000782b2a100000,0x0000782b2a104000] with protection modes 0
Event: 26.618 Protecting memory [0x0000782b2a000000,0x0000782b2a004000] with protection modes 0
Event: 26.620 Protecting memory [0x0000782b29f00000,0x0000782b29f04000] with protection modes 0
Event: 26.621 Protecting memory [0x0000782b29e00000,0x0000782b29e04000] with protection modes 0
Event: 26.626 Protecting memory [0x0000782b29d00000,0x0000782b29d04000] with protection modes 0
Event: 26.626 Protecting memory [0x0000782b29c00000,0x0000782b29c04000] with protection modes 0
Event: 26.626 Protecting memory [0x0000782b29b00000,0x0000782b29b04000] with protection modes 0
Event: 26.646 Protecting memory [0x0000782b29a00000,0x0000782b29a04000] with protection modes 0

Nmethod flushes (20 events):
Event: 27.341 Thread 0x0000782cac2b21a0 flushing  nmethod 0x0000782c9626a890
Event: 27.341 Thread 0x0000782cac2b21a0 flushing  nmethod 0x0000782c96287d90
Event: 27.341 Thread 0x0000782cac2b21a0 flushing  nmethod 0x0000782c96373310
Event: 27.341 Thread 0x0000782cac2b21a0 flushing  nmethod 0x0000782c96373d10
Event: 27.341 Thread 0x0000782cac2b21a0 flushing  nmethod 0x0000782c96456290
Event: 27.341 Thread 0x0000782cac2b21a0 flushing  nmethod 0x0000782c96457890
Event: 27.341 Thread 0x0000782cac2b21a0 flushing  nmethod 0x0000782c964b6d90
Event: 27.341 Thread 0x0000782cac2b21a0 flushing  nmethod 0x0000782c964c3190
Event: 27.341 Thread 0x0000782cac2b21a0 flushing  nmethod 0x0000782c964c3910
Event: 27.341 Thread 0x0000782cac2b21a0 flushing  nmethod 0x0000782c964c4a90
Event: 27.341 Thread 0x0000782cac2b21a0 flushing  nmethod 0x0000782c964ca810
Event: 27.341 Thread 0x0000782cac2b21a0 flushing  nmethod 0x0000782c96557d90
Event: 27.341 Thread 0x0000782cac2b21a0 flushing  nmethod 0x0000782c9655dd90
Event: 27.341 Thread 0x0000782cac2b21a0 flushing  nmethod 0x0000782c9655e110
Event: 27.341 Thread 0x0000782cac2b21a0 flushing  nmethod 0x0000782c9661e310
Event: 27.341 Thread 0x0000782cac2b21a0 flushing  nmethod 0x0000782c96620190
Event: 27.341 Thread 0x0000782cac2b21a0 flushing  nmethod 0x0000782c96622310
Event: 27.341 Thread 0x0000782cac2b21a0 flushing  nmethod 0x0000782c96622790
Event: 27.341 Thread 0x0000782cac2b21a0 flushing  nmethod 0x0000782c96627510
Event: 27.341 Thread 0x0000782cac2b21a0 flushing  nmethod 0x0000782c9662f190

Events (20 events):
Event: 26.614 Thread 0x0000782ba800d430 Thread added: 0x0000782ba6c4b920
Event: 26.614 Thread 0x0000782ba800d430 Thread added: 0x0000782ba6c4c590
Event: 26.615 Thread 0x0000782ba800d430 Thread added: 0x0000782ba6c4d200
Event: 26.615 Thread 0x0000782ba800d430 Thread added: 0x0000782ba6c4de80
Event: 26.615 Thread 0x0000782ba800d430 Thread added: 0x0000782ba6c4ef80
Event: 26.615 Thread 0x0000782ba800d430 Thread added: 0x0000782ba6c50090
Event: 26.615 Thread 0x0000782ba800d430 Thread added: 0x0000782ba6c51180
Event: 26.615 Thread 0x0000782ba800d430 Thread added: 0x0000782ba6c522d0
Event: 26.615 Thread 0x0000782ba800d430 Thread added: 0x0000782ba6c53420
Event: 26.615 Thread 0x0000782ba800d430 Thread added: 0x0000782ba6c54650
Event: 26.615 Thread 0x0000782ba800d430 Thread added: 0x0000782ba6c55780
Event: 26.615 Thread 0x0000782ba800d430 Thread added: 0x0000782ba6c568c0
Event: 26.616 Thread 0x0000782ba800d430 Thread added: 0x0000782ba6c57a00
Event: 26.618 Thread 0x0000782bb83f09a0 Thread added: 0x0000782a4405bcf0
Event: 26.620 Thread 0x0000782bb83f09a0 Thread added: 0x0000782a4405dd40
Event: 26.621 Thread 0x0000782bb83f09a0 Thread added: 0x0000782a4405f500
Event: 26.626 Thread 0x0000782a4405dd40 Thread added: 0x0000782a940019d0
Event: 26.626 Thread 0x0000782a4405dd40 Thread added: 0x0000782a940031f0
Event: 26.626 Thread 0x0000782a4405dd40 Thread added: 0x0000782a94004a60
Event: 26.646 Thread 0x0000782cac2c2aa0 Thread added: 0x0000782c10692140


Dynamic libraries:
80000000-9ef00000 rw-p 00000000 00:00 0 
9ef00000-9f100000 ---p 00000000 00:00 0 
9f100000-9f200000 rw-p 00000000 00:00 0 
9f200000-ff400000 ---p 00000000 00:00 0 
ff400000-ffe00000 rw-p 00000000 00:00 0 
ffe00000-fff0d000 rw-p 00cdb000 103:02 9962566                           /usr/lib/jvm/java-21-openjdk-amd64/lib/server/classes.jsa
fff0d000-100000000 rw-p 00000000 00:00 0 
59745c54f000-59745c550000 r--p 00000000 103:02 9837679                   /usr/lib/jvm/java-21-openjdk-amd64/bin/java
59745c550000-59745c551000 r-xp 00001000 103:02 9837679                   /usr/lib/jvm/java-21-openjdk-amd64/bin/java
59745c551000-59745c552000 r--p 00002000 103:02 9837679                   /usr/lib/jvm/java-21-openjdk-amd64/bin/java
59745c552000-59745c553000 r--p 00002000 103:02 9837679                   /usr/lib/jvm/java-21-openjdk-amd64/bin/java
59745c553000-59745c554000 rw-p 00003000 103:02 9837679                   /usr/lib/jvm/java-21-openjdk-amd64/bin/java
597467b20000-597467b68000 rw-p 00000000 00:00 0                          [heap]
7829b4000000-7829b4021000 rw-p 00000000 00:00 0 
7829b4021000-7829b8000000 ---p 00000000 00:00 0 
7829b8000000-7829b8021000 rw-p 00000000 00:00 0 
7829b8021000-7829bc000000 ---p 00000000 00:00 0 
7829bc000000-7829bc021000 rw-p 00000000 00:00 0 
7829bc021000-7829c0000000 ---p 00000000 00:00 0 
7829c0000000-7829c0023000 rw-p 00000000 00:00 0 
7829c0023000-7829c4000000 ---p 00000000 00:00 0 
7829c4000000-7829c4021000 rw-p 00000000 00:00 0 
7829c4021000-7829c8000000 ---p 00000000 00:00 0 
7829c8000000-7829c8028000 rw-p 00000000 00:00 0 
7829c8028000-7829cc000000 ---p 00000000 00:00 0 
7829cc000000-7829cc023000 rw-p 00000000 00:00 0 
7829cc023000-7829d0000000 ---p 00000000 00:00 0 
7829d0000000-7829d0028000 rw-p 00000000 00:00 0 
7829d0028000-7829d4000000 ---p 00000000 00:00 0 
7829d4000000-7829d5362000 rw-p 00000000 00:00 0 
7829d5362000-7829d8000000 ---p 00000000 00:00 0 
7829d8000000-7829d93bd000 rw-p 00000000 00:00 0 
7829d93bd000-7829dc000000 ---p 00000000 00:00 0 
7829dc000000-7829dc2f3000 rw-p 00000000 00:00 0 
7829dc2f3000-7829e0000000 ---p 00000000 00:00 0 
7829e0000000-7829e1854000 rw-p 00000000 00:00 0 
7829e1854000-7829e4000000 ---p 00000000 00:00 0 
7829e4000000-7829e405b000 rw-p 00000000 00:00 0 
7829e405b000-7829e8000000 ---p 00000000 00:00 0 
7829e8000000-7829e8411000 rw-p 00000000 00:00 0 
7829e8411000-7829ec000000 ---p 00000000 00:00 0 
7829ec000000-7829ec02b000 rw-p 00000000 00:00 0 
7829ec02b000-7829f0000000 ---p 00000000 00:00 0 
7829f0000000-7829f0038000 rw-p 00000000 00:00 0 
7829f0038000-7829f4000000 ---p 00000000 00:00 0 
7829f4000000-7829f5064000 rw-p 00000000 00:00 0 
7829f5064000-7829f8000000 ---p 00000000 00:00 0 
7829f8000000-7829f8021000 rw-p 00000000 00:00 0 
7829f8021000-7829fc000000 ---p 00000000 00:00 0 
7829fc000000-7829fc021000 rw-p 00000000 00:00 0 
7829fc021000-782a00000000 ---p 00000000 00:00 0 
782a00000000-782a00022000 rw-p 00000000 00:00 0 
782a00022000-782a04000000 ---p 00000000 00:00 0 
782a04000000-782a04021000 rw-p 00000000 00:00 0 
782a04021000-782a08000000 ---p 00000000 00:00 0 
782a08000000-782a08e2b000 rw-p 00000000 00:00 0 
782a08e2b000-782a0c000000 ---p 00000000 00:00 0 
782a0c000000-782a0c024000 rw-p 00000000 00:00 0 
782a0c024000-782a10000000 ---p 00000000 00:00 0 
782a10000000-782a10021000 rw-p 00000000 00:00 0 
782a10021000-782a14000000 ---p 00000000 00:00 0 
782a14000000-782a14027000 rw-p 00000000 00:00 0 
782a14027000-782a18000000 ---p 00000000 00:00 0 
782a18000000-782a19361000 rw-p 00000000 00:00 0 
782a19361000-782a1c000000 ---p 00000000 00:00 0 
782a1c000000-782a1cd75000 rw-p 00000000 00:00 0 
782a1cd75000-782a20000000 ---p 00000000 00:00 0 
782a20000000-782a2004a000 rw-p 00000000 00:00 0 
782a2004a000-782a24000000 ---p 00000000 00:00 0 
782a24000000-782a24022000 rw-p 00000000 00:00 0 
782a24022000-782a28000000 ---p 00000000 00:00 0 
782a28000000-782a2803d000 rw-p 00000000 00:00 0 
782a2803d000-782a2c000000 ---p 00000000 00:00 0 
782a2c000000-782a2c021000 rw-p 00000000 00:00 0 
782a2c021000-782a30000000 ---p 00000000 00:00 0 
782a30000000-782a30022000 rw-p 00000000 00:00 0 
782a30022000-782a34000000 ---p 00000000 00:00 0 
782a34000000-782a34a01000 rw-p 00000000 00:00 0 
782a34a01000-782a38000000 ---p 00000000 00:00 0 
782a38000000-782a38021000 rw-p 00000000 00:00 0 
782a38021000-782a3c000000 ---p 00000000 00:00 0 
782a3c000000-782a3c024000 rw-p 00000000 00:00 0 
782a3c024000-782a40000000 ---p 00000000 00:00 0 
782a40000000-782a4144b000 rw-p 00000000 00:00 0 
782a4144b000-782a44000000 ---p 00000000 00:00 0 
782a44000000-782a44082000 rw-p 00000000 00:00 0 
782a44082000-782a48000000 ---p 00000000 00:00 0 
782a48000000-782a4892a000 rw-p 00000000 00:00 0 
782a4892a000-782a4c000000 ---p 00000000 00:00 0 
782a4c000000-782a4c07a000 rw-p 00000000 00:00 0 
782a4c07a000-782a50000000 ---p 00000000 00:00 0 
782a50000000-782a50062000 rw-p 00000000 00:00 0 
782a50062000-782a54000000 ---p 00000000 00:00 0 
782a54000000-782a54061000 rw-p 00000000 00:00 0 
782a54061000-782a58000000 ---p 00000000 00:00 0 
782a58000000-782a5806c000 rw-p 00000000 00:00 0 
782a5806c000-782a5c000000 ---p 00000000 00:00 0 
782a5c000000-782a5c07e000 rw-p 00000000 00:00 0 
782a5c07e000-782a60000000 ---p 00000000 00:00 0 
782a60000000-782a6006d000 rw-p 00000000 00:00 0 
782a6006d000-782a64000000 ---p 00000000 00:00 0 
782a64000000-782a64062000 rw-p 00000000 00:00 0 
782a64062000-782a68000000 ---p 00000000 00:00 0 
782a68000000-782a68079000 rw-p 00000000 00:00 0 
782a68079000-782a6c000000 ---p 00000000 00:00 0 
782a6c000000-782a6c06e000 rw-p 00000000 00:00 0 
782a6c06e000-782a70000000 ---p 00000000 00:00 0 
782a70000000-782a7005e000 rw-p 00000000 00:00 0 
782a7005e000-782a74000000 ---p 00000000 00:00 0 
782a74000000-782a7407b000 rw-p 00000000 00:00 0 
782a7407b000-782a78000000 ---p 00000000 00:00 0 
782a78000000-782a7837c000 rw-p 00000000 00:00 0 
782a7837c000-782a7c000000 ---p 00000000 00:00 0 
782a7c000000-782a7c062000 rw-p 00000000 00:00 0 
782a7c062000-782a80000000 ---p 00000000 00:00 0 
782a80000000-782a80097000 rw-p 00000000 00:00 0 
782a80097000-782a84000000 ---p 00000000 00:00 0 
782a84000000-782a8406f000 rw-p 00000000 00:00 0 
782a8406f000-782a88000000 ---p 00000000 00:00 0 
782a88000000-782a88070000 rw-p 00000000 00:00 0 
782a88070000-782a8c000000 ---p 00000000 00:00 0 
782a8c000000-782a8c06d000 rw-p 00000000 00:00 0 
782a8c06d000-782a90000000 ---p 00000000 00:00 0 
782a90000000-782a90065000 rw-p 00000000 00:00 0 
782a90065000-782a94000000 ---p 00000000 00:00 0 
782a94000000-782a94a82000 rw-p 00000000 00:00 0 
782a94a82000-782a98000000 ---p 00000000 00:00 0 
782a98000000-782a98c59000 rw-p 00000000 00:00 0 
782a98c59000-782a9c000000 ---p 00000000 00:00 0 
782a9c000000-782a9ccdb000 rw-p 00000000 00:00 0 
782a9ccdb000-782aa0000000 ---p 00000000 00:00 0 
782aa0000000-782aa0e9c000 rw-p 00000000 00:00 0 
782aa0e9c000-782aa4000000 ---p 00000000 00:00 0 
782aa4000000-782aa4c61000 rw-p 00000000 00:00 0 
782aa4c61000-782aa8000000 ---p 00000000 00:00 0 
782aa8000000-782aa8866000 rw-p 00000000 00:00 0 
782aa8866000-782aac000000 ---p 00000000 00:00 0 
782aac000000-782aac021000 rw-p 00000000 00:00 0 
782aac021000-782ab0000000 ---p 00000000 00:00 0 
782ab0000000-782ab0fa7000 rw-p 00000000 00:00 0 
782ab0fa7000-782ab4000000 ---p 00000000 00:00 0 
782ab4000000-782ab4021000 rw-p 00000000 00:00 0 
782ab4021000-782ab8000000 ---p 00000000 00:00 0 
782ab8000000-782ab8021000 rw-p 00000000 00:00 0 
782ab8021000-782abc000000 ---p 00000000 00:00 0 
782abc000000-782abc021000 rw-p 00000000 00:00 0 
782abc021000-782ac0000000 ---p 00000000 00:00 0 
782ac0000000-782ac0021000 rw-p 00000000 00:00 0 
782ac0021000-782ac4000000 ---p 00000000 00:00 0 
782ac4000000-782ac4021000 rw-p 00000000 00:00 0 
782ac4021000-782ac8000000 ---p 00000000 00:00 0 
782ac8000000-782ac8021000 rw-p 00000000 00:00 0 
782ac8021000-782acc000000 ---p 00000000 00:00 0 
782acc000000-782acc021000 rw-p 00000000 00:00 0 
782acc021000-782ad0000000 ---p 00000000 00:00 0 
782ad0000000-782ad0021000 rw-p 00000000 00:00 0 
782ad0021000-782ad4000000 ---p 00000000 00:00 0 
782ad4000000-782ad4021000 rw-p 00000000 00:00 0 
782ad4021000-782ad8000000 ---p 00000000 00:00 0 
782ad8000000-782ad8021000 rw-p 00000000 00:00 0 
782ad8021000-782adc000000 ---p 00000000 00:00 0 
782adc000000-782adc82e000 rw-p 00000000 00:00 0 
782adc82e000-782ae0000000 ---p 00000000 00:00 0 
782ae0000000-782ae01e4000 rw-p 00000000 00:00 0 
782ae01e4000-782ae4000000 ---p 00000000 00:00 0 
782ae4000000-782ae4021000 rw-p 00000000 00:00 0 
782ae4021000-782ae8000000 ---p 00000000 00:00 0 
782ae8000000-782ae8021000 rw-p 00000000 00:00 0 
782ae8021000-782aec000000 ---p 00000000 00:00 0 
782aec000000-782aec021000 rw-p 00000000 00:00 0 
782aec021000-782af0000000 ---p 00000000 00:00 0 
782af0000000-782af0021000 rw-p 00000000 00:00 0 
782af0021000-782af4000000 ---p 00000000 00:00 0 
782af4000000-782af4021000 rw-p 00000000 00:00 0 
782af4021000-782af8000000 ---p 00000000 00:00 0 
782af8000000-782af8021000 rw-p 00000000 00:00 0 
782af8021000-782afc000000 ---p 00000000 00:00 0 
782afc000000-782afc021000 rw-p 00000000 00:00 0 
782afc021000-782b00000000 ---p 00000000 00:00 0 
782b00000000-782b00021000 rw-p 00000000 00:00 0 
782b00021000-782b04000000 ---p 00000000 00:00 0 
782b04000000-782b04021000 rw-p 00000000 00:00 0 
782b04021000-782b08000000 ---p 00000000 00:00 0 
782b08000000-782b08021000 rw-p 00000000 00:00 0 
782b08021000-782b0c000000 ---p 00000000 00:00 0 
782b0c000000-782b0c021000 rw-p 00000000 00:00 0 
782b0c021000-782b10000000 ---p 00000000 00:00 0 
782b10000000-782b10021000 rw-p 00000000 00:00 0 
782b10021000-782b14000000 ---p 00000000 00:00 0 
782b14000000-782b14021000 rw-p 00000000 00:00 0 
782b14021000-782b18000000 ---p 00000000 00:00 0 
782b18000000-782b18021000 rw-p 00000000 00:00 0 
782b18021000-782b1c000000 ---p 00000000 00:00 0 
782b1c000000-782b1c021000 rw-p 00000000 00:00 0 
782b1c021000-782b20000000 ---p 00000000 00:00 0 
782b20000000-782b20021000 rw-p 00000000 00:00 0 
782b20021000-782b24000000 ---p 00000000 00:00 0 
782b24000000-782b26df0000 rw-p 00000000 00:00 0 
782b26df0000-782b26e30000 rw-p 00000000 00:00 0 
782b26e30000-782b26e70000 rw-p 00000000 00:00 0 
782b26e70000-782b26ef0000 rw-p 00000000 00:00 0 
782b26ef0000-782b270f0000 rw-p 00000000 00:00 0 
782b270f0000-782b272f0000 rw-p 00000000 00:00 0 
782b272f0000-782b27370000 rw-p 00000000 00:00 0 
782b27370000-782b274f0000 rw-p 00000000 00:00 0 
782b274f0000-782b276f0000 rw-p 00000000 00:00 0 
782b276f0000-782b277f0000 rw-p 00000000 00:00 0 
782b277f0000-782b27a60000 rw-p 00000000 00:00 0 
782b27a60000-782b28000000 ---p 00000000 00:00 0 
782b29a00000-782b29a04000 ---p 00000000 00:00 0 
782b29a04000-782b29b00000 rw-p 00000000 00:00 0 
782b29b00000-782b29b04000 ---p 00000000 00:00 0 
782b29b04000-782b29c00000 rw-p 00000000 00:00 0 
782b29c00000-782b29c04000 ---p 00000000 00:00 0 
782b29c04000-782b29d00000 rw-p 00000000 00:00 0 
782b29d00000-782b29d04000 ---p 00000000 00:00 0 
782b29d04000-782b29e00000 rw-p 00000000 00:00 0 
782b29e00000-782b29e04000 ---p 00000000 00:00 0 
782b29e04000-782b29f00000 rw-p 00000000 00:00 0 
782b29f00000-782b29f04000 ---p 00000000 00:00 0 
782b29f04000-782b2a000000 rw-p 00000000 00:00 0 
782b2a000000-782b2a004000 ---p 00000000 00:00 0 
782b2a004000-782b2a100000 rw-p 00000000 00:00 0 
782b2a100000-782b2a104000 ---p 00000000 00:00 0 
782b2a104000-782b2a200000 rw-p 00000000 00:00 0 
782b2a200000-782b2a204000 ---p 00000000 00:00 0 
782b2a204000-782b2a300000 rw-p 00000000 00:00 0 
782b2a300000-782b2a304000 ---p 00000000 00:00 0 
782b2a304000-782b2a400000 rw-p 00000000 00:00 0 
782b2a400000-782b2a404000 ---p 00000000 00:00 0 
782b2a404000-782b2a500000 rw-p 00000000 00:00 0 
782b2a500000-782b2a504000 ---p 00000000 00:00 0 
782b2a504000-782b2a600000 rw-p 00000000 00:00 0 
782b2a600000-782b2a604000 ---p 00000000 00:00 0 
782b2a604000-782b2a700000 rw-p 00000000 00:00 0 
782b2a700000-782b2a704000 ---p 00000000 00:00 0 
782b2a704000-782b2a800000 rw-p 00000000 00:00 0 
782b2a800000-782b2a804000 ---p 00000000 00:00 0 
782b2a804000-782b2a900000 rw-p 00000000 00:00 0 
782b2a900000-782b2a904000 ---p 00000000 00:00 0 
782b2a904000-782b2aa00000 rw-p 00000000 00:00 0 
782b2aa00000-782b2aa04000 ---p 00000000 00:00 0 
782b2aa04000-782b2ab00000 rw-p 00000000 00:00 0 
782b2ab00000-782b2ab04000 ---p 00000000 00:00 0 
782b2ab04000-782b2ac00000 rw-p 00000000 00:00 0 
782b2ac00000-782b2ac04000 ---p 00000000 00:00 0 
782b2ac04000-782b2ad00000 rw-p 00000000 00:00 0 
782b2ad00000-782b2ad04000 ---p 00000000 00:00 0 
782b2ad04000-782b2ae00000 rw-p 00000000 00:00 0 
782b2ae00000-782b2ae04000 ---p 00000000 00:00 0 
782b2ae04000-782b2af00000 rw-p 00000000 00:00 0 
782b2af00000-782b2af04000 ---p 00000000 00:00 0 
782b2af04000-782b2b000000 rw-p 00000000 00:00 0 
782b2b000000-782b2b004000 ---p 00000000 00:00 0 
782b2b004000-782b2b100000 rw-p 00000000 00:00 0 
782b2b100000-782b2b104000 ---p 00000000 00:00 0 
782b2b104000-782b2b200000 rw-p 00000000 00:00 0 
782b2b200000-782b2b204000 ---p 00000000 00:00 0 
782b2b204000-782b2b300000 rw-p 00000000 00:00 0 
782b2b300000-782b2b304000 ---p 00000000 00:00 0 
782b2b304000-782b2b400000 rw-p 00000000 00:00 0 
782b2b400000-782b2b404000 ---p 00000000 00:00 0 
782b2b404000-782b2b500000 rw-p 00000000 00:00 0 
782b2b500000-782b2b504000 ---p 00000000 00:00 0 
782b2b504000-782b2b600000 rw-p 00000000 00:00 0 
782b2b600000-782b2b604000 ---p 00000000 00:00 0 
782b2b604000-782b2b700000 rw-p 00000000 00:00 0 
782b2b700000-782b2b704000 ---p 00000000 00:00 0 
782b2b704000-782b2b800000 rw-p 00000000 00:00 0 
782b2b800000-782b2b804000 ---p 00000000 00:00 0 
782b2b804000-782b2b900000 rw-p 00000000 00:00 0 
782b2b900000-782b2b904000 ---p 00000000 00:00 0 
782b2b904000-782b2ba00000 rw-p 00000000 00:00 0 
782b2ba00000-782b2ba04000 ---p 00000000 00:00 0 
782b2ba04000-782b2bb00000 rw-p 00000000 00:00 0 
782b2bb00000-782b2bb04000 ---p 00000000 00:00 0 
782b2bb04000-782b2bc00000 rw-p 00000000 00:00 0 
782b2bc00000-782b2bc04000 ---p 00000000 00:00 0 
782b2bc04000-782b2bd00000 rw-p 00000000 00:00 0 
782b2bd00000-782b2bd04000 ---p 00000000 00:00 0 
782b2bd04000-782b2be00000 rw-p 00000000 00:00 0 
782b2be00000-782b2be04000 ---p 00000000 00:00 0 
782b2be04000-782b2bf00000 rw-p 00000000 00:00 0 
782b2bf00000-782b2bf04000 ---p 00000000 00:00 0 
782b2bf04000-782b2c000000 rw-p 00000000 00:00 0 
782b2c000000-782b2c262000 rw-p 00000000 00:00 0 
782b2c262000-782b30004000 ---p 00000000 00:00 0 
782b30004000-782b30100000 rw-p 00000000 00:00 0 
782b30100000-782b30104000 ---p 00000000 00:00 0 
782b30104000-782b30200000 rw-p 00000000 00:00 0 
782b30200000-782b30204000 ---p 00000000 00:00 0 
782b30204000-782b30300000 rw-p 00000000 00:00 0 
782b30300000-782b30304000 ---p 00000000 00:00 0 
782b30304000-782b30400000 rw-p 00000000 00:00 0 
782b30400000-782b30404000 ---p 00000000 00:00 0 
782b30404000-782b30500000 rw-p 00000000 00:00 0 
782b30500000-782b30504000 ---p 00000000 00:00 0 
782b30504000-782b30600000 rw-p 00000000 00:00 0 
782b30600000-782b30604000 ---p 00000000 00:00 0 
782b30604000-782b30700000 rw-p 00000000 00:00 0 
782b30700000-782b30704000 ---p 00000000 00:00 0 
782b30704000-782b30800000 rw-p 00000000 00:00 0 
782b30800000-782b30804000 ---p 00000000 00:00 0 
782b30804000-782b30900000 rw-p 00000000 00:00 0 
782b30900000-782b30904000 ---p 00000000 00:00 0 
782b30904000-782b30a00000 rw-p 00000000 00:00 0 
782b30a00000-782b30a04000 ---p 00000000 00:00 0 
782b30a04000-782b30b00000 rw-p 00000000 00:00 0 
782b30b00000-782b30b04000 ---p 00000000 00:00 0 
782b30b04000-782b30c00000 rw-p 00000000 00:00 0 
782b30c00000-782b30c04000 ---p 00000000 00:00 0 
782b30c04000-782b30d00000 rw-p 00000000 00:00 0 
782b30d00000-782b30d04000 ---p 00000000 00:00 0 
782b30d04000-782b30e00000 rw-p 00000000 00:00 0 
782b30e00000-782b30e04000 ---p 00000000 00:00 0 
782b30e04000-782b30f00000 rw-p 00000000 00:00 0 
782b30f00000-782b30f04000 ---p 00000000 00:00 0 
782b30f04000-782b31000000 rw-p 00000000 00:00 0 
782b31000000-782b31004000 ---p 00000000 00:00 0 
782b31004000-782b31100000 rw-p 00000000 00:00 0 
782b31100000-782b31104000 ---p 00000000 00:00 0 
782b31104000-782b31200000 rw-p 00000000 00:00 0 
782b31200000-782b31204000 ---p 00000000 00:00 0 
782b31204000-782b31300000 rw-p 00000000 00:00 0 
782b31300000-782b31304000 ---p 00000000 00:00 0 
782b31304000-782b31400000 rw-p 00000000 00:00 0 
782b31400000-782b31404000 ---p 00000000 00:00 0 
782b31404000-782b31500000 rw-p 00000000 00:00 0 
782b31500000-782b31504000 ---p 00000000 00:00 0 
782b31504000-782b31600000 rw-p 00000000 00:00 0 
782b31600000-782b31604000 ---p 00000000 00:00 0 
782b31604000-782b31700000 rw-p 00000000 00:00 0 
782b31700000-782b31704000 ---p 00000000 00:00 0 
782b31704000-782b31800000 rw-p 00000000 00:00 0 
782b31800000-782b31804000 ---p 00000000 00:00 0 
782b31804000-782b31900000 rw-p 00000000 00:00 0 
782b31900000-782b31904000 ---p 00000000 00:00 0 
782b31904000-782b31a00000 rw-p 00000000 00:00 0 
782b31a00000-782b31a04000 ---p 00000000 00:00 0 
782b31a04000-782b31b00000 rw-p 00000000 00:00 0 
782b31b00000-782b31b04000 ---p 00000000 00:00 0 
782b31b04000-782b31c00000 rw-p 00000000 00:00 0 
782b31c00000-782b31c04000 ---p 00000000 00:00 0 
782b31c04000-782b31d00000 rw-p 00000000 00:00 0 
782b31d00000-782b31d04000 ---p 00000000 00:00 0 
782b31d04000-782b31e00000 rw-p 00000000 00:00 0 
782b31e00000-782b31e04000 ---p 00000000 00:00 0 
782b31e04000-782b31f00000 rw-p 00000000 00:00 0 
782b31f00000-782b31f04000 ---p 00000000 00:00 0 
782b31f04000-782b32000000 rw-p 00000000 00:00 0 
782b32000000-782b32004000 ---p 00000000 00:00 0 
782b32004000-782b32100000 rw-p 00000000 00:00 0 
782b32100000-782b32104000 ---p 00000000 00:00 0 
782b32104000-782b32200000 rw-p 00000000 00:00 0 
782b32200000-782b32204000 ---p 00000000 00:00 0 
782b32204000-782b32300000 rw-p 00000000 00:00 0 
782b32300000-782b32304000 ---p 00000000 00:00 0 
782b32304000-782b32400000 rw-p 00000000 00:00 0 
782b32400000-782b32404000 ---p 00000000 00:00 0 
782b32404000-782b32500000 rw-p 00000000 00:00 0 
782b32500000-782b32504000 ---p 00000000 00:00 0 
782b32504000-782b32600000 rw-p 00000000 00:00 0 
782b32600000-782b32604000 ---p 00000000 00:00 0 
782b32604000-782b32700000 rw-p 00000000 00:00 0 
782b32700000-782b32704000 ---p 00000000 00:00 0 
782b32704000-782b32800000 rw-p 00000000 00:00 0 
782b32800000-782b32804000 ---p 00000000 00:00 0 
782b32804000-782b32900000 rw-p 00000000 00:00 0 
782b32900000-782b32904000 ---p 00000000 00:00 0 
782b32904000-782b32a00000 rw-p 00000000 00:00 0 
782b32a00000-782b32a04000 ---p 00000000 00:00 0 
782b32a04000-782b32b00000 rw-p 00000000 00:00 0 
782b32b00000-782b32b04000 ---p 00000000 00:00 0 
782b32b04000-782b32c00000 rw-p 00000000 00:00 0 
782b32c00000-782b32c04000 ---p 00000000 00:00 0 
782b32c04000-782b32d00000 rw-p 00000000 00:00 0 
782b32d00000-782b32d04000 ---p 00000000 00:00 0 
782b32d04000-782b32e00000 rw-p 00000000 00:00 0 
782b32e00000-782b32e04000 ---p 00000000 00:00 0 
782b32e04000-782b32f00000 rw-p 00000000 00:00 0 
782b32f00000-782b32f04000 ---p 00000000 00:00 0 
782b32f04000-782b33000000 rw-p 00000000 00:00 0 
782b33000000-782b33004000 ---p 00000000 00:00 0 
782b33004000-782b33100000 rw-p 00000000 00:00 0 
782b33100000-782b33104000 ---p 00000000 00:00 0 
782b33104000-782b33200000 rw-p 00000000 00:00 0 
782b33200000-782b33204000 ---p 00000000 00:00 0 
782b33204000-782b33300000 rw-p 00000000 00:00 0 
782b33300000-782b33304000 ---p 00000000 00:00 0 
782b33304000-782b33400000 rw-p 00000000 00:00 0 
782b33400000-782b33404000 ---p 00000000 00:00 0 
782b33404000-782b33500000 rw-p 00000000 00:00 0 
782b33500000-782b33504000 ---p 00000000 00:00 0 
782b33504000-782b33600000 rw-p 00000000 00:00 0 
782b33600000-782b33604000 ---p 00000000 00:00 0 
782b33604000-782b33700000 rw-p 00000000 00:00 0 
782b33700000-782b33704000 ---p 00000000 00:00 0 
782b33704000-782b33800000 rw-p 00000000 00:00 0 
782b33800000-782b3be53000 r--s 00000000 103:02 9848036                   /usr/lib/jvm/java-21-openjdk-amd64/lib/modules
782b3bf00000-782b3bf04000 ---p 00000000 00:00 0 
782b3bf04000-782b3c000000 rw-p 00000000 00:00 0 
782b3c000000-782b3c021000 rw-p 00000000 00:00 0 
782b3c021000-782b40000000 ---p 00000000 00:00 0 
782b40000000-782b40021000 rw-p 00000000 00:00 0 
782b40021000-782b44000000 ---p 00000000 00:00 0 
782b44000000-782b451c6000 rw-p 00000000 00:00 0 
782b451c6000-782b48000000 ---p 00000000 00:00 0 
782b48000000-782b492ed000 rw-p 00000000 00:00 0 
782b492ed000-782b4c000000 ---p 00000000 00:00 0 
782b4c000000-782b4c021000 rw-p 00000000 00:00 0 
782b4c021000-782b50000000 ---p 00000000 00:00 0 
782b50000000-782b50021000 rw-p 00000000 00:00 0 
782b50021000-782b54000000 ---p 00000000 00:00 0 
782b54000000-782b54021000 rw-p 00000000 00:00 0 
782b54021000-782b58000000 ---p 00000000 00:00 0 
782b58000000-782b58021000 rw-p 00000000 00:00 0 
782b58021000-782b5c000000 ---p 00000000 00:00 0 
782b5c000000-782b5c021000 rw-p 00000000 00:00 0 
782b5c021000-782b60000000 ---p 00000000 00:00 0 
782b60000000-782b60021000 rw-p 00000000 00:00 0 
782b60021000-782b64000000 ---p 00000000 00:00 0 
782b64000000-782b64021000 rw-p 00000000 00:00 0 
782b64021000-782b68000000 ---p 00000000 00:00 0 
782b68000000-782b68021000 rw-p 00000000 00:00 0 
782b68021000-782b6c000000 ---p 00000000 00:00 0 
782b6c000000-782b6c050000 rw-p 00000000 00:00 0 
782b6c050000-782b70000000 ---p 00000000 00:00 0 
782b70000000-782b70038000 rw-p 00000000 00:00 0 
782b70038000-782b74000000 ---p 00000000 00:00 0 
782b740ff000-782b74103000 ---p 00000000 00:00 0 
782b74103000-782b741ff000 rw-p 00000000 00:00 0 
782b741ff000-782b74203000 ---p 00000000 00:00 0 
782b74203000-782b742ff000 rw-p 00000000 00:00 0 
782b742ff000-782b74303000 ---p 00000000 00:00 0 
782b74303000-782b743ff000 rw-p 00000000 00:00 0 
782b743ff000-782b74403000 ---p 00000000 00:00 0 
782b74403000-782b744ff000 rw-p 00000000 00:00 0 
782b744ff000-782b74503000 ---p 00000000 00:00 0 
782b74503000-782b745ff000 rw-p 00000000 00:00 0 
782b745ff000-782b74603000 ---p 00000000 00:00 0 
782b74603000-782b746ff000 rw-p 00000000 00:00 0 
782b746ff000-782b74703000 ---p 00000000 00:00 0 
782b74703000-782b747ff000 rw-p 00000000 00:00 0 
782b747ff000-782b74803000 ---p 00000000 00:00 0 
782b74803000-782b748ff000 rw-p 00000000 00:00 0 
782b748ff000-782b74903000 ---p 00000000 00:00 0 
782b74903000-782b749ff000 rw-p 00000000 00:00 0 
782b749ff000-782b74a03000 ---p 00000000 00:00 0 
782b74a03000-782b74aff000 rw-p 00000000 00:00 0 
782b74aff000-782b74b03000 ---p 00000000 00:00 0 
782b74b03000-782b74bff000 rw-p 00000000 00:00 0 
782b74bff000-782b74c03000 ---p 00000000 00:00 0 
782b74c03000-782b74cff000 rw-p 00000000 00:00 0 
782b74cff000-782b74d03000 ---p 00000000 00:00 0 
782b74d03000-782b74dff000 rw-p 00000000 00:00 0 
782b74dff000-782b74e03000 ---p 00000000 00:00 0 
782b74e03000-782b74eff000 rw-p 00000000 00:00 0 
782b74eff000-782b74f03000 ---p 00000000 00:00 0 
782b74f03000-782b74fff000 rw-p 00000000 00:00 0 
782b74fff000-782b75003000 ---p 00000000 00:00 0 
782b75003000-782b750ff000 rw-p 00000000 00:00 0 
782b750ff000-782b75103000 ---p 00000000 00:00 0 
782b75103000-782b751ff000 rw-p 00000000 00:00 0 
782b751ff000-782b75203000 ---p 00000000 00:00 0 
782b75203000-782b752ff000 rw-p 00000000 00:00 0 
782b752ff000-782b75303000 ---p 00000000 00:00 0 
782b75303000-782b753ff000 rw-p 00000000 00:00 0 
782b753ff000-782b75403000 ---p 00000000 00:00 0 
782b75403000-782b754ff000 rw-p 00000000 00:00 0 
782b754ff000-782b75503000 ---p 00000000 00:00 0 
782b75503000-782b755ff000 rw-p 00000000 00:00 0 
782b755ff000-782b75603000 ---p 00000000 00:00 0 
782b75603000-782b756ff000 rw-p 00000000 00:00 0 
782b756ff000-782b75703000 ---p 00000000 00:00 0 
782b75703000-782b757ff000 rw-p 00000000 00:00 0 
782b757ff000-782b75803000 ---p 00000000 00:00 0 
782b75803000-782b758ff000 rw-p 00000000 00:00 0 
782b758ff000-782b75903000 ---p 00000000 00:00 0 
782b75903000-782b759ff000 rw-p 00000000 00:00 0 
782b759ff000-782b75a03000 ---p 00000000 00:00 0 
782b75a03000-782b75aff000 rw-p 00000000 00:00 0 
782b75aff000-782b75b03000 ---p 00000000 00:00 0 
782b75b03000-782b75bff000 rw-p 00000000 00:00 0 
782b75bff000-782b75c03000 ---p 00000000 00:00 0 
782b75c03000-782b75cff000 rw-p 00000000 00:00 0 
782b75cff000-782b75d03000 ---p 00000000 00:00 0 
782b75d03000-782b75dff000 rw-p 00000000 00:00 0 
782b75dff000-782b75e03000 ---p 00000000 00:00 0 
782b75e03000-782b75eff000 rw-p 00000000 00:00 0 
782b75eff000-782b75f03000 ---p 00000000 00:00 0 
782b75f03000-782b75fff000 rw-p 00000000 00:00 0 
782b75fff000-782b76003000 ---p 00000000 00:00 0 
782b76003000-782b760ff000 rw-p 00000000 00:00 0 
782b760ff000-782b76103000 ---p 00000000 00:00 0 
782b76103000-782b761ff000 rw-p 00000000 00:00 0 
782b761ff000-782b76203000 ---p 00000000 00:00 0 
782b76203000-782b762ff000 rw-p 00000000 00:00 0 
782b762ff000-782b76303000 ---p 00000000 00:00 0 
782b76303000-782b763ff000 rw-p 00000000 00:00 0 
782b763ff000-782b76403000 ---p 00000000 00:00 0 
782b76403000-782b764ff000 rw-p 00000000 00:00 0 
782b764ff000-782b76503000 ---p 00000000 00:00 0 
782b76503000-782b765ff000 rw-p 00000000 00:00 0 
782b765ff000-782b76603000 ---p 00000000 00:00 0 
782b76603000-782b766ff000 rw-p 00000000 00:00 0 
782b766ff000-782b76703000 ---p 00000000 00:00 0 
782b76703000-782b767ff000 rw-p 00000000 00:00 0 
782b767ff000-782b76803000 ---p 00000000 00:00 0 
782b76803000-782b768ff000 rw-p 00000000 00:00 0 
782b768ff000-782b76903000 ---p 00000000 00:00 0 
782b76903000-782b769ff000 rw-p 00000000 00:00 0 
782b769ff000-782b76a03000 ---p 00000000 00:00 0 
782b76a03000-782b76aff000 rw-p 00000000 00:00 0 
782b76aff000-782b76b03000 ---p 00000000 00:00 0 
782b76b03000-782b76bff000 rw-p 00000000 00:00 0 
782b76bff000-782b76c03000 ---p 00000000 00:00 0 
782b76c03000-782b76cff000 rw-p 00000000 00:00 0 
782b76cff000-782b76d03000 ---p 00000000 00:00 0 
782b76d03000-782b76dff000 rw-p 00000000 00:00 0 
782b76dff000-782b76e03000 ---p 00000000 00:00 0 
782b76e03000-782b76eff000 rw-p 00000000 00:00 0 
782b76eff000-782b76f03000 ---p 00000000 00:00 0 
782b76f03000-782b76fff000 rw-p 00000000 00:00 0 
782b76fff000-782b77003000 ---p 00000000 00:00 0 
782b77003000-782b770ff000 rw-p 00000000 00:00 0 
782b770ff000-782b77103000 ---p 00000000 00:00 0 
782b77103000-782b771ff000 rw-p 00000000 00:00 0 
782b771ff000-782b77203000 ---p 00000000 00:00 0 
782b77203000-782b772ff000 rw-p 00000000 00:00 0 
782b772ff000-782b77303000 ---p 00000000 00:00 0 
782b77303000-782b773ff000 rw-p 00000000 00:00 0 
782b773ff000-782b77403000 ---p 00000000 00:00 0 
782b77403000-782b774ff000 rw-p 00000000 00:00 0 
782b774ff000-782b77503000 ---p 00000000 00:00 0 
782b77503000-782b775ff000 rw-p 00000000 00:00 0 
782b775ff000-782b77603000 ---p 00000000 00:00 0 
782b77603000-782b776ff000 rw-p 00000000 00:00 0 
782b776ff000-782b77703000 ---p 00000000 00:00 0 
782b77703000-782b777ff000 rw-p 00000000 00:00 0 
782b777ff000-782b77803000 ---p 00000000 00:00 0 
782b77803000-782b778ff000 rw-p 00000000 00:00 0 
782b778ff000-782b77903000 ---p 00000000 00:00 0 
782b77903000-782b779ff000 rw-p 00000000 00:00 0 
782b779ff000-782b77a03000 ---p 00000000 00:00 0 
782b77a03000-782b77aff000 rw-p 00000000 00:00 0 
782b77aff000-782b77b03000 ---p 00000000 00:00 0 
782b77b03000-782b77bff000 rw-p 00000000 00:00 0 
782b77bff000-782b77c03000 ---p 00000000 00:00 0 
782b77c03000-782b77cff000 rw-p 00000000 00:00 0 
782b77cff000-782b77d03000 ---p 00000000 00:00 0 
782b77d03000-782b77dff000 rw-p 00000000 00:00 0 
782b77dff000-782b77e03000 ---p 00000000 00:00 0 
782b77e03000-782b77eff000 rw-p 00000000 00:00 0 
782b77eff000-782b77f00000 ---p 00000000 00:00 0 
782b77f00000-782b78000000 rw-p 00000000 00:00 0 
782b78000000-782b78021000 rw-p 00000000 00:00 0 
782b78021000-782b7c000000 ---p 00000000 00:00 0 
782b7c000000-782b7c054000 rw-p 00000000 00:00 0 
782b7c054000-782b80000000 ---p 00000000 00:00 0 
782b80000000-782b80021000 rw-p 00000000 00:00 0 
782b80021000-782b84000000 ---p 00000000 00:00 0 
782b84000000-782b84021000 rw-p 00000000 00:00 0 
782b84021000-782b88000000 ---p 00000000 00:00 0 
782b88000000-782b88021000 rw-p 00000000 00:00 0 
782b88021000-782b8c000000 ---p 00000000 00:00 0 
782b8c000000-782b8c021000 rw-p 00000000 00:00 0 
782b8c021000-782b90000000 ---p 00000000 00:00 0 
782b90000000-782b90021000 rw-p 00000000 00:00 0 
782b90021000-782b94000000 ---p 00000000 00:00 0 
782b94000000-782b94021000 rw-p 00000000 00:00 0 
782b94021000-782b98000000 ---p 00000000 00:00 0 
782b98000000-782b98021000 rw-p 00000000 00:00 0 
782b98021000-782b9c000000 ---p 00000000 00:00 0 
782b9c000000-782b9c021000 rw-p 00000000 00:00 0 
782b9c021000-782ba0000000 ---p 00000000 00:00 0 
782ba0000000-782ba0021000 rw-p 00000000 00:00 0 
782ba0021000-782ba4000000 ---p 00000000 00:00 0 
782ba4000000-782ba8000000 rw-p 00000000 00:00 0 
782ba8000000-782ba8021000 rw-p 00000000 00:00 0 
782ba8021000-782bac000000 ---p 00000000 00:00 0 
782bac000000-782bac03b000 rw-p 00000000 00:00 0 
782bac03b000-782bb0000000 ---p 00000000 00:00 0 
782bb0000000-782bb0054000 rw-p 00000000 00:00 0 
782bb0054000-782bb4000000 ---p 00000000 00:00 0 
782bb4000000-782bb4021000 rw-p 00000000 00:00 0 
782bb4021000-782bb8000000 ---p 00000000 00:00 0 
782bb8000000-782bb851e000 rw-p 00000000 00:00 0 
782bb851e000-782bbc000000 ---p 00000000 00:00 0 
782bbc000000-782bbc021000 rw-p 00000000 00:00 0 
782bbc021000-782bc0000000 ---p 00000000 00:00 0 
782bc0000000-782bc0021000 rw-p 00000000 00:00 0 
782bc0021000-782bc4000000 ---p 00000000 00:00 0 
782bc4000000-782bc4021000 rw-p 00000000 00:00 0 
782bc4021000-782bc8000000 ---p 00000000 00:00 0 
782bc8000000-782bc8024000 rw-p 00000000 00:00 0 
782bc8024000-782bcc000000 ---p 00000000 00:00 0 
782bcc000000-782bcc021000 rw-p 00000000 00:00 0 
782bcc021000-782bd0000000 ---p 00000000 00:00 0 
782bd0000000-782bd0021000 rw-p 00000000 00:00 0 
782bd0021000-782bd4000000 ---p 00000000 00:00 0 
782bd4000000-782bd4021000 rw-p 00000000 00:00 0 
782bd4021000-782bd8000000 ---p 00000000 00:00 0 
782bd8000000-782bd8021000 rw-p 00000000 00:00 0 
782bd8021000-782bdc000000 ---p 00000000 00:00 0 
782bdc000000-782bdc021000 rw-p 00000000 00:00 0 
782bdc021000-782be0000000 ---p 00000000 00:00 0 
782be0000000-782be0021000 rw-p 00000000 00:00 0 
782be0021000-782be4000000 ---p 00000000 00:00 0 
782be4000000-782be4021000 rw-p 00000000 00:00 0 
782be4021000-782be8000000 ---p 00000000 00:00 0 
782be8000000-782be952c000 rw-p 00000000 00:00 0 
782be952c000-782bec000000 ---p 00000000 00:00 0 
782bec000000-782bec021000 rw-p 00000000 00:00 0 
782bec021000-782bf0000000 ---p 00000000 00:00 0 
782bf0000000-782bf1ab7000 rw-p 00000000 00:00 0 
782bf1ab7000-782bf4000000 ---p 00000000 00:00 0 
782bf4000000-782bf542d000 rw-p 00000000 00:00 0 
782bf542d000-782bf8000000 ---p 00000000 00:00 0 
782bf8000000-782bf8021000 rw-p 00000000 00:00 0 
782bf8021000-782bfc000000 ---p 00000000 00:00 0 
782bfc000000-782bfd66b000 rw-p 00000000 00:00 0 
782bfd66b000-782c00000000 ---p 00000000 00:00 0 
782c00000000-782c01bf1000 rw-p 00000000 00:00 0 
782c01bf1000-782c04000000 ---p 00000000 00:00 0 
782c04000000-782c04021000 rw-p 00000000 00:00 0 
782c04021000-782c08000000 ---p 00000000 00:00 0 
782c08000000-782c08fcc000 rw-p 00000000 00:00 0 
782c08fcc000-782c0c000000 ---p 00000000 00:00 0 
782c0c000000-782c0c389000 rw-p 00000000 00:00 0 
782c0c389000-782c10000000 ---p 00000000 00:00 0 
782c10000000-782c121a4000 rw-p 00000000 00:00 0 
782c121a4000-782c14000000 ---p 00000000 00:00 0 
782c14000000-782c1468f000 rw-p 00000000 00:00 0 
782c1468f000-782c18000000 ---p 00000000 00:00 0 
782c18000000-782c18021000 rw-p 00000000 00:00 0 
782c18021000-782c1c000000 ---p 00000000 00:00 0 
782c1c000000-782c1c021000 rw-p 00000000 00:00 0 
782c1c021000-782c20000000 ---p 00000000 00:00 0 
782c20000000-782c20021000 rw-p 00000000 00:00 0 
782c20021000-782c24000000 ---p 00000000 00:00 0 
782c24000000-782c24021000 rw-p 00000000 00:00 0 
782c24021000-782c28000000 ---p 00000000 00:00 0 
782c28000000-782c2803b000 rw-p 00000000 00:00 0 
782c2803b000-782c2c000000 ---p 00000000 00:00 0 
782c2c000000-782c2c021000 rw-p 00000000 00:00 0 
782c2c021000-782c30000000 ---p 00000000 00:00 0 
782c30000000-782c303f0000 rw-p 00000000 00:00 0 
782c303f0000-782c308f0000 rw-p 00000000 00:00 0 
782c308f0000-782c309f0000 rw-p 00000000 00:00 0 
782c309f0000-782c30df0000 rw-p 00000000 00:00 0 
782c30df0000-782c318f0000 rw-p 00000000 00:00 0 
782c318f0000-782c319f0000 rw-p 00000000 00:00 0 
782c319f0000-782c321f0000 rw-p 00000000 00:00 0 
782c321f0000-782c32570000 rw-p 00000000 00:00 0 
782c32570000-782c325f0000 rw-p 00000000 00:00 0 
782c325f0000-782c328f0000 rw-p 00000000 00:00 0 
782c328f0000-782c329f0000 rw-p 00000000 00:00 0 
782c329f0000-782c33ff0000 rw-p 00000000 00:00 0 
782c33ff0000-782c34021000 rw-p 00000000 00:00 0 
782c34021000-782c38000000 ---p 00000000 00:00 0 
782c380fb000-782c380fc000 ---p 00000000 00:00 0 
782c380fc000-782c381fc000 rw-p 00000000 00:00 0 
782c381fc000-782c381fd000 ---p 00000000 00:00 0 
782c381fd000-782c382fd000 rw-p 00000000 00:00 0 
782c382fd000-782c38301000 ---p 00000000 00:00 0 
782c38301000-782c383fd000 rw-p 00000000 00:00 0 
782c383fd000-782c38401000 ---p 00000000 00:00 0 
782c38401000-782c384fd000 rw-p 00000000 00:00 0 
782c384fd000-782c38501000 ---p 00000000 00:00 0 
782c38501000-782c385fd000 rw-p 00000000 00:00 0 
782c385fd000-782c385fe000 ---p 00000000 00:00 0 
782c385fe000-782c386fe000 rw-p 00000000 00:00 0 
782c386fe000-782c386ff000 ---p 00000000 00:00 0 
782c386ff000-782c387ff000 rw-p 00000000 00:00 0 
782c387ff000-782c38800000 ---p 00000000 00:00 0 
782c38800000-782c38900000 rw-p 00000000 00:00 0 
782c38900000-782c38904000 ---p 00000000 00:00 0 
782c38904000-782c38a00000 rw-p 00000000 00:00 0 
782c38a00000-782c38a04000 ---p 00000000 00:00 0 
782c38a04000-782c38b00000 rw-p 00000000 00:00 0 
782c38b00000-782c38b04000 ---p 00000000 00:00 0 
782c38b04000-782c38c00000 rw-p 00000000 00:00 0 
782c38c00000-782c38c04000 ---p 00000000 00:00 0 
782c38c04000-782c38d00000 rw-p 00000000 00:00 0 
782c38d00000-782c38d04000 ---p 00000000 00:00 0 
782c38d04000-782c38e00000 rw-p 00000000 00:00 0 
782c38e00000-782c38e04000 ---p 00000000 00:00 0 
782c38e04000-782c38f00000 rw-p 00000000 00:00 0 
782c38f00000-782c38f04000 ---p 00000000 00:00 0 
782c38f04000-782c39000000 rw-p 00000000 00:00 0 
782c39000000-782c39004000 ---p 00000000 00:00 0 
782c39004000-782c39100000 rw-p 00000000 00:00 0 
782c39100000-782c39104000 ---p 00000000 00:00 0 
782c39104000-782c39200000 rw-p 00000000 00:00 0 
782c39200000-782c39204000 ---p 00000000 00:00 0 
782c39204000-782c39300000 rw-p 00000000 00:00 0 
782c39300000-782c39304000 ---p 00000000 00:00 0 
782c39304000-782c39400000 rw-p 00000000 00:00 0 
782c39400000-782c39405000 r-xp 00000000 fc:00 19277982                   /home/oppa-ai/.gradle/native/660c5614fbf4a5f2a75b1949f50a0caf5cd603558e7d8a26e50b933a0cfb79d1/linux-amd64/libnative-platform.so
782c39405000-782c39605000 ---p 00005000 fc:00 19277982                   /home/oppa-ai/.gradle/native/660c5614fbf4a5f2a75b1949f50a0caf5cd603558e7d8a26e50b933a0cfb79d1/linux-amd64/libnative-platform.so
782c39605000-782c39606000 r--p 00005000 fc:00 19277982                   /home/oppa-ai/.gradle/native/660c5614fbf4a5f2a75b1949f50a0caf5cd603558e7d8a26e50b933a0cfb79d1/linux-amd64/libnative-platform.so
782c39606000-782c39607000 rw-p 00006000 fc:00 19277982                   /home/oppa-ai/.gradle/native/660c5614fbf4a5f2a75b1949f50a0caf5cd603558e7d8a26e50b933a0cfb79d1/linux-amd64/libnative-platform.so
782c396f5000-782c396f6000 ---p 00000000 00:00 0 
782c396f6000-782c397f6000 rw-p 00000000 00:00 0 
782c397f6000-782c397f7000 ---p 00000000 00:00 0 
782c397f7000-782c398f7000 rw-p 00000000 00:00 0 
782c398f7000-782c398f8000 ---p 00000000 00:00 0 
782c398f8000-782c399f8000 rw-p 00000000 00:00 0 
782c399f8000-782c399f9000 ---p 00000000 00:00 0 
782c399f9000-782c39af9000 rw-p 00000000 00:00 0 
782c39af9000-782c39afa000 ---p 00000000 00:00 0 
782c39afa000-782c39bfa000 rw-p 00000000 00:00 0 
782c39bfa000-782c39bfb000 ---p 00000000 00:00 0 
782c39bfb000-782c39cfb000 rw-p 00000000 00:00 0 
782c39cfb000-782c39cfc000 ---p 00000000 00:00 0 
782c39cfc000-782c39dfc000 rw-p 00000000 00:00 0 
782c39dfc000-782c39dfd000 ---p 00000000 00:00 0 
782c39dfd000-782c39efd000 rw-p 00000000 00:00 0 
782c39efd000-782c39efe000 ---p 00000000 00:00 0 
782c39efe000-782c39ffe000 rw-p 00000000 00:00 0 
782c39ffe000-782c39fff000 ---p 00000000 00:00 0 
782c39fff000-782c3a0ff000 rw-p 00000000 00:00 0 
782c3a0ff000-782c3a100000 ---p 00000000 00:00 0 
782c3a100000-782c3a200000 rw-p 00000000 00:00 0 
782c3a200000-782c3a204000 ---p 00000000 00:00 0 
782c3a204000-782c3a300000 rw-p 00000000 00:00 0 
782c3a300000-782c3a304000 ---p 00000000 00:00 0 
782c3a304000-782c3a400000 rw-p 00000000 00:00 0 
782c3a400000-782c3a404000 ---p 00000000 00:00 0 
782c3a404000-782c3a500000 rw-p 00000000 00:00 0 
782c3a500000-782c3a504000 ---p 00000000 00:00 0 
782c3a504000-782c3a600000 rw-p 00000000 00:00 0 
782c3a600000-782c3a604000 ---p 00000000 00:00 0 
782c3a604000-782c3a700000 rw-p 00000000 00:00 0 
782c3a700000-782c3a704000 ---p 00000000 00:00 0 
782c3a704000-782c3a800000 rw-p 00000000 00:00 0 
782c3a800000-782c3af28000 r--p 00000000 103:02 9699534                   /usr/lib/locale/locale-archive
782c3b000000-782c3bc9c000 rw-p 00001000 103:02 9962566                   /usr/lib/jvm/java-21-openjdk-amd64/lib/server/classes.jsa
782c3bc9c000-782c3c000000 ---p 00000000 00:00 0 
782c3c000000-782c3c030000 rw-p 00000000 00:00 0 
782c3c030000-782c3c070000 rw-p 00000000 00:00 0 
782c3c070000-782c3c130000 rw-p 00000000 00:00 0 
782c3c130000-782c3c170000 rw-p 00000000 00:00 0 
782c3c170000-782c3c5b0000 rw-p 00000000 00:00 0 
782c3c5b0000-782c3c5f0000 rw-p 00000000 00:00 0 
782c3c5f0000-782c3d130000 rw-p 00000000 00:00 0 
782c3d130000-782c3d1b0000 rw-p 00000000 00:00 0 
782c3d1b0000-782c3d1c0000 ---p 00000000 00:00 0 
782c3d1c0000-782c3d280000 rw-p 00000000 00:00 0 
782c3d280000-782c7c000000 ---p 00000000 00:00 0 
782c7c000000-782c7c021000 rw-p 00000000 00:00 0 
782c7c021000-782c80000000 ---p 00000000 00:00 0 
782c80000000-782c80021000 rw-p 00000000 00:00 0 
782c80021000-782c84000000 ---p 00000000 00:00 0 
782c84000000-782c84021000 rw-p 00000000 00:00 0 
782c84021000-782c88000000 ---p 00000000 00:00 0 
782c88000000-782c884b4000 rw-p 00000000 00:00 0 
782c884b4000-782c8c000000 ---p 00000000 00:00 0 
782c8c000000-782c8c021000 rw-p 00000000 00:00 0 
782c8c021000-782c90000000 ---p 00000000 00:00 0 
782c9002f000-782c90033000 ---p 00000000 00:00 0 
782c90033000-782c9012f000 rw-p 00000000 00:00 0 
782c9012f000-782c90133000 ---p 00000000 00:00 0 
782c90133000-782c9022f000 rw-p 00000000 00:00 0 
782c9022f000-782c90233000 ---p 00000000 00:00 0 
782c90233000-782c9032f000 rw-p 00000000 00:00 0 
782c9032f000-782c90334000 r--p 00000000 103:02 9842160                   /usr/lib/jvm/java-21-openjdk-amd64/lib/libjsvml.so
782c90334000-782c90375000 r-xp 00005000 103:02 9842160                   /usr/lib/jvm/java-21-openjdk-amd64/lib/libjsvml.so
782c90375000-782c903fe000 r--p 00046000 103:02 9842160                   /usr/lib/jvm/java-21-openjdk-amd64/lib/libjsvml.so
782c903fe000-782c903ff000 r--p 000ce000 103:02 9842160                   /usr/lib/jvm/java-21-openjdk-amd64/lib/libjsvml.so
782c903ff000-782c90400000 rw-p 000cf000 103:02 9842160                   /usr/lib/jvm/java-21-openjdk-amd64/lib/libjsvml.so
782c90400000-782c90404000 ---p 00000000 00:00 0 
782c90404000-782c90500000 rw-p 00000000 00:00 0 
782c90500000-782c90504000 ---p 00000000 00:00 0 
782c90504000-782c90600000 rw-p 00000000 00:00 0 
782c90600000-782c90604000 ---p 00000000 00:00 0 
782c90604000-782c90700000 rw-p 00000000 00:00 0 
782c90700000-782c90704000 ---p 00000000 00:00 0 
782c90704000-782c90800000 rw-p 00000000 00:00 0 
782c90800000-782c92fbc000 rw-p 00000000 00:00 0 
782c92fbc000-782c92fc4000 ---p 00000000 00:00 0 
782c92fc4000-782c92fc8000 rw-p 00000000 00:00 0 
782c92fc8000-782c947d0000 ---p 00000000 00:00 0 
782c947d0000-782c94800000 rw-p 00000000 00:00 0 
782c94800000-782c96c40000 rwxp 00000000 00:00 0 
782c96c40000-782c9bc5f000 ---p 00000000 00:00 0 
782c9bc5f000-782c9c09f000 rwxp 00000000 00:00 0 
782c9c09f000-782c9c3a0000 ---p 00000000 00:00 0 
782c9c3a0000-782c9d1f0000 rwxp 00000000 00:00 0 
782c9d1f0000-782ca3800000 ---p 00000000 00:00 0 
782ca3800000-782cabe53000 r--s 00000000 103:02 9848036                   /usr/lib/jvm/java-21-openjdk-amd64/lib/modules
782cabe70000-782cabeac000 r--p 00000000 fc:00 19278000                   /home/oppa-ai/.gradle/native/0.2.8/x86_64-linux-gnu/libgradle-fileevents.so
782cabeac000-782cabef4000 r-xp 0003b000 fc:00 19278000                   /home/oppa-ai/.gradle/native/0.2.8/x86_64-linux-gnu/libgradle-fileevents.so
782cabef4000-782cabefd000 r--p 00082000 fc:00 19278000                   /home/oppa-ai/.gradle/native/0.2.8/x86_64-linux-gnu/libgradle-fileevents.so
782cabefd000-782cabefe000 rw-p 0008a000 fc:00 19278000                   /home/oppa-ai/.gradle/native/0.2.8/x86_64-linux-gnu/libgradle-fileevents.so
782cabefe000-782cabf00000 rw-p 00000000 00:00 0 
782cabf00000-782cabf04000 ---p 00000000 00:00 0 
782cabf04000-782cac000000 rw-p 00000000 00:00 0 
782cac000000-782cad5bf000 rw-p 00000000 00:00 0 
782cad5bf000-782cb0000000 ---p 00000000 00:00 0 
782cb0064000-782cb0068000 ---p 00000000 00:00 0 
782cb0068000-782cb0164000 rw-p 00000000 00:00 0 
782cb0164000-782cb0168000 ---p 00000000 00:00 0 
782cb0168000-782cb0264000 rw-p 00000000 00:00 0 
782cb0264000-782cb0265000 ---p 00000000 00:00 0 
782cb0265000-782cb0365000 rw-p 00000000 00:00 0 
782cb0365000-782cb0366000 ---p 00000000 00:00 0 
782cb0366000-782cb0466000 rw-p 00000000 00:00 0 
782cb0466000-782cb04e7000 rw-p 00000000 00:00 0 
782cb04e7000-782cb04e8000 ---p 00000000 00:00 0 
782cb04e8000-782cb05e8000 rw-p 00000000 00:00 0 
782cb05e8000-782cb05e9000 ---p 00000000 00:00 0 
782cb05e9000-782cb06e9000 rw-p 00000000 00:00 0 
782cb06e9000-782cb15f8000 rw-p 00000000 00:00 0 
782cb15f8000-782cb15f9000 ---p 00000000 00:00 0 
782cb15f9000-782cb16f9000 rw-p 00000000 00:00 0 
782cb16f9000-782cb16fa000 ---p 00000000 00:00 0 
782cb16fa000-782cb17fa000 rw-p 00000000 00:00 0 
782cb17fa000-782cb17fb000 ---p 00000000 00:00 0 
782cb17fb000-782cb18fb000 rw-p 00000000 00:00 0 
782cb18fb000-782cb1af9000 rw-p 00000000 00:00 0 
782cb1af9000-782cb1dfa000 ---p 00000000 00:00 0 
782cb1dfa000-782cb1ef9000 rw-p 00000000 00:00 0 
782cb1ef9000-782cb21fa000 ---p 00000000 00:00 0 
782cb21fa000-782cb2200000 rw-p 00000000 00:00 0 
782cb221f000-782cb314b000 rw-p 00000000 00:00 0 
782cb314b000-782cb3217000 ---p 00000000 00:00 0 
782cb3217000-782cb3260000 rw-p 00000000 00:00 0 
782cb3260000-782cb3300000 ---p 00000000 00:00 0 
782cb3300000-782cb3304000 ---p 00000000 00:00 0 
782cb3304000-782cb3400000 rw-p 00000000 00:00 0 
782cb3400000-782cb34a3000 r--p 00000000 103:02 9699365                   /usr/lib/x86_64-linux-gnu/libstdc++.so.6.0.35
782cb34a3000-782cb35ff000 r-xp 000a3000 103:02 9699365                   /usr/lib/x86_64-linux-gnu/libstdc++.so.6.0.35
782cb35ff000-782cb368b000 r--p 001ff000 103:02 9699365                   /usr/lib/x86_64-linux-gnu/libstdc++.so.6.0.35
782cb368b000-782cb369a000 r--p 0028b000 103:02 9699365                   /usr/lib/x86_64-linux-gnu/libstdc++.so.6.0.35
782cb369a000-782cb369d000 rw-p 0029a000 103:02 9699365                   /usr/lib/x86_64-linux-gnu/libstdc++.so.6.0.35
782cb369d000-782cb36a1000 rw-p 00000000 00:00 0 
782cb36c2000-782cb36c3000 r--p 00000000 103:02 9706411                   /usr/lib/x86_64-linux-gnu/libnss_mdns4_minimal.so.2
782cb36c3000-782cb36c5000 r-xp 00001000 103:02 9706411                   /usr/lib/x86_64-linux-gnu/libnss_mdns4_minimal.so.2
782cb36c5000-782cb36c6000 r--p 00003000 103:02 9706411                   /usr/lib/x86_64-linux-gnu/libnss_mdns4_minimal.so.2
782cb36c6000-782cb36c7000 r--p 00003000 103:02 9706411                   /usr/lib/x86_64-linux-gnu/libnss_mdns4_minimal.so.2
782cb36c7000-782cb36c8000 rw-p 00004000 103:02 9706411                   /usr/lib/x86_64-linux-gnu/libnss_mdns4_minimal.so.2
782cb36c8000-782cb36cf000 r--s 00000000 103:02 9710966                   /usr/lib/x86_64-linux-gnu/gconv/gconv-modules.cache
782cb36cf000-782cb36d0000 r--p 00000000 103:02 9842000                   /usr/lib/jvm/java-21-openjdk-amd64/lib/libextnet.so
782cb36d0000-782cb36d1000 r-xp 00001000 103:02 9842000                   /usr/lib/jvm/java-21-openjdk-amd64/lib/libextnet.so
782cb36d1000-782cb36d2000 r--p 00002000 103:02 9842000                   /usr/lib/jvm/java-21-openjdk-amd64/lib/libextnet.so
782cb36d2000-782cb36d3000 r--p 00002000 103:02 9842000                   /usr/lib/jvm/java-21-openjdk-amd64/lib/libextnet.so
782cb36d3000-782cb36d4000 rw-p 00003000 103:02 9842000                   /usr/lib/jvm/java-21-openjdk-amd64/lib/libextnet.so
782cb36d4000-782cb36d6000 r--p 00000000 103:02 9848025                   /usr/lib/jvm/java-21-openjdk-amd64/lib/libmanagement_ext.so
782cb36d6000-782cb36d9000 r-xp 00002000 103:02 9848025                   /usr/lib/jvm/java-21-openjdk-amd64/lib/libmanagement_ext.so
782cb36d9000-782cb36da000 r--p 00005000 103:02 9848025                   /usr/lib/jvm/java-21-openjdk-amd64/lib/libmanagement_ext.so
782cb36da000-782cb36db000 r--p 00006000 103:02 9848025                   /usr/lib/jvm/java-21-openjdk-amd64/lib/libmanagement_ext.so
782cb36db000-782cb36dc000 rw-p 00007000 103:02 9848025                   /usr/lib/jvm/java-21-openjdk-amd64/lib/libmanagement_ext.so
782cb36dc000-782cb36de000 r--p 00000000 103:02 9848022                   /usr/lib/jvm/java-21-openjdk-amd64/lib/libmanagement.so
782cb36de000-782cb36df000 r-xp 00002000 103:02 9848022                   /usr/lib/jvm/java-21-openjdk-amd64/lib/libmanagement.so
782cb36df000-782cb36e0000 r--p 00003000 103:02 9848022                   /usr/lib/jvm/java-21-openjdk-amd64/lib/libmanagement.so
782cb36e0000-782cb36e1000 r--p 00003000 103:02 9848022                   /usr/lib/jvm/java-21-openjdk-amd64/lib/libmanagement.so
782cb36e1000-782cb36e2000 rw-p 00004000 103:02 9848022                   /usr/lib/jvm/java-21-openjdk-amd64/lib/libmanagement.so
782cb36e2000-782cb36e6000 r--p 00000000 103:02 9848034                   /usr/lib/jvm/java-21-openjdk-amd64/lib/libverify.so
782cb36e6000-782cb36ed000 r-xp 00004000 103:02 9848034                   /usr/lib/jvm/java-21-openjdk-amd64/lib/libverify.so
782cb36ed000-782cb36ef000 r--p 0000b000 103:02 9848034                   /usr/lib/jvm/java-21-openjdk-amd64/lib/libverify.so
782cb36ef000-782cb36f1000 r--p 0000c000 103:02 9848034                   /usr/lib/jvm/java-21-openjdk-amd64/lib/libverify.so
782cb36f1000-782cb36f2000 rw-p 0000e000 103:02 9848034                   /usr/lib/jvm/java-21-openjdk-amd64/lib/libverify.so
782cb36f2000-782cb36f5000 r--p 00000000 103:02 9848027                   /usr/lib/jvm/java-21-openjdk-amd64/lib/libnet.so
782cb36f5000-782cb36fd000 r-xp 00003000 103:02 9848027                   /usr/lib/jvm/java-21-openjdk-amd64/lib/libnet.so
782cb36fd000-782cb36ff000 r--p 0000b000 103:02 9848027                   /usr/lib/jvm/java-21-openjdk-amd64/lib/libnet.so
782cb36ff000-782cb3700000 r--p 0000c000 103:02 9848027                   /usr/lib/jvm/java-21-openjdk-amd64/lib/libnet.so
782cb3700000-782cb3701000 rw-p 0000d000 103:02 9848027                   /usr/lib/jvm/java-21-openjdk-amd64/lib/libnet.so
782cb3701000-782cb3708000 r--p 00000000 103:02 9848028                   /usr/lib/jvm/java-21-openjdk-amd64/lib/libnio.so
782cb3708000-782cb3711000 r-xp 00007000 103:02 9848028                   /usr/lib/jvm/java-21-openjdk-amd64/lib/libnio.so
782cb3711000-782cb3715000 r--p 00010000 103:02 9848028                   /usr/lib/jvm/java-21-openjdk-amd64/lib/libnio.so
782cb3715000-782cb3716000 r--p 00014000 103:02 9848028                   /usr/lib/jvm/java-21-openjdk-amd64/lib/libnio.so
782cb3716000-782cb3717000 rw-p 00015000 103:02 9848028                   /usr/lib/jvm/java-21-openjdk-amd64/lib/libnio.so
782cb3717000-782cb3727000 r--p 00000000 103:02 9710982                   /usr/lib/x86_64-linux-gnu/libm.so.6
782cb3727000-782cb37a6000 r-xp 00010000 103:02 9710982                   /usr/lib/x86_64-linux-gnu/libm.so.6
782cb37a6000-782cb37fe000 r--p 0008f000 103:02 9710982                   /usr/lib/x86_64-linux-gnu/libm.so.6
782cb37fe000-782cb37ff000 r--p 000e7000 103:02 9710982                   /usr/lib/x86_64-linux-gnu/libm.so.6
782cb37ff000-782cb3800000 rw-p 000e8000 103:02 9710982                   /usr/lib/x86_64-linux-gnu/libm.so.6
782cb3800000-782cb3aa3000 r--p 00000000 103:02 9962569                   /usr/lib/jvm/java-21-openjdk-amd64/lib/server/libjvm.so
782cb3aa3000-782cb491f000 r-xp 002a3000 103:02 9962569                   /usr/lib/jvm/java-21-openjdk-amd64/lib/server/libjvm.so
782cb491f000-782cb4bfa000 r--p 0111f000 103:02 9962569                   /usr/lib/jvm/java-21-openjdk-amd64/lib/server/libjvm.so
782cb4bfa000-782cb4cce000 r--p 013f9000 103:02 9962569                   /usr/lib/jvm/java-21-openjdk-amd64/lib/server/libjvm.so
782cb4cce000-782cb4cfe000 rw-p 014cd000 103:02 9962569                   /usr/lib/jvm/java-21-openjdk-amd64/lib/server/libjvm.so
782cb4cfe000-782cb4d64000 rw-p 00000000 00:00 0 
782cb4d64000-782cb4e00000 rw-p 00000000 00:00 0 
782cb4e00000-782cb4e28000 r--p 00000000 103:02 9710979                   /usr/lib/x86_64-linux-gnu/libc.so.6
782cb4e28000-782cb4fb0000 r-xp 00028000 103:02 9710979                   /usr/lib/x86_64-linux-gnu/libc.so.6
782cb4fb0000-782cb4fff000 r--p 001b0000 103:02 9710979                   /usr/lib/x86_64-linux-gnu/libc.so.6
782cb4fff000-782cb5003000 r--p 001fe000 103:02 9710979                   /usr/lib/x86_64-linux-gnu/libc.so.6
782cb5003000-782cb5005000 rw-p 00202000 103:02 9710979                   /usr/lib/x86_64-linux-gnu/libc.so.6
782cb5005000-782cb5012000 rw-p 00000000 00:00 0 
782cb5015000-782cb5016000 r--p 00000000 103:02 9710981                   /usr/lib/x86_64-linux-gnu/libdl.so.2
782cb5016000-782cb5017000 r-xp 00001000 103:02 9710981                   /usr/lib/x86_64-linux-gnu/libdl.so.2
782cb5017000-782cb5018000 r--p 00002000 103:02 9710981                   /usr/lib/x86_64-linux-gnu/libdl.so.2
782cb5018000-782cb5019000 r--p 00002000 103:02 9710981                   /usr/lib/x86_64-linux-gnu/libdl.so.2
782cb5019000-782cb501a000 rw-p 00003000 103:02 9710981                   /usr/lib/x86_64-linux-gnu/libdl.so.2
782cb501a000-782cb501c000 r--p 00000000 103:02 9848035                   /usr/lib/jvm/java-21-openjdk-amd64/lib/libzip.so
782cb501c000-782cb5021000 r-xp 00002000 103:02 9848035                   /usr/lib/jvm/java-21-openjdk-amd64/lib/libzip.so
782cb5021000-782cb5023000 r--p 00007000 103:02 9848035                   /usr/lib/jvm/java-21-openjdk-amd64/lib/libzip.so
782cb5023000-782cb5024000 r--p 00008000 103:02 9848035                   /usr/lib/jvm/java-21-openjdk-amd64/lib/libzip.so
782cb5024000-782cb5025000 rw-p 00009000 103:02 9848035                   /usr/lib/jvm/java-21-openjdk-amd64/lib/libzip.so
782cb5025000-782cb502e000 rw-p 00000000 00:00 0 
782cb502e000-782cb5034000 ---p 00000000 00:00 0 
782cb5034000-782cb5041000 r--p 00000000 103:02 9842040                   /usr/lib/jvm/java-21-openjdk-amd64/lib/libjava.so
782cb5041000-782cb5050000 r-xp 0000d000 103:02 9842040                   /usr/lib/jvm/java-21-openjdk-amd64/lib/libjava.so
782cb5050000-782cb5055000 r--p 0001c000 103:02 9842040                   /usr/lib/jvm/java-21-openjdk-amd64/lib/libjava.so
782cb5055000-782cb5056000 r--p 00021000 103:02 9842040                   /usr/lib/jvm/java-21-openjdk-amd64/lib/libjava.so
782cb5056000-782cb5057000 rw-p 00022000 103:02 9842040                   /usr/lib/jvm/java-21-openjdk-amd64/lib/libjava.so
782cb5057000-782cb5058000 rw-p 00000000 00:00 0 
782cb5058000-782cb505c000 r--p 00000000 103:02 9699446                   /usr/lib/x86_64-linux-gnu/libgcc_s.so.1
782cb505c000-782cb5080000 r-xp 00004000 103:02 9699446                   /usr/lib/x86_64-linux-gnu/libgcc_s.so.1
782cb5080000-782cb5084000 r--p 00028000 103:02 9699446                   /usr/lib/x86_64-linux-gnu/libgcc_s.so.1
782cb5084000-782cb5085000 r--p 0002c000 103:02 9699446                   /usr/lib/x86_64-linux-gnu/libgcc_s.so.1
782cb5085000-782cb5086000 rw-p 0002d000 103:02 9699446                   /usr/lib/x86_64-linux-gnu/libgcc_s.so.1
782cb5086000-782cb5088000 rw-p 00000000 00:00 0 
782cb5088000-782cb508a000 r--p 00000000 103:02 9842109                   /usr/lib/jvm/java-21-openjdk-amd64/lib/libjli.so
782cb508a000-782cb5094000 r-xp 00002000 103:02 9842109                   /usr/lib/jvm/java-21-openjdk-amd64/lib/libjli.so
782cb5094000-782cb5097000 r--p 0000c000 103:02 9842109                   /usr/lib/jvm/java-21-openjdk-amd64/lib/libjli.so
782cb5097000-782cb5098000 r--p 0000f000 103:02 9842109                   /usr/lib/jvm/java-21-openjdk-amd64/lib/libjli.so
782cb5098000-782cb5099000 rw-p 00010000 103:02 9842109                   /usr/lib/jvm/java-21-openjdk-amd64/lib/libjli.so
782cb5099000-782cb509b000 r--p 00000000 103:02 9699405                   /usr/lib/x86_64-linux-gnu/libz.so.1.3
782cb509b000-782cb50ad000 r-xp 00002000 103:02 9699405                   /usr/lib/x86_64-linux-gnu/libz.so.1.3
782cb50ad000-782cb50b3000 r--p 00014000 103:02 9699405                   /usr/lib/x86_64-linux-gnu/libz.so.1.3
782cb50b3000-782cb50b4000 r--p 0001a000 103:02 9699405                   /usr/lib/x86_64-linux-gnu/libz.so.1.3
782cb50b4000-782cb50b5000 rw-p 0001b000 103:02 9699405                   /usr/lib/x86_64-linux-gnu/libz.so.1.3
782cb50b8000-782cb50b9000 r--p 00000000 103:02 9710991                   /usr/lib/x86_64-linux-gnu/libpthread.so.0
782cb50b9000-782cb50ba000 r-xp 00001000 103:02 9710991                   /usr/lib/x86_64-linux-gnu/libpthread.so.0
782cb50ba000-782cb50bb000 r--p 00002000 103:02 9710991                   /usr/lib/x86_64-linux-gnu/libpthread.so.0
782cb50bb000-782cb50bc000 r--p 00002000 103:02 9710991                   /usr/lib/x86_64-linux-gnu/libpthread.so.0
782cb50bc000-782cb50bd000 rw-p 00003000 103:02 9710991                   /usr/lib/x86_64-linux-gnu/libpthread.so.0
782cb50bd000-782cb50c5000 rw-s 00000000 103:02 6291504                   /tmp/hsperfdata_oppa-ai/295982
782cb50c5000-782cb50c7000 r--p 00000000 103:02 9842002                   /usr/lib/jvm/java-21-openjdk-amd64/lib/libinstrument.so
782cb50c7000-782cb50cd000 r-xp 00002000 103:02 9842002                   /usr/lib/jvm/java-21-openjdk-amd64/lib/libinstrument.so
782cb50cd000-782cb50d0000 r--p 00008000 103:02 9842002                   /usr/lib/jvm/java-21-openjdk-amd64/lib/libinstrument.so
782cb50d0000-782cb50d1000 r--p 0000a000 103:02 9842002                   /usr/lib/jvm/java-21-openjdk-amd64/lib/libinstrument.so
782cb50d1000-782cb50d2000 rw-p 0000b000 103:02 9842002                   /usr/lib/jvm/java-21-openjdk-amd64/lib/libinstrument.so
782cb50d2000-782cb50d3000 ---p 00000000 00:00 0 
782cb50d3000-782cb50d4000 r--p 00000000 00:00 0 
782cb50d4000-782cb50d5000 ---p 00000000 00:00 0 
782cb50d5000-782cb50d7000 r--p 00000000 103:02 9842055                   /usr/lib/jvm/java-21-openjdk-amd64/lib/libjimage.so
782cb50d7000-782cb50da000 r-xp 00002000 103:02 9842055                   /usr/lib/jvm/java-21-openjdk-amd64/lib/libjimage.so
782cb50da000-782cb50db000 r--p 00005000 103:02 9842055                   /usr/lib/jvm/java-21-openjdk-amd64/lib/libjimage.so
782cb50db000-782cb50dc000 r--p 00006000 103:02 9842055                   /usr/lib/jvm/java-21-openjdk-amd64/lib/libjimage.so
782cb50dc000-782cb50dd000 rw-p 00007000 103:02 9842055                   /usr/lib/jvm/java-21-openjdk-amd64/lib/libjimage.so
782cb50dd000-782cb50df000 rw-p 00000000 00:00 0 
782cb50df000-782cb50e0000 r--p 00000000 103:02 9710975                   /usr/lib/x86_64-linux-gnu/ld-linux-x86-64.so.2
782cb50e0000-782cb510b000 r-xp 00001000 103:02 9710975                   /usr/lib/x86_64-linux-gnu/ld-linux-x86-64.so.2
782cb510b000-782cb5115000 r--p 0002c000 103:02 9710975                   /usr/lib/x86_64-linux-gnu/ld-linux-x86-64.so.2
782cb5115000-782cb5117000 r--p 00036000 103:02 9710975                   /usr/lib/x86_64-linux-gnu/ld-linux-x86-64.so.2
782cb5117000-782cb5119000 rw-p 00038000 103:02 9710975                   /usr/lib/x86_64-linux-gnu/ld-linux-x86-64.so.2
7ffc9596c000-7ffc9598d000 rw-p 00000000 00:00 0                          [stack]
7ffc959ea000-7ffc959ee000 r--p 00000000 00:00 0                          [vvar]
7ffc959ee000-7ffc959f0000 r-xp 00000000 00:00 0                          [vdso]
ffffffffff600000-ffffffffff601000 --xp 00000000 00:00 0                  [vsyscall]
Total number of mappings: 954

JVMTI agents:
/home/oppa-ai/.gradle/wrapper/dists/gradle-9.3.0-bin/79n14ral3mx1ozqr3csh2u872/gradle-9.3.0/lib/agents/gradle-instrumentation-agent-9.3.0.jar path:none, loaded, initialized, instrumentlib options:none


VM Arguments:
jvm_args: --add-opens=java.base/java.lang=ALL-UNNAMED --add-opens=java.base/java.lang.invoke=ALL-UNNAMED --add-opens=java.base/java.util=ALL-UNNAMED --add-opens=java.prefs/java.util.prefs=ALL-UNNAMED --add-exports=jdk.compiler/com.sun.tools.javac.api=ALL-UNNAMED --add-exports=jdk.compiler/com.sun.tools.javac.util=ALL-UNNAMED --add-opens=java.base/java.util=ALL-UNNAMED --add-opens=java.prefs/java.util.prefs=ALL-UNNAMED --add-opens=java.base/java.nio.charset=ALL-UNNAMED --add-opens=java.base/java.net=ALL-UNNAMED --add-opens=java.base/java.util.concurrent=ALL-UNNAMED --add-opens=java.base/java.util.concurrent.atomic=ALL-UNNAMED --add-opens=java.xml/javax.xml.namespace=ALL-UNNAMED --add-opens=java.base/java.time=ALL-UNNAMED -Xmx2048m -Dfile.encoding=UTF-8 -Duser.country=US -Duser.language=en -Duser.variant -javaagent:/home/oppa-ai/.gradle/wrapper/dists/gradle-9.3.0-bin/79n14ral3mx1ozqr3csh2u872/gradle-9.3.0/lib/agents/gradle-instrumentation-agent-9.3.0.jar 
java_command: org.gradle.launcher.daemon.bootstrap.GradleDaemon 9.3.0
java_class_path (initial): /home/oppa-ai/.gradle/wrapper/dists/gradle-9.3.0-bin/79n14ral3mx1ozqr3csh2u872/gradle-9.3.0/lib/gradle-daemon-main-9.3.0.jar
Launcher Type: SUN_STANDARD

[Global flags]
     intx CICompilerCount                          = 12                                        {product} {ergonomic}
     uint ConcGCThreads                            = 4                                         {product} {ergonomic}
     uint G1ConcRefinementThreads                  = 15                                        {product} {ergonomic}
   size_t G1HeapRegionSize                         = 1048576                                   {product} {ergonomic}
    uintx GCDrainStackTargetSize                   = 64                                        {product} {ergonomic}
   size_t InitialHeapSize                          = 522190848                                 {product} {ergonomic}
   size_t MarkStackSize                            = 4194304                                   {product} {ergonomic}
   size_t MaxHeapSize                              = 2147483648                                {product} {command line}
   size_t MaxNewSize                               = 1287651328                                {product} {ergonomic}
   size_t MinHeapDeltaBytes                        = 1048576                                   {product} {ergonomic}
   size_t MinHeapSize                              = 8388608                                   {product} {ergonomic}
    uintx NonNMethodCodeHeapSize                   = 7602480                                {pd product} {ergonomic}
    uintx NonProfiledCodeHeapSize                  = 122027880                              {pd product} {ergonomic}
    uintx ProfiledCodeHeapSize                     = 122027880                              {pd product} {ergonomic}
    uintx ReservedCodeCacheSize                    = 251658240                              {pd product} {ergonomic}
     bool SegmentedCodeCache                       = true                                      {product} {ergonomic}
   size_t SoftMaxHeapSize                          = 2147483648                             {manageable} {ergonomic}
     bool UseCompressedOops                        = true                           {product lp64_product} {ergonomic}
     bool UseG1GC                                  = true                                      {product} {ergonomic}

Logging:
Log output configuration:
 #0: stdout all=warning uptime,level,tags foldmultilines=false
 #1: stderr all=off uptime,level,tags foldmultilines=false

Release file:
IMPLEMENTOR="Ubuntu"
JAVA_RUNTIME_VERSION="21.0.12+8-1-24.04-Ubuntu"
JAVA_VERSION="21.0.12"
JAVA_VERSION_DATE="2026-07-21"
LIBC="gnu"
MODULES="java.base java.compiler java.datatransfer java.xml java.prefs java.desktop java.instrument java.logging java.management java.security.sasl java.naming java.rmi java.management.rmi java.net.http java.scripting java.security.jgss java.transaction.xa java.sql java.sql.rowset java.xml.crypto java.se java.smartcardio jdk.accessibility jdk.internal.jvmstat jdk.attach jdk.charsets jdk.internal.opt jdk.zipfs jdk.compiler jdk.crypto.ec jdk.crypto.cryptoki jdk.dynalink jdk.internal.ed jdk.editpad jdk.hotspot.agent jdk.httpserver jdk.incubator.vector jdk.internal.le jdk.internal.vm.ci jdk.internal.vm.compiler jdk.internal.vm.compiler.management jdk.jartool jdk.javadoc jdk.jcmd jdk.management jdk.management.agent jdk.jconsole jdk.jdeps jdk.jdwp.agent jdk.jdi jdk.jfr jdk.jlink jdk.jpackage jdk.jshell jdk.jsobject jdk.jstatd jdk.localedata jdk.management.jfr jdk.naming.dns jdk.naming.rmi jdk.net jdk.nio.mapmode jdk.random jdk.sctp jdk.security.auth jdk.security.jgss jdk.unsupported jdk.unsupported.desktop jdk.xml.dom"
OS_ARCH="x86_64"
OS_NAME="Linux"
SOURCE=""

Environment Variables:
PATH=/home/oppa-ai/.local/bin:/usr/local/sbin:/usr/local/bin:/usr/sbin:/usr/bin:/sbin:/bin:/usr/games:/usr/local/games:/snap/bin
USERNAME=oppa-ai
SHELL=/bin/bash
DISPLAY=:0
LANG=en_US.UTF-8
LC_ALL=en_US.UTF-8

Active Locale:
LC_ALL=en_US.UTF-8
LC_COLLATE=en_US.UTF-8
LC_CTYPE=en_US.UTF-8
LC_MESSAGES=en_US.UTF-8
LC_MONETARY=en_US.UTF-8
LC_NUMERIC=en_US.UTF-8
LC_TIME=en_US.UTF-8

Signal Handlers:
   SIGSEGV: crash_handler in libjvm.so, mask=11100100010111111101111111111110, flags=SA_RESTART|SA_SIGINFO, unblocked
    SIGBUS: crash_handler in libjvm.so, mask=11100100010111111101111111111110, flags=SA_RESTART|SA_SIGINFO, unblocked
    SIGFPE: crash_handler in libjvm.so, mask=11100100010111111101111111111110, flags=SA_RESTART|SA_SIGINFO, unblocked
   SIGPIPE: javaSignalHandler in libjvm.so, mask=11100100010111111101111111111110, flags=SA_RESTART|SA_SIGINFO, blocked
   SIGXFSZ: javaSignalHandler in libjvm.so, mask=11100100010111111101111111111110, flags=SA_RESTART|SA_SIGINFO, blocked
    SIGILL: crash_handler in libjvm.so, mask=11100100010111111101111111111110, flags=SA_RESTART|SA_SIGINFO, unblocked
   SIGUSR2: SR_handler in libjvm.so, mask=00000000000000000000000000000000, flags=SA_RESTART|SA_SIGINFO, blocked
    SIGHUP: UserHandler in libjvm.so, mask=11100100010111111101111111111110, flags=SA_RESTART|SA_SIGINFO, blocked
    SIGINT: UserHandler in libjvm.so, mask=11100100010111111101111111111110, flags=SA_RESTART|SA_SIGINFO, blocked
   SIGTERM: UserHandler in libjvm.so, mask=11100100010111111101111111111110, flags=SA_RESTART|SA_SIGINFO, blocked
   SIGQUIT: UserHandler in libjvm.so, mask=11100100010111111101111111111110, flags=SA_RESTART|SA_SIGINFO, blocked
   SIGTRAP: crash_handler in libjvm.so, mask=11100100010111111101111111111110, flags=SA_RESTART|SA_SIGINFO, unblocked


Periodic native trim disabled

---------------  S Y S T E M  ---------------

OS:
DISTRIB_ID=Ubuntu
DISTRIB_RELEASE=24.04
DISTRIB_CODENAME=noble
DISTRIB_DESCRIPTION="Ubuntu 24.04.4 LTS"
uname: Linux 6.8.0-124-generic #124-Ubuntu SMP PREEMPT_DYNAMIC Tue May 26 13:00:45 UTC 2026 x86_64
OS uptime: 0 days 0:47 hours
libc: glibc 2.39 NPTL 2.39 
rlimit (soft/hard): STACK 8192k/infinity , CORE 0k/infinity , NPROC 126917/126917 , NOFILE 1048576/1048576 , AS infinity/infinity , CPU infinity/infinity , DATA infinity/infinity , FSIZE infinity/infinity , MEMLOCK 4071644k/4071644k
load average: 1.27 1.59 1.33

/proc/meminfo:
MemTotal:       32573176 kB
MemFree:        11607488 kB
MemAvailable:   23358576 kB
Buffers:          408508 kB
Cached:         11421540 kB
SwapCached:            0 kB
Active:          9476044 kB
Inactive:        9703848 kB
Active(anon):    7427968 kB
Inactive(anon):        0 kB
Active(file):    2048076 kB
Inactive(file):  9703848 kB
Unevictable:       22956 kB
Mlocked:             120 kB
SwapTotal:      33554428 kB
SwapFree:       33554428 kB
Zswap:                 0 kB
Zswapped:              0 kB
Dirty:            285020 kB
Writeback:             0 kB
AnonPages:       7366476 kB
Mapped:          2005852 kB
Shmem:             77284 kB
KReclaimable:     467768 kB
Slab:             792760 kB
SReclaimable:     467768 kB
SUnreclaim:       324992 kB
KernelStack:       39488 kB
PageTables:        83520 kB
SecPageTables:         0 kB
NFS_Unstable:          0 kB
Bounce:                0 kB
WritebackTmp:          0 kB
CommitLimit:    49841016 kB
Committed_AS:   21884176 kB
VmallocTotal:   34359738367 kB
VmallocUsed:      243808 kB
VmallocChunk:          0 kB
Percpu:            20640 kB
HardwareCorrupted:     0 kB
AnonHugePages:         0 kB
ShmemHugePages:    18432 kB
ShmemPmdMapped:        0 kB
FileHugePages:         0 kB
FilePmdMapped:         0 kB
Unaccepted:            0 kB
HugePages_Total:       0
HugePages_Free:        0
HugePages_Rsvd:        0
HugePages_Surp:        0
Hugepagesize:       2048 kB
Hugetlb:               0 kB
DirectMap4k:     1634912 kB
DirectMap2M:    12754944 kB
DirectMap1G:    18874368 kB

/sys/kernel/mm/transparent_hugepage/enabled: always [madvise] never
/sys/kernel/mm/transparent_hugepage/hpage_pmd_size: 2097152
/sys/kernel/mm/transparent_hugepage/defrag (defrag/compaction efforts parameter): always defer defer+madvise [madvise] never

Process Memory:
Virtual Size: 14665896K (peak: 14665896K)
Resident Set Size: 1374292K (peak: 1374292K) (anon: 1343608K, file: 30684K, shmem: 0K)
Swapped out: 0K
C-Heap outstanding allocations: 239990K, retained: 393329K
glibc malloc tunables: (default)

/proc/sys/kernel/threads-max (system-wide limit on the number of threads): 253834
/proc/sys/vm/max_map_count (maximum number of memory map areas a process may have): 1048576
/proc/sys/vm/swappiness (control to define how aggressively the kernel swaps out anonymous memory): 10
/proc/sys/kernel/pid_max (system-wide limit on number of process identifiers): 4194304

container information not found.
Steal ticks since vm start: 0
Steal ticks percentage since vm start:  0.000

CPU: total 20 (initial active 20) (10 cores per cpu, 2 threads per core) family 6 model 151 stepping 2 microcode 0x3e, cx8, cmov, fxsr, ht, mmx, 3dnowpref, sse, sse2, sse3, ssse3, sse4.1, sse4.2, popcnt, lzcnt, tsc, tscinvbit, avx, avx2, aes, erms, clmul, bmi1, bmi2, adx, sha, fma, vzeroupper, clflush, clflushopt, clwb, serialize, rdtscp, rdpid, fsrm, f16c, pku, ospke, cet_ibt, cet_ss
CPU Model and flags from /proc/cpuinfo:
model name	: 12th Gen Intel(R) Core(TM) i7-12700K
flags		: fpu vme de pse tsc msr pae mce cx8 apic sep mtrr pge mca cmov pat pse36 clflush dts acpi mmx fxsr sse sse2 ss ht tm pbe syscall nx pdpe1gb rdtscp lm constant_tsc art arch_perfmon pebs bts rep_good nopl xtopology nonstop_tsc cpuid aperfmperf tsc_known_freq pni pclmulqdq dtes64 monitor ds_cpl vmx smx est tm2 ssse3 sdbg fma cx16 xtpr pdcm pcid sse4_1 sse4_2 x2apic movbe popcnt tsc_deadline_timer aes xsave avx f16c rdrand lahf_lm abm 3dnowprefetch cpuid_fault ssbd ibrs ibpb stibp ibrs_enhanced tpr_shadow flexpriority ept vpid ept_ad fsgsbase tsc_adjust bmi1 avx2 smep bmi2 erms invpcid rdseed adx smap clflushopt clwb intel_pt sha_ni xsaveopt xsavec xgetbv1 xsaves split_lock_detect user_shstk avx_vnni dtherm ida arat pln pts hwp hwp_notify hwp_act_window hwp_epp hwp_pkg_req hfi vnmi umip pku ospke waitpkg gfni vaes vpclmulqdq tme rdpid movdiri movdir64b fsrm md_clear serialize pconfig arch_lbr ibt flush_l1d arch_capabilities ibpb_exit_to_user

Online cpus: 0-19
Offline cpus: 
BIOS frequency limitation: <Not Available>
Frequency switch latency (ns): 0
Available cpu frequencies: <Not Available>
Current governor: powersave
Core performance/turbo boost: <Not Available>

Memory: 4k page, physical 32573176k(23366612k free), swap 33554428k(33554428k free)
Page Sizes: 4k

vm_info: OpenJDK 64-Bit Server VM (21.0.12+8-1-24.04-Ubuntu) for linux-amd64 JRE (21.0.12+8-1-24.04-Ubuntu), built on 2026-07-23T13:39:58Z by "buildd" with gcc 13.3.0

END.
