#
# A fatal error has been detected by the Java Runtime Environment:
#
#  SIGSEGV (0xb) at pc=0x0000794104dfa790, pid=93213, tid=225629
#
# JRE version: OpenJDK Runtime Environment JBR-25.0.4.1+1-583.48-jcef (25.0.4.1+1) (build 25.0.4.1+1-b583.48)
# Java VM: OpenJDK 64-Bit Server VM JBR-25.0.4.1+1-583.48-jcef (25.0.4.1+1-b583.48, mixed mode, sharing, tiered, compressed oops, compressed class ptrs, g1 gc, linux-amd64)
# Problematic frame:
# V  [libjvm.so+0xdfa790]  Node::is_data_proj_of_pure_function(Node const*) const+0x10
#
# Core dump will be written. Default location: Determined by the following: "/usr/share/apport/apport -p%p -s%s -c%c -d%d -P%P -u%u -g%g -F%F -- %E" (alternatively, falling back to /home/oppa-ai/jetson/Aiko-Lingo/core.93213)
#
# If you would like to submit a bug report, please visit:
#   https://youtrack.jetbrains.com/issues/JBR
#

---------------  S U M M A R Y ------------

Command Line: --add-opens=java.base/java.lang=ALL-UNNAMED --add-opens=java.base/java.lang.invoke=ALL-UNNAMED --add-opens=java.base/java.util=ALL-UNNAMED --add-opens=java.prefs/java.util.prefs=ALL-UNNAMED --add-exports=jdk.compiler/com.sun.tools.javac.api=ALL-UNNAMED --add-exports=jdk.compiler/com.sun.tools.javac.util=ALL-UNNAMED --add-opens=java.base/java.nio.charset=ALL-UNNAMED --add-opens=java.base/java.net=ALL-UNNAMED --add-opens=java.base/java.util.concurrent=ALL-UNNAMED --add-opens=java.base/java.util.concurrent.atomic=ALL-UNNAMED --add-opens=java.xml/javax.xml.namespace=ALL-UNNAMED --add-opens=java.base/java.time=ALL-UNNAMED --enable-native-access=ALL-UNNAMED -Xmx2048m -Dfile.encoding=UTF-8 -Duser.country=US -Duser.language=en -Duser.variant -javaagent:/home/oppa-ai/.gradle/wrapper/dists/gradle-9.7.1-bin/1w1c7tv4s851m17nbqdsro2tv/gradle-9.7.1/lib/agents/gradle-instrumentation-agent-9.7.1.jar -Dawt.toolkit.name=XToolkit org.gradle.launcher.daemon.bootstrap.GradleDaemon 9.7.1

Host: 12th Gen Intel(R) Core(TM) i7-12700K, 20 cores, 31G, Ubuntu 24.04.4 LTS
Time: Wed Sep  9 00:01:56 2026 PDT elapsed time: 7590.760648 seconds (0d 2h 6m 30s)

---------------  T H R E A D  ---------------

Current thread (0x00007940942b7400):  JavaThread "C2 CompilerThread5" daemon [_thread_in_native, id=225629, stack(0x0000793e99d00000,0x0000793e99e00000) (1024K)]


Current CompileTask:
C2:7590760 94545       4       java.lang.reflect.Method::getGenericInfo (45 bytes)

Stack: [0x0000793e99d00000,0x0000793e99e00000],  sp=0x0000793e99dfce00,  free space=1011k
Native frames: (J=compiled Java code, j=interpreted, Vv=VM code, C=native code)
V  [libjvm.so+0xdfa790]  Node::is_data_proj_of_pure_function(Node const*) const+0x10
V  [libjvm.so+0x72a175]  Compile::disconnect_useless_nodes(Unique_Node_List&, Unique_Node_List&, Unique_Node_List const*)+0xc5
V  [libjvm.so+0x738c5e]  Compile::Compile(ciEnv*, ciMethod*, int, Options, DirectiveSet*)+0xf2e
V  [libjvm.so+0x656a9c]  C2Compiler::compile_method(ciEnv*, ciMethod*, int, bool, DirectiveSet*)+0x19c
V  [libjvm.so+0x740f2b]  CompileBroker::invoke_compiler_on_method(CompileTask*)+0xaab
V  [libjvm.so+0x741e58]  CompileBroker::compiler_thread_loop()+0x468
V  [libjvm.so+0xa1b8af]  JavaThread::thread_main_inner() [clone .part.0]+0xaf
V  [libjvm.so+0x111e048]  Thread::call_run()+0xa8
V  [libjvm.so+0xe3696b]  thread_native_entry(Thread*)+0xdb
C  [libc.so.6+0x9cb84]

siginfo: si_signo: 11 (SIGSEGV), si_code: 1 (SEGV_MAPERR), si_addr: 0x0000000400000002

Registers:
RAX=0x0000000400000002, RBX=0x00007940943fe738, RCX=0x000000000568c7b0, RDX=0x00000000002b463d
RSP=0x0000793e99dfce00, RBP=0x0000793e99dfce10, RSI=0x0000793ecc5215a8, RDI=0x00007940943fe738
R8 =0x0000793fd49dfe98, R9 =0x0000793f748299b8, R10=0x0000000000000001, R11=0x0000000000040000
R12=0x0000793ecc5215a8, R13=0x00000000000001c9, R14=0x0000793e99dfcff0, R15=0x0000793ecc5215a8
RIP=0x0000794104dfa790, EFLAGS=0x0000000000010206, CSGSFS=0x002b000000000033, ERR=0x0000000000000004
  TRAPNO=0x000000000000000e

XMM[0]=0x0000000000000000 0x0000000000000000
XMM[1]=0x0000000000000000 0x0000000000000000
XMM[2]=0x0000000000000000 0x0000793fd0678290
XMM[3]=0x0000793fd01edf58 0x0000793fd01edd20
XMM[4]=0x0000000000000000 0x0000793fd0000090
XMM[5]=0x0000793fd01ed778 0x0000793fd01ed580
XMM[6]=0x0000793f74105e68 0x0000793f74103690
XMM[7]=0x0000793f741044e8 0x0000793f74103f58
XMM[8]=0x0000793fd01e9890 0x0000793fd01e9518
XMM[9]=0x0000000000000000 0x4008000000000000
XMM[10]=0x0000000000000000 0x46293e5939a08cea
XMM[11]=0x0000000000000000 0x4376345785d8a000
XMM[12]=0x2020202020202020 0x2020202020202020
XMM[13]=0x0000000000000000 0x0000000000000000
XMM[14]=0x0000000000000000 0x0000000000000000
XMM[15]=0x0000000000000000 0x0000000000000000
  MXCSR=0x00001fa2


Register to memory mapping:

RAX=0x0000000400000002 is an unknown value
RBX=0x00007940943fe738 points into unknown readable memory: 0x0000000400000002 | 02 00 00 00 04 00 00 00
RCX=
[error occurred during error reporting (printing register info), id 0xb, SIGSEGV (0xb) at pc=0x0000794104e2ab95]
RDX=0x00000000002b463d is an unknown value
RSP=0x0000793e99dfce00 is pointing into the stack for thread: 0x00007940942b7400
RBP=0x0000793e99dfce10 is pointing into the stack for thread: 0x00007940942b7400
RSI=0x0000793ecc5215a8 points into unknown readable memory: 0x0000794105669be8 | e8 9b 66 05 41 79 00 00
RDI=0x00007940943fe738 points into unknown readable memory: 0x0000000400000002 | 02 00 00 00 04 00 00 00
R8 =0x0000793fd49dfe98 points into unknown readable memory: 0x0000793eb0033ae0 | e0 3a 03 b0 3e 79 00 00
R9 =0x0000793f748299b8 points into unknown readable memory: 0x0469fde7bfc007eb | eb 07 c0 bf e7 fd 69 04
R10=0x0000000000000001 is an unknown value
R11=0x0000000000040000 is an unknown value
R12=0x0000793ecc5215a8 points into unknown readable memory: 0x0000794105669be8 | e8 9b 66 05 41 79 00 00
R13=0x00000000000001c9 is an unknown value
R14=0x0000793e99dfcff0 is pointing into the stack for thread: 0x00007940942b7400
R15=0x0000793ecc5215a8 points into unknown readable memory: 0x0000794105669be8 | e8 9b 66 05 41 79 00 00

Top of Stack: (sp=0x0000793e99dfce00)
0x0000793e99dfce00:   0000793fd01ac708 0000000000000153   ....?y..S.......
0x0000793e99dfce10:   0000793e99dfce70 000079410472a175   p...>y..u.r.Ay..
0x0000793e99dfce20:   0000793e99dfdac0 0000794104e8026a   ....>y..j...Ay..
0x0000793e99dfce30:   0000793e00000000 0000793f00000101   ....>y......?y..
0x0000793e99dfce40:   0000793fd01b0940 00007940fc170970   @...?y..p...@y..
0x0000793e99dfce50:   000079409450c650 0000793e99dfceb0   P.P.@y......>y..
0x0000793e99dfce60:   0000793e99dfdac0 0000793e99dfcf30   ....>y..0...>y..
0x0000793e99dfce70:   0000793e99dfda60 0000794104738c5e   `...>y..^.s.Ay..
0x0000793e99dfce80:   0000793e99dfcee0 0000000000028310   ....>y..........
0x0000793e99dfce90:   00007940ac044410 00007940ac041058   .D..@y..X...@y..
0x0000793e99dfcea0:   00007940ac03c420 0000793e99dfcef0    ...@y......>y..
0x0000793e99dfceb0:   0000793e99df0000 0000000000000000   ....>y..........
0x0000793e99dfcec0:   0000793e99dfe3e0 00000000ffffff00   ....>y..........
0x0000793e99dfced0:   000079404c063f30 00007941052ca686   0?.L@y....,.Ay..
0x0000793e99dfcee0:   0000000000000000 000079410472479e   .........Gr.Ay..
0x0000793e99dfcef0:   0000000000000000 0000000000000000   ................
0x0000793e99dfcf00:   0000000000000000 0000000000000000   ................
0x0000793e99dfcf10:   0000000000000000 0000000000000000   ................
0x0000793e99dfcf20:   0000000000000000 0000000000000000   ................
0x0000793e99dfcf30:   0000000000000000 0000000000000000   ................
0x0000793e99dfcf40:   0000000000000000 0000000000000000   ................
0x0000793e99dfcf50:   0000000000000000 00007941052ae845   ........E.*.Ay..
0x0000793e99dfcf60:   0000000000000000 0000793e99dfdac0   ............>y..
0x0000793e99dfcf70:   0000000000000000 0000000000000000   ................
0x0000793e99dfcf80:   00007941055ba130 0000000000000001   0.[.Ay..........
0x0000793e99dfcf90:   0000793e99dfdac0 0000793e99dfe6f0   ....>y......>y..
0x0000793e99dfcfa0:   0000793e99dfd040 0000793fd492de60   @...>y..`...?y..
0x0000793e99dfcfb0:   0000000000000000 00000000ffffffff   ................
0x0000793e99dfcfc0:   0000000000000000 00007940fc003fe0   .........?..@y..
0x0000793e99dfcfd0:   0000000000000001 0000000000000000   ................
0x0000793e99dfcfe0:   0000000000000002 0000793e99dfdac0   ............>y..
0x0000793e99dfcff0:   000079409450c650 0000794100004000   P.P.@y...@..Ay..

Instructions: (pc=0x0000794104dfa790)
  0x0000794104dfa690:   b8 80 00 00 00 48 85 ff 74 b4 55 48 89 e5 e8 6d
  0x0000794104dfa6a0:   75 8a ff 5d 83 f0 01 c3 0f 1f 84 00 00 00 00 00
  0x0000794104dfa6b0:   45 31 c0 44 89 c0 c3 90 0f 1f 84 00 00 00 00 00
  0x0000794104dfa6c0:   55 48 89 e5 41 54 49 89 fc 53 48 8b 07 89 f3 ff
  0x0000794104dfa6d0:   10 80 fb 0a 74 42 3d a3 00 00 00 74 42 49 8b 04
  0x0000794104dfa6e0:   24 4c 89 e7 ff 10 3d ef 00 00 00 74 32 49 8b 04
  0x0000794104dfa6f0:   24 4c 89 e7 ff 10 3d a5 00 00 00 74 22 49 8b 04
  0x0000794104dfa700:   24 4c 89 e7 ff 10 ba f1 00 00 00 39 c2 5b 41 5c
  0x0000794104dfa710:   0f 94 c0 5d c3 0f 1f 00 3d a2 00 00 00 75 11 5b
  0x0000794104dfa720:   b8 01 00 00 00 41 5c 5d c3 0f 1f 80 00 00 00 00
  0x0000794104dfa730:   49 8b 04 24 4c 89 e7 ff 10 3d ee 00 00 00 74 df
  0x0000794104dfa740:   49 8b 04 24 4c 89 e7 ff 10 3d a4 00 00 00 74 cf
  0x0000794104dfa750:   49 8b 04 24 4c 89 e7 ff 10 ba f0 00 00 00 eb ab
  0x0000794104dfa760:   55 48 8b 07 48 89 e5 ff 10 5d 2d ec 00 00 00 83
  0x0000794104dfa770:   f8 01 0f 96 c0 c3 66 2e 0f 1f 84 00 00 00 00 00
  0x0000794104dfa780:   55 48 89 e5 41 54 49 89 f4 53 48 8b 07 48 89 fb
=>0x0000794104dfa790:   ff 10 41 89 c0 31 c0 41 81 f8 25 01 00 00 74 08
  0x0000794104dfa7a0:   5b 41 5c 5d c3 0f 1f 00 83 7b 34 05 75 f2 49 8b
  0x0000794104dfa7b0:   04 24 4c 89 e7 ff 10 5b 41 5c 2d ec 00 00 00 5d
  0x0000794104dfa7c0:   83 f8 01 0f 96 c0 c3 90 0f 1f 84 00 00 00 00 00
  0x0000794104dfa7d0:   8b 57 1c 85 d2 74 31 4c 8b 47 10 44 8d 4a ff 4c
  0x0000794104dfa7e0:   89 c9 4c 89 c0 4b 8d 54 c8 08 eb 0d 0f 1f 40 00
  0x0000794104dfa7f0:   48 83 c0 08 48 39 d0 74 17 48 39 30 75 f2 89 4f
  0x0000794104dfa800:   1c 4b 8b 14 c8 48 89 10 c3 0f 1f 80 00 00 00 00
  0x0000794104dfa810:   c3 90 66 66 2e 0f 1f 84 00 00 00 00 00 0f 1f 00
  0x0000794104dfa820:   c3 90 66 66 2e 0f 1f 84 00 00 00 00 00 0f 1f 00
  0x0000794104dfa830:   c3 90 66 66 2e 0f 1f 84 00 00 00 00 00 0f 1f 00
  0x0000794104dfa840:   8b 4e 28 89 c8 c1 e8 05 39 47 20 0f 86 af 00 00
  0x0000794104dfa850:   00 55 ba 01 00 00 00 d3 e2 48 89 e5 41 57 41 56
  0x0000794104dfa860:   41 55 41 54 49 89 fc 53 48 89 f3 48 83 ec 18 48
  0x0000794104dfa870:   8b 77 28 23 14 86 74 79 8b 4f 1c 85 c9 0f 84 f7
  0x0000794104dfa880:   00 00 00 4c 8b 4f 10 44 8d 51 ff 31 c0 4d 89 d0


Stack slot to memory mapping:

stack at sp + 0 slots: 0x0000793fd01ac708 points into unknown readable memory: 0x0000793e99dfdbf0 | f0 db df 99 3e 79 00 00
stack at sp + 1 slots: 0x0000000000000153 is an unknown value
stack at sp + 2 slots: 0x0000793e99dfce70 is pointing into the stack for thread: 0x00007940942b7400
stack at sp + 3 slots: 0x000079410472a175: <offset 0x000000000072a175> in /home/oppa-ai/.gradle/jdks/jetbrains_s_r_o_-25-amd64-linux.2/lib/server/libjvm.so at 0x0000794104000000
stack at sp + 4 slots: 0x0000793e99dfdac0 is pointing into the stack for thread: 0x00007940942b7400
stack at sp + 5 slots: 0x0000794104e8026a: <offset 0x0000000000e8026a> in /home/oppa-ai/.gradle/jdks/jetbrains_s_r_o_-25-amd64-linux.2/lib/server/libjvm.so at 0x0000794104000000
stack at sp + 6 slots: 0x0000793e00000000 is an unknown value
stack at sp + 7 slots: 0x0000793f00000101 points into unknown readable memory: 04 09 00 3f 79 00 00

Lock stack of current Java thread (top to bottom):


---------------  P R O C E S S  ---------------

Threads class SMR info:
_java_thread_list=0x000079407c1df440, length=87, elements={
0x00007940fc02e6e0, 0x00007940fc180320, 0x00007940fc183920, 0x00007940fc184b20,
0x00007940fc186570, 0x00007940fc187ea0, 0x00007940fc189720, 0x00007940fc18b5a0,
0x00007940fc194f90, 0x00007940fc236e60, 0x00007940fda90110, 0x00007940fdaed6b0,
0x00007940fdb111c0, 0x000079402c164e30, 0x000079402c16ac30, 0x000079402c240f70,
0x000079402c690410, 0x000079402c69a400, 0x000079402c7286b0, 0x000079402d7d8630,
0x0000793f30053440, 0x0000793f30523c20, 0x0000793f30585d00, 0x0000793f3058a860,
0x0000793fc8012230, 0x0000793fc80135f0, 0x0000793fc8020e20, 0x0000793fc80221d0,
0x0000793fc80235c0, 0x0000793fc8024970, 0x0000793fc8025a80, 0x0000793fc8026fa0,
0x0000793fc80280c0, 0x0000793fc80295f0, 0x0000793fc802ab20, 0x0000793fc802c060,
0x0000793fc802d5a0, 0x0000793fc802eaf0, 0x0000793fc8030040, 0x0000793fc8030ff0,
0x0000793fc8032550, 0x0000793fc8033ac0, 0x0000793fc8035030, 0x0000793fc80365b0,
0x0000793e6c5ca960, 0x00007940480173e0, 0x0000793ff4263000, 0x00007940a08c55e0,
0x00007940a07c8890, 0x0000793ff4230040, 0x0000793ff4000f50, 0x000079407c4f0cf0,
0x00007940a045c6c0, 0x00007940a1342a40, 0x000079407c218f60, 0x000079407c10a030,
0x000079409450c6b0, 0x00007940942b7400, 0x00007940a01f1d50, 0x00007940a1497410,
0x000079407c08ec00, 0x000079407c08f860, 0x000079407c148c60, 0x000079407c14a720,
0x000079407c14fef0, 0x0000793f7404cf60, 0x0000793f7404e280, 0x000079407c15b840,
0x000079407c112bb0, 0x000079407c113570, 0x000079407c1145b0, 0x000079407c1cc780,
0x000079407c1cda50, 0x000079407c1ceb50, 0x000079407c1cfc50, 0x000079407c1d0d60,
0x000079407c1d1e70, 0x000079407c1d2f90, 0x000079407c1d4880, 0x000079407c1d5830,
0x000079407c1d6a70, 0x000079407c1d7cc0, 0x000079407c1d92d0, 0x000079407c1da530,
0x000079407c1db790, 0x000079407c1dc890, 0x000079407c1ddff0
}

Java Threads: ( => current thread )
  0x00007940fc02e6e0 JavaThread "main"                              [_thread_blocked, id=93216, stack(0x0000794103e17000,0x0000794103f17000) (1024K)]
  0x00007940fc180320 JavaThread "Common-Cleaner"             daemon [_thread_blocked, id=93228, stack(0x00007940d93f5000,0x00007940d94f5000) (1024K)]
  0x00007940fc183920 JavaThread "Reference Handler"          daemon [_thread_blocked, id=93229, stack(0x00007940d90f2000,0x00007940d91f2000) (1024K)]
  0x00007940fc184b20 JavaThread "Finalizer"                  daemon [_thread_blocked, id=93230, stack(0x00007940d8700000,0x00007940d8800000) (1024K)]
  0x00007940fc186570 JavaThread "Signal Dispatcher"          daemon [_thread_blocked, id=93231, stack(0x00007940d8600000,0x00007940d8700000) (1024K)]
  0x00007940fc187ea0 JavaThread "Service Thread"             daemon [_thread_blocked, id=93232, stack(0x00007940d8500000,0x00007940d8600000) (1024K)]
  0x00007940fc189720 JavaThread "Monitor Deflation Thread"   daemon [_thread_blocked, id=93233, stack(0x00007940d8400000,0x00007940d8500000) (1024K)]
  0x00007940fc18b5a0 JavaThread "C2 CompilerThread0"         daemon [_thread_in_native, id=93234, stack(0x00007940d8300000,0x00007940d8400000) (1024K)]
  0x00007940fc194f90 JavaThread "C1 CompilerThread0"         daemon [_thread_blocked, id=93235, stack(0x00007940d8200000,0x00007940d8300000) (1024K)]
  0x00007940fc236e60 JavaThread "Notification Thread"        daemon [_thread_blocked, id=93239, stack(0x000079409fe00000,0x000079409ff00000) (1024K)]
  0x00007940fda90110 JavaThread "Daemon health stats"               [_thread_blocked, id=93257, stack(0x000079409e8f6000,0x000079409e9f6000) (1024K)]
  0x00007940fdaed6b0 JavaThread "Incoming local TCP Connector on port 34197"        [_thread_in_native, id=93258, stack(0x000079409e7f6000,0x000079409e8f6000) (1024K)]
  0x00007940fdb111c0 JavaThread "Daemon periodic checks"            [_thread_blocked, id=93259, stack(0x000079409e6f6000,0x000079409e7f6000) (1024K)]
  0x000079402c164e30 JavaThread "Cache worker for journal cache (/home/oppa-ai/.gradle/caches/journal-1)"        [_thread_blocked, id=93267, stack(0x000079409def6000,0x000079409dff6000) (1024K)]
  0x000079402c16ac30 JavaThread "File lock request listener"        [_thread_in_native, id=93268, stack(0x000079409ddf6000,0x000079409def6000) (1024K)]
  0x000079402c240f70 JavaThread "Cache worker for file hash cache (/home/oppa-ai/.gradle/caches/9.7.1/fileHashes)"        [_thread_blocked, id=93269, stack(0x000079409dcf6000,0x000079409ddf6000) (1024K)]
  0x000079402c690410 JavaThread "File watcher server"        daemon [_thread_in_native, id=93278, stack(0x000079409d3f0000,0x000079409d4f0000) (1024K)]
  0x000079402c69a400 JavaThread "File watcher consumer"      daemon [_thread_blocked, id=93279, stack(0x000079409d2f0000,0x000079409d3f0000) (1024K)]
  0x000079402c7286b0 JavaThread "Cache worker for file content cache (/home/oppa-ai/.gradle/caches/9.7.1/fileContent)"        [_thread_blocked, id=93280, stack(0x000079409f900000,0x000079409fa00000) (1024K)]
  0x000079402d7d8630 JavaThread "Memory manager"                    [_thread_blocked, id=93334, stack(0x0000793fabb00000,0x0000793fabc00000) (1024K)]
  0x0000793f30053440 JavaThread "RMI Scheduler(0)"           daemon [_thread_blocked, id=93527, stack(0x0000793fa9f00000,0x0000793faa000000) (1024K)]
  0x0000793f30523c20 JavaThread "RMI GC Daemon"              daemon [_thread_blocked, id=93529, stack(0x0000793fa9d00000,0x0000793fa9e00000) (1024K)]
  0x0000793f30585d00 JavaThread "RMI TCP Accept-0"           daemon [_thread_in_native, id=93542, stack(0x0000793fa9c00000,0x0000793fa9d00000) (1024K)]
  0x0000793f3058a860 JavaThread "RMI Reaper"                        [_thread_blocked, id=93543, stack(0x0000793fa9b00000,0x0000793fa9c00000) (1024K)]
  0x0000793fc8012230 JavaThread "jar transforms"                    [_thread_blocked, id=180741, stack(0x0000793faa500000,0x0000793faa600000) (1024K)]
  0x0000793fc80135f0 JavaThread "jar transforms Thread 2"           [_thread_blocked, id=180742, stack(0x0000793faa000000,0x0000793faa100000) (1024K)]
  0x0000793fc8020e20 JavaThread "jar transforms Thread 3"           [_thread_blocked, id=180743, stack(0x0000793faa200000,0x0000793faa300000) (1024K)]
  0x0000793fc80221d0 JavaThread "jar transforms Thread 4"           [_thread_blocked, id=180744, stack(0x0000793faa300000,0x0000793faa400000) (1024K)]
  0x0000793fc80235c0 JavaThread "jar transforms Thread 5"           [_thread_blocked, id=180745, stack(0x0000793fa9500000,0x0000793fa9600000) (1024K)]
  0x0000793fc8024970 JavaThread "jar transforms Thread 6"           [_thread_blocked, id=180746, stack(0x0000793fa9400000,0x0000793fa9500000) (1024K)]
  0x0000793fc8025a80 JavaThread "jar transforms Thread 7"           [_thread_blocked, id=180747, stack(0x0000793fa8d00000,0x0000793fa8e00000) (1024K)]
  0x0000793fc8026fa0 JavaThread "jar transforms Thread 8"           [_thread_blocked, id=180748, stack(0x0000793fa8700000,0x0000793fa8800000) (1024K)]
  0x0000793fc80280c0 JavaThread "jar transforms Thread 9"           [_thread_blocked, id=180749, stack(0x000079409cdf0000,0x000079409cef0000) (1024K)]
  0x0000793fc80295f0 JavaThread "jar transforms Thread 10"          [_thread_blocked, id=180750, stack(0x0000793fab100000,0x0000793fab200000) (1024K)]
  0x0000793fc802ab20 JavaThread "jar transforms Thread 11"          [_thread_blocked, id=180751, stack(0x0000793fab000000,0x0000793fab100000) (1024K)]
  0x0000793fc802c060 JavaThread "jar transforms Thread 12"          [_thread_blocked, id=180752, stack(0x0000793faaf00000,0x0000793fab000000) (1024K)]
  0x0000793fc802d5a0 JavaThread "jar transforms Thread 13"          [_thread_blocked, id=180753, stack(0x0000793faad00000,0x0000793faae00000) (1024K)]
  0x0000793fc802eaf0 JavaThread "jar transforms Thread 14"          [_thread_blocked, id=180754, stack(0x000079409c7f0000,0x000079409c8f0000) (1024K)]
  0x0000793fc8030040 JavaThread "jar transforms Thread 15"          [_thread_blocked, id=180755, stack(0x000079409c4f0000,0x000079409c5f0000) (1024K)]
  0x0000793fc8030ff0 JavaThread "jar transforms Thread 16"          [_thread_blocked, id=180756, stack(0x0000793fa9600000,0x0000793fa9700000) (1024K)]
  0x0000793fc8032550 JavaThread "jar transforms Thread 17"          [_thread_blocked, id=180757, stack(0x0000793fa9200000,0x0000793fa9300000) (1024K)]
  0x0000793fc8033ac0 JavaThread "jar transforms Thread 18"          [_thread_blocked, id=180758, stack(0x0000793fa9900000,0x0000793fa9a00000) (1024K)]
  0x0000793fc8035030 JavaThread "jar transforms Thread 19"          [_thread_blocked, id=180759, stack(0x0000793fa8200000,0x0000793fa8300000) (1024K)]
  0x0000793fc80365b0 JavaThread "jar transforms Thread 20"          [_thread_blocked, id=180760, stack(0x0000793fa8000000,0x0000793fa8100000) (1024K)]
  0x0000793e6c5ca960 JavaThread "DirectBufferWrapper allocation thread" daemon [_thread_blocked, id=222247, stack(0x0000793fab600000,0x0000793fab700000) (1024K)]
  0x00007940480173e0 JavaThread "Daemon Thread 19"                  [_thread_blocked, id=225617, stack(0x0000793fabf00000,0x0000793fac000000) (1024K)]
  0x0000793ff4263000 JavaThread "Handler for socket connection from /127.0.0.1:34197 to /127.0.0.1:42004"        [_thread_in_native, id=225618, stack(0x0000793faac00000,0x0000793faad00000) (1024K)]
  0x00007940a08c55e0 JavaThread "C2 CompilerThread1"         daemon [_thread_in_vm, id=225619, stack(0x0000793faab00000,0x0000793faac00000) (1024K)]
  0x00007940a07c8890 JavaThread "C2 CompilerThread2"         daemon [_thread_in_native, id=225620, stack(0x0000793e9b800000,0x0000793e9b900000) (1024K)]
  0x0000793ff4230040 JavaThread "Cancel handler"                    [_thread_blocked, id=225621, stack(0x0000793e9a600000,0x0000793e9a700000) (1024K)]
  0x0000793ff4000f50 JavaThread "Daemon worker Thread 19"           [_thread_in_Java, id=225622, stack(0x0000793e9a800000,0x0000793e9a900000) (1024K)]
  0x000079407c4f0cf0 JavaThread "Asynchronous log dispatcher for DefaultDaemonConnection: socket connection from /127.0.0.1:34197 to /127.0.0.1:42004"        [_thread_blocked, id=225623, stack(0x0000793e9a400000,0x0000793e9a500000) (1024K)]
  0x00007940a045c6c0 JavaThread "C1 CompilerThread1"         daemon [_thread_blocked, id=225624, stack(0x0000793e9a300000,0x0000793e9a400000) (1024K)]
  0x00007940a1342a40 JavaThread "C2 CompilerThread3"         daemon [_thread_in_native, id=225625, stack(0x0000793e9a200000,0x0000793e9a300000) (1024K)]
  0x000079407c218f60 JavaThread "Stdin handler"                     [_thread_blocked, id=225626, stack(0x0000793e9a100000,0x0000793e9a200000) (1024K)]
  0x000079407c10a030 JavaThread "Daemon client event forwarder"        [_thread_blocked, id=225627, stack(0x0000793e9a000000,0x0000793e9a100000) (1024K)]
  0x000079409450c6b0 JavaThread "C2 CompilerThread4"         daemon [_thread_in_native, id=225628, stack(0x0000793e99f00000,0x0000793e9a000000) (1024K)]
=>0x00007940942b7400 JavaThread "C2 CompilerThread5"         daemon [_thread_in_native, id=225629, stack(0x0000793e99d00000,0x0000793e99e00000) (1024K)]
  0x00007940a01f1d50 JavaThread "C1 CompilerThread2"         daemon [_thread_blocked, id=225630, stack(0x0000793e99a00000,0x0000793e99b00000) (1024K)]
  0x00007940a1497410 JavaThread "C1 CompilerThread3"         daemon [_thread_blocked, id=225631, stack(0x0000793e99e00000,0x0000793e99f00000) (1024K)]
  0x000079407c08ec00 JavaThread "Cache worker for file hash cache (/home/oppa-ai/jetson/Aiko-Lingo/.gradle/9.7.1/fileHashes)"        [_thread_blocked, id=225632, stack(0x0000793e99b00000,0x0000793e99c00000) (1024K)]
  0x000079407c08f860 JavaThread "Cache worker for Build Output Cleanup Cache (/home/oppa-ai/jetson/Aiko-Lingo/.gradle/buildOutputCleanup)"        [_thread_blocked, id=225633, stack(0x0000793e99c00000,0x0000793e99d00000) (1024K)]
  0x000079407c148c60 JavaThread "Cache worker for checksums cache (/home/oppa-ai/jetson/Aiko-Lingo/.gradle/9.7.1/checksums)"        [_thread_blocked, id=225634, stack(0x0000793e99900000,0x0000793e99a00000) (1024K)]
  0x000079407c14a720 JavaThread "Cache worker for cache directory md-supplier (/home/oppa-ai/.gradle/caches/9.7.1/md-supplier)"        [_thread_blocked, id=225635, stack(0x0000793e99800000,0x0000793e99900000) (1024K)]
  0x000079407c14fef0 JavaThread "Cache worker for cache directory md-rule (/home/oppa-ai/.gradle/caches/9.7.1/md-rule)"        [_thread_blocked, id=225636, stack(0x0000793e9ac00000,0x0000793e9ad00000) (1024K)]
  0x0000793f7404cf60 JavaThread "C2 CompilerThread6"         daemon [_thread_in_native, id=225637, stack(0x0000793e9aa00000,0x0000793e9ab00000) (1024K)]
  0x0000793f7404e280 JavaThread "C2 CompilerThread7"         daemon [_thread_in_native, id=225638, stack(0x0000793e9a500000,0x0000793e9a600000) (1024K)]
  0x000079407c15b840 JavaThread "Build operations"                  [_thread_blocked, id=225639, stack(0x0000793e9ab00000,0x0000793e9ac00000) (1024K)]
  0x000079407c112bb0 JavaThread "Build operations Thread 2"         [_thread_blocked, id=225640, stack(0x0000793e9a900000,0x0000793e9aa00000) (1024K)]
  0x000079407c113570 JavaThread "Build operations Thread 3"         [_thread_blocked, id=225641, stack(0x000079409c0f0000,0x000079409c1f0000) (1024K)]
  0x000079407c1145b0 JavaThread "Build operations Thread 4"         [_thread_blocked, id=225642, stack(0x0000793faa900000,0x0000793faaa00000) (1024K)]
  0x000079407c1cc780 JavaThread "Build operations Thread 5"         [_thread_blocked, id=225643, stack(0x000079409c8f0000,0x000079409c9f0000) (1024K)]
  0x000079407c1cda50 JavaThread "Build operations Thread 6"         [_thread_blocked, id=225644, stack(0x0000793faba00000,0x0000793fabb00000) (1024K)]
  0x000079407c1ceb50 JavaThread "Build operations Thread 7"         [_thread_blocked, id=225645, stack(0x0000793e9ba00000,0x0000793e9bb00000) (1024K)]
  0x000079407c1cfc50 JavaThread "Build operations Thread 8"         [_thread_blocked, id=225646, stack(0x000079409c5f0000,0x000079409c6f0000) (1024K)]
  0x000079407c1d0d60 JavaThread "Build operations Thread 9"         [_thread_blocked, id=225647, stack(0x0000793faa600000,0x0000793faa700000) (1024K)]
  0x000079407c1d1e70 JavaThread "Build operations Thread 10"        [_thread_blocked, id=225648, stack(0x000079409c9f0000,0x000079409caf0000) (1024K)]
  0x000079407c1d2f90 JavaThread "Build operations Thread 11"        [_thread_blocked, id=225649, stack(0x0000793fab900000,0x0000793faba00000) (1024K)]
  0x000079407c1d4880 JavaThread "Build operations Thread 12"        [_thread_blocked, id=225650, stack(0x0000793faa400000,0x0000793faa500000) (1024K)]
  0x000079407c1d5830 JavaThread "Build operations Thread 13"        [_thread_blocked, id=225651, stack(0x0000793fab500000,0x0000793fab600000) (1024K)]
  0x000079407c1d6a70 JavaThread "Build operations Thread 14"        [_thread_blocked, id=225652, stack(0x0000793fabe00000,0x0000793fabf00000) (1024K)]
  0x000079407c1d7cc0 JavaThread "Build operations Thread 15"        [_thread_blocked, id=225653, stack(0x000079409c2f0000,0x000079409c3f0000) (1024K)]
  0x000079407c1d92d0 JavaThread "Build operations Thread 16"        [_thread_blocked, id=225654, stack(0x0000793fab800000,0x0000793fab900000) (1024K)]
  0x000079407c1da530 JavaThread "Build operations Thread 17"        [_thread_blocked, id=225655, stack(0x0000793faa700000,0x0000793faa800000) (1024K)]
  0x000079407c1db790 JavaThread "Build operations Thread 18"        [_thread_blocked, id=225656, stack(0x00007940d8100000,0x00007940d8200000) (1024K)]
  0x000079407c1dc890 JavaThread "Build operations Thread 19"        [_thread_blocked, id=225657, stack(0x00007940d8000000,0x00007940d8100000) (1024K)]
  0x000079407c1ddff0 JavaThread "Build operations Thread 20"        [_thread_blocked, id=225658, stack(0x000079409ff00000,0x00007940a0000000) (1024K)]
Total: 87

Other Threads:
  0x00007940fc178730 VMThread "VM Thread"                           [id=93227, stack(0x00007940d91f3000,0x00007940d92f3000) (1024K)]
  0x00007940fc1680f0 WatcherThread "VM Periodic Task Thread"        [id=93226, stack(0x00007940d92f4000,0x00007940d93f4000) (1024K)]
  0x00007940fc08f590 WorkerThread "GC Thread#0"                     [id=93217, stack(0x0000794100300000,0x0000794100400000) (1024K)]
  0x00007940c8009610 WorkerThread "GC Thread#1"                     [id=93246, stack(0x000079409f700000,0x000079409f800000) (1024K)]
  0x00007940c800a220 WorkerThread "GC Thread#2"                     [id=93247, stack(0x000079409f300000,0x000079409f400000) (1024K)]
  0x00007940c800af70 WorkerThread "GC Thread#3"                     [id=93248, stack(0x000079409f1ff000,0x000079409f2ff000) (1024K)]
  0x00007940c800bcc0 WorkerThread "GC Thread#4"                     [id=93249, stack(0x000079409f0fe000,0x000079409f1fe000) (1024K)]
  0x00007940c800ca30 WorkerThread "GC Thread#5"                     [id=93250, stack(0x000079409effd000,0x000079409f0fd000) (1024K)]
  0x00007940c800d7c0 WorkerThread "GC Thread#6"                     [id=93251, stack(0x000079409eefc000,0x000079409effc000) (1024K)]
  0x00007940c800e550 WorkerThread "GC Thread#7"                     [id=93252, stack(0x000079409edfb000,0x000079409eefb000) (1024K)]
  0x00007940c800f2e0 WorkerThread "GC Thread#8"                     [id=93253, stack(0x000079409ecfa000,0x000079409edfa000) (1024K)]
  0x00007940c8010070 WorkerThread "GC Thread#9"                     [id=93254, stack(0x000079409ebf9000,0x000079409ecf9000) (1024K)]
  0x00007940c8010e00 WorkerThread "GC Thread#10"                    [id=93255, stack(0x000079409eaf8000,0x000079409ebf8000) (1024K)]
  0x00007940c8011b90 WorkerThread "GC Thread#11"                    [id=93256, stack(0x000079409e9f7000,0x000079409eaf7000) (1024K)]
  0x00007940c801c630 WorkerThread "GC Thread#12"                    [id=93270, stack(0x000079409dbf6000,0x000079409dcf6000) (1024K)]
  0x00007940c801d020 WorkerThread "GC Thread#13"                    [id=93271, stack(0x000079409daf5000,0x000079409dbf5000) (1024K)]
  0x00007940c801db40 WorkerThread "GC Thread#14"                    [id=93272, stack(0x000079409d9f4000,0x000079409daf4000) (1024K)]
  0x00007940fc0a8e60 ConcurrentGCThread "G1 Main Marker"            [id=93218, stack(0x00007941001ff000,0x00007941002ff000) (1024K)]
  0x00007940fc0aa060 WorkerThread "G1 Conc#0"                       [id=93219, stack(0x00007941000fe000,0x00007941001fe000) (1024K)]
  0x00007940dc000cd0 WorkerThread "G1 Conc#1"                       [id=93273, stack(0x000079409d8f3000,0x000079409d9f3000) (1024K)]
  0x00007940dc001a00 WorkerThread "G1 Conc#2"                       [id=93274, stack(0x000079409d7f2000,0x000079409d8f2000) (1024K)]
  0x00007940dc002790 WorkerThread "G1 Conc#3"                       [id=93275, stack(0x000079409d6f1000,0x000079409d7f1000) (1024K)]
  0x00007940fc157480 ConcurrentGCThread "G1 Refine#0"               [id=93220, stack(0x00007940d95f7000,0x00007940d96f7000) (1024K)]
  0x00007940fc158670 ConcurrentGCThread "G1 Service"                [id=93221, stack(0x00007940d94f6000,0x00007940d95f6000) (1024K)]
Total: 24

Threads with active compile tasks:
C2 CompilerThread0  7590821 93198       4       org.gradle.internal.service.DefaultServiceRegistry::findProviderMethods (224 bytes)
C2 CompilerThread1  7590821 94714       4       org.gradle.tooling.internal.provider.runner.ClientBuildEventGenerator$Enabled::accept (58 bytes)
C2 CompilerThread2  7590822 94659       4       org.gradle.api.internal.DefaultDomainObjectCollection::assertEagerContext (17 bytes)
C2 CompilerThread3  7590822 93567       4       java.lang.reflect.Executable::getGenericExceptionTypes (27 bytes)
C2 CompilerThread4  7590822 94654       4       org.gradle.internal.service.DefaultServiceRegistry::find (124 bytes)
C2 CompilerThread5  7590822 94545       4       java.lang.reflect.Method::getGenericInfo (45 bytes)
C1 CompilerThread2  7590822 94818       3       org.gradle.kotlin.dsl.provider.ClassLoaderClassPathCache$classPathOf$1::visitClassPath (86 bytes)
C2 CompilerThread6  7590822 94649       4       org.gradle.api.internal.DefaultDomainObjectCollection::assertCanMutate (14 bytes)
C2 CompilerThread7  7590822 94780       4       org.gradle.api.internal.file.collections.DefaultConfigurableFileCollection::from (12 bytes)
Total: 9

VM state: not at safepoint (normal execution)

VM Mutex/Monitor currently owned by a thread: None

Heap address: 0x0000000080000000, size: 2048 MB, Compressed Oops mode: 32-bit

CDS archive(s) mapped at: [0x0000000005000000-0x0000000006cec000-0x0000000006cec000), size 30326784, SharedBaseAddress: 0x0000000005000000, ArchiveRelocationMode: 1.
Compressed class space mapped at: 0x0000000007000000-0x0000000047000000, reserved size: 1073741824
UseCompressedClassPointers 1, UseCompactObjectHeaders 0
Narrow klass pointer bits 32, Max shift 3
Narrow klass base: 0x0000000005000000, Narrow klass shift: 0
Encoding Range: [0x0000000005000000 - 0x0000000105000000), (4294967296 bytes)
Klass Range:    [0x0000000005001000 - 0x0000000047000000), (1107292160 bytes)
Klass ID Range:  [4096 - 1107296249) (1107292153)
Protection zone: [0x0000000005000000 - 0x0000000005001000), (4096 bytes)

GC Precious Log:
 CardTable entry size: 512
 Card Set container configuration: InlinePtr #cards 5 size 8 Array Of Cards #cards 10 size 36 Howl #buckets 4 coarsen threshold 1843 Howl Bitmap #cards 512 size 80 coarsen threshold 460 Card regions per heap region 1 cards per card region 2048
 CPUs: 20 total, 20 available
 Memory: 31809M
 Large Page Support: Disabled
 NUMA Support: Disabled
 Compressed Oops: Enabled (32-bit)
 Heap Region Size: 1M
 Heap Min Capacity: 8M
 Heap Initial Capacity: 498M
 Heap Max Capacity: 2G
 Pre-touch: Disabled
 Parallel Workers: 15
 Concurrent Workers: 4
 Concurrent Refinement Workers: 15
 Periodic GC: Disabled

Heap:
 garbage-first heap   total reserved 2097152K, committed 1082368K, used 644172K [0x0000000080000000, 0x0000000100000000)
  region size 1024K, 277 young (283648K), 8 survivors (8192K)

Heap Regions: E=young(eden), S=young(survivor), O=old, HS=humongous(starts), HC=humongous(continues), CS=collection set, F=free, TAMS=top-at-mark-start, PB=parsable bottom
|   0|0x0000000080000000, 0x0000000080100000, 0x0000000080100000|100%|HS|  |TAMS 0x0000000080000000| PB 0x0000000080000000| Complete |  0
|   1|0x0000000080100000, 0x0000000080200000, 0x0000000080200000|100%|HC|  |TAMS 0x0000000080100000| PB 0x0000000080100000| Complete |  0
|   2|0x0000000080200000, 0x0000000080300000, 0x0000000080300000|100%|HC|  |TAMS 0x0000000080200000| PB 0x0000000080200000| Complete |  0
|   3|0x0000000080300000, 0x0000000080400000, 0x0000000080400000|100%|HC|  |TAMS 0x0000000080300000| PB 0x0000000080300000| Complete |  0
|   4|0x0000000080400000, 0x0000000080500000, 0x0000000080500000|100%|HS|  |TAMS 0x0000000080400000| PB 0x0000000080400000| Complete |  0
|   5|0x0000000080500000, 0x0000000080600000, 0x0000000080600000|100%| O|  |TAMS 0x0000000080500000| PB 0x0000000080500000| Untracked |  0
|   6|0x0000000080600000, 0x0000000080700000, 0x0000000080700000|100%| O|  |TAMS 0x0000000080600000| PB 0x0000000080600000| Untracked |  0
|   7|0x0000000080700000, 0x0000000080800000, 0x0000000080800000|100%| O|  |TAMS 0x0000000080700000| PB 0x0000000080700000| Untracked |  0
|   8|0x0000000080800000, 0x0000000080900000, 0x0000000080900000|100%| O|  |TAMS 0x0000000080800000| PB 0x0000000080800000| Untracked |  0
|   9|0x0000000080900000, 0x0000000080a00000, 0x0000000080a00000|100%| O|  |TAMS 0x0000000080900000| PB 0x0000000080900000| Untracked |  0
|  10|0x0000000080a00000, 0x0000000080b00000, 0x0000000080b00000|100%| O|  |TAMS 0x0000000080a00000| PB 0x0000000080a00000| Untracked |  0
|  11|0x0000000080b00000, 0x0000000080c00000, 0x0000000080c00000|100%| O|  |TAMS 0x0000000080b00000| PB 0x0000000080b00000| Untracked |  0
|  12|0x0000000080c00000, 0x0000000080d00000, 0x0000000080d00000|100%| O|  |TAMS 0x0000000080c00000| PB 0x0000000080c00000| Untracked |  0
|  13|0x0000000080d00000, 0x0000000080e00000, 0x0000000080e00000|100%| O|  |TAMS 0x0000000080d00000| PB 0x0000000080d00000| Untracked |  0
|  14|0x0000000080e00000, 0x0000000080f00000, 0x0000000080f00000|100%| O|  |TAMS 0x0000000080e00000| PB 0x0000000080e00000| Untracked |  0
|  15|0x0000000080f00000, 0x0000000081000000, 0x0000000081000000|100%| O|  |TAMS 0x0000000080f00000| PB 0x0000000080f00000| Untracked |  0
|  16|0x0000000081000000, 0x0000000081100000, 0x0000000081100000|100%| O|  |TAMS 0x0000000081000000| PB 0x0000000081000000| Untracked |  0
|  17|0x0000000081100000, 0x0000000081200000, 0x0000000081200000|100%| O|  |TAMS 0x0000000081100000| PB 0x0000000081100000| Untracked |  0
|  18|0x0000000081200000, 0x0000000081300000, 0x0000000081300000|100%| O|  |TAMS 0x0000000081200000| PB 0x0000000081200000| Untracked |  0
|  19|0x0000000081300000, 0x0000000081400000, 0x0000000081400000|100%| O|  |TAMS 0x0000000081300000| PB 0x0000000081300000| Untracked |  0
|  20|0x0000000081400000, 0x0000000081500000, 0x0000000081500000|100%| O|  |TAMS 0x0000000081400000| PB 0x0000000081400000| Untracked |  0
|  21|0x0000000081500000, 0x0000000081600000, 0x0000000081600000|100%| O|  |TAMS 0x0000000081500000| PB 0x0000000081500000| Untracked |  0
|  22|0x0000000081600000, 0x0000000081700000, 0x0000000081700000|100%| O|  |TAMS 0x0000000081600000| PB 0x0000000081600000| Untracked |  0
|  23|0x0000000081700000, 0x0000000081800000, 0x0000000081800000|100%| O|  |TAMS 0x0000000081700000| PB 0x0000000081700000| Untracked |  0
|  24|0x0000000081800000, 0x0000000081900000, 0x0000000081900000|100%| O|  |TAMS 0x0000000081800000| PB 0x0000000081800000| Untracked |  0
|  25|0x0000000081900000, 0x0000000081a00000, 0x0000000081a00000|100%| O|  |TAMS 0x0000000081900000| PB 0x0000000081900000| Untracked |  0
|  26|0x0000000081a00000, 0x0000000081b00000, 0x0000000081b00000|100%| O|  |TAMS 0x0000000081a00000| PB 0x0000000081a00000| Untracked |  0
|  27|0x0000000081b00000, 0x0000000081c00000, 0x0000000081c00000|100%| O|  |TAMS 0x0000000081b00000| PB 0x0000000081b00000| Untracked |  0
|  28|0x0000000081c00000, 0x0000000081d00000, 0x0000000081d00000|100%| O|  |TAMS 0x0000000081c00000| PB 0x0000000081c00000| Untracked |  0
|  29|0x0000000081d00000, 0x0000000081e00000, 0x0000000081e00000|100%| O|  |TAMS 0x0000000081d00000| PB 0x0000000081d00000| Untracked |  0
|  30|0x0000000081e00000, 0x0000000081f00000, 0x0000000081f00000|100%| O|  |TAMS 0x0000000081e00000| PB 0x0000000081e00000| Untracked |  0
|  31|0x0000000081f00000, 0x0000000082000000, 0x0000000082000000|100%| O|Cm|TAMS 0x0000000081f00000| PB 0x0000000081f00000| Complete |  0
|  32|0x0000000082000000, 0x0000000082100000, 0x0000000082100000|100%| O|  |TAMS 0x0000000082000000| PB 0x0000000082000000| Untracked |  0
|  33|0x0000000082100000, 0x0000000082200000, 0x0000000082200000|100%| O|  |TAMS 0x0000000082100000| PB 0x0000000082100000| Untracked |  0
|  34|0x0000000082200000, 0x0000000082300000, 0x0000000082300000|100%| O|  |TAMS 0x0000000082200000| PB 0x0000000082200000| Untracked |  0
|  35|0x0000000082300000, 0x0000000082400000, 0x0000000082400000|100%| O|  |TAMS 0x0000000082300000| PB 0x0000000082300000| Untracked |  0
|  36|0x0000000082400000, 0x0000000082500000, 0x0000000082500000|100%| O|  |TAMS 0x0000000082400000| PB 0x0000000082400000| Untracked |  0
|  37|0x0000000082500000, 0x0000000082600000, 0x0000000082600000|100%| O|  |TAMS 0x0000000082500000| PB 0x0000000082500000| Untracked |  0
|  38|0x0000000082600000, 0x0000000082700000, 0x0000000082700000|100%| O|  |TAMS 0x0000000082600000| PB 0x0000000082600000| Untracked |  0
|  39|0x0000000082700000, 0x0000000082800000, 0x0000000082800000|100%|HS|  |TAMS 0x0000000082700000| PB 0x0000000082700000| Complete |  0
|  40|0x0000000082800000, 0x0000000082900000, 0x0000000082900000|100%|HS|  |TAMS 0x0000000082800000| PB 0x0000000082800000| Complete |  0
|  41|0x0000000082900000, 0x0000000082a00000, 0x0000000082a00000|100%| O|Cm|TAMS 0x0000000082900000| PB 0x0000000082900000| Complete |  0
|  42|0x0000000082a00000, 0x0000000082b00000, 0x0000000082b00000|100%| O|  |TAMS 0x0000000082a00000| PB 0x0000000082a00000| Untracked |  0
|  43|0x0000000082b00000, 0x0000000082c00000, 0x0000000082c00000|100%| O|  |TAMS 0x0000000082b00000| PB 0x0000000082b00000| Untracked |  0
|  44|0x0000000082c00000, 0x0000000082d00000, 0x0000000082d00000|100%|HS|  |TAMS 0x0000000082c00000| PB 0x0000000082c00000| Complete |  0
|  45|0x0000000082d00000, 0x0000000082e00000, 0x0000000082e00000|100%|HS|  |TAMS 0x0000000082d00000| PB 0x0000000082d00000| Complete |  0
|  46|0x0000000082e00000, 0x0000000082f00000, 0x0000000082f00000|100%|HC|  |TAMS 0x0000000082e00000| PB 0x0000000082e00000| Complete |  0
|  47|0x0000000082f00000, 0x0000000083000000, 0x0000000083000000|100%|HS|  |TAMS 0x0000000082f00000| PB 0x0000000082f00000| Complete |  0
|  48|0x0000000083000000, 0x0000000083100000, 0x0000000083100000|100%|HS|  |TAMS 0x0000000083000000| PB 0x0000000083000000| Complete |  0
|  49|0x0000000083100000, 0x0000000083200000, 0x0000000083200000|100%|HS|  |TAMS 0x0000000083100000| PB 0x0000000083100000| Complete |  0
|  50|0x0000000083200000, 0x0000000083300000, 0x0000000083300000|100%| O|  |TAMS 0x0000000083200000| PB 0x0000000083200000| Untracked |  0
|  51|0x0000000083300000, 0x0000000083400000, 0x0000000083400000|100%|HS|  |TAMS 0x0000000083300000| PB 0x0000000083300000| Complete |  0
|  52|0x0000000083400000, 0x0000000083500000, 0x0000000083500000|100%|HS|  |TAMS 0x0000000083400000| PB 0x0000000083400000| Complete |  0
|  53|0x0000000083500000, 0x0000000083600000, 0x0000000083600000|100%|HS|  |TAMS 0x0000000083500000| PB 0x0000000083500000| Complete |  0
|  54|0x0000000083600000, 0x0000000083700000, 0x0000000083700000|100%| O|  |TAMS 0x0000000083600000| PB 0x0000000083600000| Untracked |  0
|  55|0x0000000083700000, 0x0000000083800000, 0x0000000083800000|100%| O|  |TAMS 0x0000000083700000| PB 0x0000000083700000| Untracked |  0
|  56|0x0000000083800000, 0x0000000083900000, 0x0000000083900000|100%| O|  |TAMS 0x0000000083800000| PB 0x0000000083800000| Untracked |  0
|  57|0x0000000083900000, 0x0000000083a00000, 0x0000000083a00000|100%| O|  |TAMS 0x0000000083900000| PB 0x0000000083900000| Untracked |  0
|  58|0x0000000083a00000, 0x0000000083b00000, 0x0000000083b00000|100%| O|  |TAMS 0x0000000083a00000| PB 0x0000000083a00000| Untracked |  0
|  59|0x0000000083b00000, 0x0000000083c00000, 0x0000000083c00000|100%|HS|  |TAMS 0x0000000083b00000| PB 0x0000000083b00000| Complete |  0
|  60|0x0000000083c00000, 0x0000000083d00000, 0x0000000083d00000|100%|HC|  |TAMS 0x0000000083c00000| PB 0x0000000083c00000| Complete |  0
|  61|0x0000000083d00000, 0x0000000083e00000, 0x0000000083e00000|100%| O|  |TAMS 0x0000000083d00000| PB 0x0000000083d00000| Untracked |  0
|  62|0x0000000083e00000, 0x0000000083f00000, 0x0000000083f00000|100%| O|  |TAMS 0x0000000083e00000| PB 0x0000000083e00000| Untracked |  0
|  63|0x0000000083f00000, 0x0000000084000000, 0x0000000084000000|100%| O|  |TAMS 0x0000000083f00000| PB 0x0000000083f00000| Untracked |  0
|  64|0x0000000084000000, 0x0000000084100000, 0x0000000084100000|100%|HS|  |TAMS 0x0000000084000000| PB 0x0000000084000000| Complete |  0
|  65|0x0000000084100000, 0x0000000084200000, 0x0000000084200000|100%|HC|  |TAMS 0x0000000084100000| PB 0x0000000084100000| Complete |  0
|  66|0x0000000084200000, 0x0000000084300000, 0x0000000084300000|100%| O|  |TAMS 0x0000000084200000| PB 0x0000000084200000| Untracked |  0
|  67|0x0000000084300000, 0x0000000084300000, 0x0000000084400000|  0%| F|  |TAMS 0x0000000084300000| PB 0x0000000084300000| Untracked |  0
|  68|0x0000000084400000, 0x0000000084500000, 0x0000000084500000|100%| O|Cm|TAMS 0x0000000084400000| PB 0x0000000084400000| Complete |  0
|  69|0x0000000084500000, 0x0000000084600000, 0x0000000084600000|100%| O|  |TAMS 0x0000000084500000| PB 0x0000000084500000| Untracked |  0
|  70|0x0000000084600000, 0x0000000084700000, 0x0000000084700000|100%|HS|  |TAMS 0x0000000084600000| PB 0x0000000084600000| Complete |  0
|  71|0x0000000084700000, 0x0000000084800000, 0x0000000084800000|100%| O|  |TAMS 0x0000000084700000| PB 0x0000000084700000| Untracked |  0
|  72|0x0000000084800000, 0x0000000084900000, 0x0000000084900000|100%| O|  |TAMS 0x0000000084800000| PB 0x0000000084800000| Untracked |  0
|  73|0x0000000084900000, 0x0000000084a00000, 0x0000000084a00000|100%| O|  |TAMS 0x0000000084900000| PB 0x0000000084900000| Untracked |  0
|  74|0x0000000084a00000, 0x0000000084b00000, 0x0000000084b00000|100%| O|  |TAMS 0x0000000084a00000| PB 0x0000000084a00000| Untracked |  0
|  75|0x0000000084b00000, 0x0000000084c00000, 0x0000000084c00000|100%| O|  |TAMS 0x0000000084b00000| PB 0x0000000084b00000| Untracked |  0
|  76|0x0000000084c00000, 0x0000000084d00000, 0x0000000084d00000|100%| O|  |TAMS 0x0000000084c00000| PB 0x0000000084c00000| Untracked |  0
|  77|0x0000000084d00000, 0x0000000084e00000, 0x0000000084e00000|100%| O|  |TAMS 0x0000000084d00000| PB 0x0000000084d00000| Untracked |  0
|  78|0x0000000084e00000, 0x0000000084f00000, 0x0000000084f00000|100%| O|  |TAMS 0x0000000084e00000| PB 0x0000000084e00000| Untracked |  0
|  79|0x0000000084f00000, 0x0000000085000000, 0x0000000085000000|100%| O|  |TAMS 0x0000000084f00000| PB 0x0000000084f00000| Untracked |  0
|  80|0x0000000085000000, 0x0000000085100000, 0x0000000085100000|100%| O|  |TAMS 0x0000000085000000| PB 0x0000000085000000| Untracked |  0
|  81|0x0000000085100000, 0x0000000085200000, 0x0000000085200000|100%| O|  |TAMS 0x0000000085100000| PB 0x0000000085100000| Untracked |  0
|  82|0x0000000085200000, 0x0000000085300000, 0x0000000085300000|100%| O|  |TAMS 0x0000000085200000| PB 0x0000000085200000| Untracked |  0
|  83|0x0000000085300000, 0x0000000085400000, 0x0000000085400000|100%|HS|  |TAMS 0x0000000085300000| PB 0x0000000085300000| Complete |  0
|  84|0x0000000085400000, 0x0000000085400000, 0x0000000085500000|  0%| F|  |TAMS 0x0000000085400000| PB 0x0000000085400000| Untracked |  0
|  85|0x0000000085500000, 0x0000000085600000, 0x0000000085600000|100%| O|  |TAMS 0x0000000085500000| PB 0x0000000085500000| Untracked |  0
|  86|0x0000000085600000, 0x0000000085700000, 0x0000000085700000|100%|HS|  |TAMS 0x0000000085600000| PB 0x0000000085600000| Complete |  0
|  87|0x0000000085700000, 0x0000000085800000, 0x0000000085800000|100%| O|Cm|TAMS 0x0000000085700000| PB 0x0000000085700000| Complete |  0
|  88|0x0000000085800000, 0x0000000085900000, 0x0000000085900000|100%| O|  |TAMS 0x0000000085800000| PB 0x0000000085800000| Untracked |  0
|  89|0x0000000085900000, 0x0000000085a00000, 0x0000000085a00000|100%| O|  |TAMS 0x0000000085900000| PB 0x0000000085900000| Untracked |  0
|  90|0x0000000085a00000, 0x0000000085b00000, 0x0000000085b00000|100%|HS|  |TAMS 0x0000000085a00000| PB 0x0000000085a00000| Complete |  0
|  91|0x0000000085b00000, 0x0000000085b00000, 0x0000000085c00000|  0%| F|  |TAMS 0x0000000085b00000| PB 0x0000000085b00000| Untracked |  0
|  92|0x0000000085c00000, 0x0000000085d00000, 0x0000000085d00000|100%|HS|  |TAMS 0x0000000085c00000| PB 0x0000000085c00000| Complete |  0
|  93|0x0000000085d00000, 0x0000000085e00000, 0x0000000085e00000|100%| O|Cm|TAMS 0x0000000085d00000| PB 0x0000000085d00000| Complete |  0
|  94|0x0000000085e00000, 0x0000000085f00000, 0x0000000085f00000|100%| O|  |TAMS 0x0000000085e00000| PB 0x0000000085e00000| Untracked |  0
|  95|0x0000000085f00000, 0x0000000086000000, 0x0000000086000000|100%| O|  |TAMS 0x0000000085f00000| PB 0x0000000085f00000| Untracked |  0
|  96|0x0000000086000000, 0x0000000086000000, 0x0000000086100000|  0%| F|  |TAMS 0x0000000086000000| PB 0x0000000086000000| Untracked |  0
|  97|0x0000000086100000, 0x0000000086200000, 0x0000000086200000|100%| O|  |TAMS 0x0000000086100000| PB 0x0000000086100000| Untracked |  0
|  98|0x0000000086200000, 0x0000000086300000, 0x0000000086300000|100%| O|  |TAMS 0x0000000086200000| PB 0x0000000086200000| Untracked |  0
|  99|0x0000000086300000, 0x0000000086400000, 0x0000000086400000|100%| O|  |TAMS 0x0000000086300000| PB 0x0000000086300000| Untracked |  0
| 100|0x0000000086400000, 0x0000000086500000, 0x0000000086500000|100%| O|  |TAMS 0x0000000086400000| PB 0x0000000086400000| Untracked |  0
| 101|0x0000000086500000, 0x0000000086600000, 0x0000000086600000|100%|HS|  |TAMS 0x0000000086500000| PB 0x0000000086500000| Complete |  0
| 102|0x0000000086600000, 0x0000000086700000, 0x0000000086700000|100%|HC|  |TAMS 0x0000000086600000| PB 0x0000000086600000| Complete |  0
| 103|0x0000000086700000, 0x0000000086800000, 0x0000000086800000|100%|HS|  |TAMS 0x0000000086700000| PB 0x0000000086700000| Complete |  0
| 104|0x0000000086800000, 0x0000000086900000, 0x0000000086900000|100%|HC|  |TAMS 0x0000000086800000| PB 0x0000000086800000| Complete |  0
| 105|0x0000000086900000, 0x0000000086a00000, 0x0000000086a00000|100%|HC|  |TAMS 0x0000000086900000| PB 0x0000000086900000| Complete |  0
| 106|0x0000000086a00000, 0x0000000086b00000, 0x0000000086b00000|100%|HC|  |TAMS 0x0000000086a00000| PB 0x0000000086a00000| Complete |  0
| 107|0x0000000086b00000, 0x0000000086c00000, 0x0000000086c00000|100%| O|  |TAMS 0x0000000086b00000| PB 0x0000000086b00000| Untracked |  0
| 108|0x0000000086c00000, 0x0000000086d00000, 0x0000000086d00000|100%| O|  |TAMS 0x0000000086c00000| PB 0x0000000086c00000| Untracked |  0
| 109|0x0000000086d00000, 0x0000000086d00000, 0x0000000086e00000|  0%| F|  |TAMS 0x0000000086d00000| PB 0x0000000086d00000| Untracked |  0
| 110|0x0000000086e00000, 0x0000000086f00000, 0x0000000086f00000|100%| O|  |TAMS 0x0000000086e00000| PB 0x0000000086e00000| Untracked |  0
| 111|0x0000000086f00000, 0x0000000087000000, 0x0000000087000000|100%| O|  |TAMS 0x0000000086f00000| PB 0x0000000086f00000| Untracked |  0
| 112|0x0000000087000000, 0x0000000087100000, 0x0000000087100000|100%| O|Cm|TAMS 0x0000000087000000| PB 0x0000000087000000| Complete |  0
| 113|0x0000000087100000, 0x0000000087200000, 0x0000000087200000|100%| O|  |TAMS 0x0000000087100000| PB 0x0000000087100000| Untracked |  0
| 114|0x0000000087200000, 0x0000000087300000, 0x0000000087300000|100%| O|  |TAMS 0x0000000087200000| PB 0x0000000087200000| Untracked |  0
| 115|0x0000000087300000, 0x0000000087400000, 0x0000000087400000|100%| O|  |TAMS 0x0000000087300000| PB 0x0000000087300000| Untracked |  0
| 116|0x0000000087400000, 0x0000000087500000, 0x0000000087500000|100%| O|  |TAMS 0x0000000087400000| PB 0x0000000087400000| Untracked |  0
| 117|0x0000000087500000, 0x0000000087600000, 0x0000000087600000|100%| O|  |TAMS 0x0000000087500000| PB 0x0000000087500000| Untracked |  0
| 118|0x0000000087600000, 0x0000000087700000, 0x0000000087700000|100%| O|  |TAMS 0x0000000087600000| PB 0x0000000087600000| Untracked |  0
| 119|0x0000000087700000, 0x0000000087800000, 0x0000000087800000|100%| O|Cm|TAMS 0x0000000087700000| PB 0x0000000087700000| Complete |  0
| 120|0x0000000087800000, 0x0000000087900000, 0x0000000087900000|100%| O|  |TAMS 0x0000000087800000| PB 0x0000000087800000| Untracked |  0
| 121|0x0000000087900000, 0x0000000087a00000, 0x0000000087a00000|100%|HS|  |TAMS 0x0000000087900000| PB 0x0000000087900000| Complete |  0
| 122|0x0000000087a00000, 0x0000000087b00000, 0x0000000087b00000|100%|HC|  |TAMS 0x0000000087a00000| PB 0x0000000087a00000| Complete |  0
| 123|0x0000000087b00000, 0x0000000087c00000, 0x0000000087c00000|100%| O|Cm|TAMS 0x0000000087b00000| PB 0x0000000087b00000| Complete |  0
| 124|0x0000000087c00000, 0x0000000087d00000, 0x0000000087d00000|100%| O|  |TAMS 0x0000000087c00000| PB 0x0000000087c00000| Untracked |  0
| 125|0x0000000087d00000, 0x0000000087e00000, 0x0000000087e00000|100%| O|  |TAMS 0x0000000087d00000| PB 0x0000000087d00000| Untracked |  0
| 126|0x0000000087e00000, 0x0000000087f00000, 0x0000000087f00000|100%| O|  |TAMS 0x0000000087e00000| PB 0x0000000087e00000| Untracked |  0
| 127|0x0000000087f00000, 0x0000000088000000, 0x0000000088000000|100%| O|  |TAMS 0x0000000087f00000| PB 0x0000000087f00000| Untracked |  0
| 128|0x0000000088000000, 0x0000000088100000, 0x0000000088100000|100%| O|  |TAMS 0x0000000088000000| PB 0x0000000088000000| Untracked |  0
| 129|0x0000000088100000, 0x0000000088200000, 0x0000000088200000|100%| O|  |TAMS 0x0000000088100000| PB 0x0000000088100000| Untracked |  0
| 130|0x0000000088200000, 0x0000000088300000, 0x0000000088300000|100%| O|Cm|TAMS 0x0000000088200000| PB 0x0000000088200000| Complete |  0
| 131|0x0000000088300000, 0x0000000088300000, 0x0000000088400000|  0%| F|  |TAMS 0x0000000088300000| PB 0x0000000088300000| Untracked |  0
| 132|0x0000000088400000, 0x0000000088500000, 0x0000000088500000|100%| O|  |TAMS 0x0000000088400000| PB 0x0000000088400000| Untracked |  0
| 133|0x0000000088500000, 0x0000000088600000, 0x0000000088600000|100%| O|  |TAMS 0x0000000088500000| PB 0x0000000088500000| Untracked |  0
| 134|0x0000000088600000, 0x0000000088700000, 0x0000000088700000|100%| O|  |TAMS 0x0000000088600000| PB 0x0000000088600000| Untracked |  0
| 135|0x0000000088700000, 0x0000000088800000, 0x0000000088800000|100%| O|  |TAMS 0x0000000088700000| PB 0x0000000088700000| Untracked |  0
| 136|0x0000000088800000, 0x0000000088900000, 0x0000000088900000|100%| O|Cm|TAMS 0x0000000088800000| PB 0x0000000088800000| Complete |  0
| 137|0x0000000088900000, 0x0000000088a00000, 0x0000000088a00000|100%| O|  |TAMS 0x0000000088900000| PB 0x0000000088900000| Untracked |  0
| 138|0x0000000088a00000, 0x0000000088a00000, 0x0000000088b00000|  0%| F|  |TAMS 0x0000000088a00000| PB 0x0000000088a00000| Untracked |  0
| 139|0x0000000088b00000, 0x0000000088c00000, 0x0000000088c00000|100%| O|Cm|TAMS 0x0000000088b00000| PB 0x0000000088b00000| Complete |  0
| 140|0x0000000088c00000, 0x0000000088d00000, 0x0000000088d00000|100%| O|Cm|TAMS 0x0000000088c00000| PB 0x0000000088c00000| Complete |  0
| 141|0x0000000088d00000, 0x0000000088e00000, 0x0000000088e00000|100%| O|  |TAMS 0x0000000088d00000| PB 0x0000000088d00000| Untracked |  0
| 142|0x0000000088e00000, 0x0000000088f00000, 0x0000000088f00000|100%| O|Cm|TAMS 0x0000000088e00000| PB 0x0000000088e00000| Complete |  0
| 143|0x0000000088f00000, 0x0000000089000000, 0x0000000089000000|100%| O|  |TAMS 0x0000000088f00000| PB 0x0000000088f00000| Untracked |  0
| 144|0x0000000089000000, 0x0000000089100000, 0x0000000089100000|100%| O|  |TAMS 0x0000000089000000| PB 0x0000000089000000| Untracked |  0
| 145|0x0000000089100000, 0x0000000089200000, 0x0000000089200000|100%| O|  |TAMS 0x0000000089100000| PB 0x0000000089100000| Untracked |  0
| 146|0x0000000089200000, 0x0000000089200000, 0x0000000089300000|  0%| F|  |TAMS 0x0000000089200000| PB 0x0000000089200000| Untracked |  0
| 147|0x0000000089300000, 0x0000000089400000, 0x0000000089400000|100%| O|  |TAMS 0x0000000089300000| PB 0x0000000089300000| Untracked |  0
| 148|0x0000000089400000, 0x0000000089500000, 0x0000000089500000|100%|HS|  |TAMS 0x0000000089400000| PB 0x0000000089400000| Complete |  0
| 149|0x0000000089500000, 0x0000000089600000, 0x0000000089600000|100%|HC|  |TAMS 0x0000000089500000| PB 0x0000000089500000| Complete |  0
| 150|0x0000000089600000, 0x0000000089700000, 0x0000000089700000|100%|HS|  |TAMS 0x0000000089600000| PB 0x0000000089600000| Complete |  0
| 151|0x0000000089700000, 0x0000000089800000, 0x0000000089800000|100%|HC|  |TAMS 0x0000000089700000| PB 0x0000000089700000| Complete |  0
| 152|0x0000000089800000, 0x0000000089900000, 0x0000000089900000|100%| O|  |TAMS 0x0000000089800000| PB 0x0000000089800000| Untracked |  0
| 153|0x0000000089900000, 0x0000000089900000, 0x0000000089a00000|  0%| F|  |TAMS 0x0000000089900000| PB 0x0000000089900000| Untracked |  0
| 154|0x0000000089a00000, 0x0000000089b00000, 0x0000000089b00000|100%| O|  |TAMS 0x0000000089a00000| PB 0x0000000089a00000| Untracked |  0
| 155|0x0000000089b00000, 0x0000000089c00000, 0x0000000089c00000|100%| O|  |TAMS 0x0000000089b00000| PB 0x0000000089b00000| Untracked |  0
| 156|0x0000000089c00000, 0x0000000089d00000, 0x0000000089d00000|100%| O|  |TAMS 0x0000000089c00000| PB 0x0000000089c00000| Untracked |  0
| 157|0x0000000089d00000, 0x0000000089e00000, 0x0000000089e00000|100%| O|  |TAMS 0x0000000089d00000| PB 0x0000000089d00000| Untracked |  0
| 158|0x0000000089e00000, 0x0000000089f00000, 0x0000000089f00000|100%| O|  |TAMS 0x0000000089e00000| PB 0x0000000089e00000| Untracked |  0
| 159|0x0000000089f00000, 0x000000008a000000, 0x000000008a000000|100%| O|  |TAMS 0x0000000089f00000| PB 0x0000000089f00000| Untracked |  0
| 160|0x000000008a000000, 0x000000008a100000, 0x000000008a100000|100%| O|  |TAMS 0x000000008a000000| PB 0x000000008a000000| Untracked |  0
| 161|0x000000008a100000, 0x000000008a200000, 0x000000008a200000|100%|HS|  |TAMS 0x000000008a100000| PB 0x000000008a100000| Complete |  0
| 162|0x000000008a200000, 0x000000008a300000, 0x000000008a300000|100%|HC|  |TAMS 0x000000008a200000| PB 0x000000008a200000| Complete |  0
| 163|0x000000008a300000, 0x000000008a400000, 0x000000008a400000|100%| O|  |TAMS 0x000000008a300000| PB 0x000000008a300000| Untracked |  0
| 164|0x000000008a400000, 0x000000008a400000, 0x000000008a500000|  0%| F|  |TAMS 0x000000008a400000| PB 0x000000008a400000| Untracked |  0
| 165|0x000000008a500000, 0x000000008a600000, 0x000000008a600000|100%|HS|  |TAMS 0x000000008a500000| PB 0x000000008a500000| Complete |  0
| 166|0x000000008a600000, 0x000000008a700000, 0x000000008a700000|100%|HC|  |TAMS 0x000000008a600000| PB 0x000000008a600000| Complete |  0
| 167|0x000000008a700000, 0x000000008a800000, 0x000000008a800000|100%|HC|  |TAMS 0x000000008a700000| PB 0x000000008a700000| Complete |  0
| 168|0x000000008a800000, 0x000000008a900000, 0x000000008a900000|100%|HC|  |TAMS 0x000000008a800000| PB 0x000000008a800000| Complete |  0
| 169|0x000000008a900000, 0x000000008aa00000, 0x000000008aa00000|100%|HC|  |TAMS 0x000000008a900000| PB 0x000000008a900000| Complete |  0
| 170|0x000000008aa00000, 0x000000008ab00000, 0x000000008ab00000|100%|HC|  |TAMS 0x000000008aa00000| PB 0x000000008aa00000| Complete |  0
| 171|0x000000008ab00000, 0x000000008ac00000, 0x000000008ac00000|100%|HS|  |TAMS 0x000000008ab00000| PB 0x000000008ab00000| Complete |  0
| 172|0x000000008ac00000, 0x000000008ad00000, 0x000000008ad00000|100%|HC|  |TAMS 0x000000008ac00000| PB 0x000000008ac00000| Complete |  0
| 173|0x000000008ad00000, 0x000000008ae00000, 0x000000008ae00000|100%|HS|  |TAMS 0x000000008ad00000| PB 0x000000008ad00000| Complete |  0
| 174|0x000000008ae00000, 0x000000008af00000, 0x000000008af00000|100%|HC|  |TAMS 0x000000008ae00000| PB 0x000000008ae00000| Complete |  0
| 175|0x000000008af00000, 0x000000008af00000, 0x000000008b000000|  0%| F|  |TAMS 0x000000008af00000| PB 0x000000008af00000| Untracked |  0
| 176|0x000000008b000000, 0x000000008b100000, 0x000000008b100000|100%| O|  |TAMS 0x000000008b000000| PB 0x000000008b000000| Untracked |  0
| 177|0x000000008b100000, 0x000000008b200000, 0x000000008b200000|100%| O|  |TAMS 0x000000008b100000| PB 0x000000008b100000| Untracked |  0
| 178|0x000000008b200000, 0x000000008b300000, 0x000000008b300000|100%|HS|  |TAMS 0x000000008b200000| PB 0x000000008b200000| Complete |  0
| 179|0x000000008b300000, 0x000000008b400000, 0x000000008b400000|100%|HC|  |TAMS 0x000000008b300000| PB 0x000000008b300000| Complete |  0
| 180|0x000000008b400000, 0x000000008b500000, 0x000000008b500000|100%|HS|  |TAMS 0x000000008b400000| PB 0x000000008b400000| Complete |  0
| 181|0x000000008b500000, 0x000000008b600000, 0x000000008b600000|100%|HC|  |TAMS 0x000000008b500000| PB 0x000000008b500000| Complete |  0
| 182|0x000000008b600000, 0x000000008b600000, 0x000000008b700000|  0%| F|  |TAMS 0x000000008b600000| PB 0x000000008b600000| Untracked |  0
| 183|0x000000008b700000, 0x000000008b800000, 0x000000008b800000|100%|HS|  |TAMS 0x000000008b700000| PB 0x000000008b700000| Complete |  0
| 184|0x000000008b800000, 0x000000008b900000, 0x000000008b900000|100%|HC|  |TAMS 0x000000008b800000| PB 0x000000008b800000| Complete |  0
| 185|0x000000008b900000, 0x000000008ba00000, 0x000000008ba00000|100%|HC|  |TAMS 0x000000008b900000| PB 0x000000008b900000| Complete |  0
| 186|0x000000008ba00000, 0x000000008bb00000, 0x000000008bb00000|100%|HC|  |TAMS 0x000000008ba00000| PB 0x000000008ba00000| Complete |  0
| 187|0x000000008bb00000, 0x000000008bc00000, 0x000000008bc00000|100%|HC|  |TAMS 0x000000008bb00000| PB 0x000000008bb00000| Complete |  0
| 188|0x000000008bc00000, 0x000000008bd00000, 0x000000008bd00000|100%|HC|  |TAMS 0x000000008bc00000| PB 0x000000008bc00000| Complete |  0
| 189|0x000000008bd00000, 0x000000008be00000, 0x000000008be00000|100%| O|Cm|TAMS 0x000000008bd00000| PB 0x000000008bd00000| Complete |  0
| 190|0x000000008be00000, 0x000000008bf00000, 0x000000008bf00000|100%| O|Cm|TAMS 0x000000008be00000| PB 0x000000008be00000| Complete |  0
| 191|0x000000008bf00000, 0x000000008bf00000, 0x000000008c000000|  0%| F|  |TAMS 0x000000008bf00000| PB 0x000000008bf00000| Untracked |  0
| 192|0x000000008c000000, 0x000000008c100000, 0x000000008c100000|100%| O|  |TAMS 0x000000008c000000| PB 0x000000008c000000| Untracked |  0
| 193|0x000000008c100000, 0x000000008c200000, 0x000000008c200000|100%|HS|  |TAMS 0x000000008c100000| PB 0x000000008c100000| Complete |  0
| 194|0x000000008c200000, 0x000000008c300000, 0x000000008c300000|100%|HC|  |TAMS 0x000000008c200000| PB 0x000000008c200000| Complete |  0
| 195|0x000000008c300000, 0x000000008c400000, 0x000000008c400000|100%| O|  |TAMS 0x000000008c300000| PB 0x000000008c300000| Untracked |  0
| 196|0x000000008c400000, 0x000000008c500000, 0x000000008c500000|100%|HS|  |TAMS 0x000000008c400000| PB 0x000000008c400000| Complete |  0
| 197|0x000000008c500000, 0x000000008c600000, 0x000000008c600000|100%|HC|  |TAMS 0x000000008c500000| PB 0x000000008c500000| Complete |  0
| 198|0x000000008c600000, 0x000000008c700000, 0x000000008c700000|100%|HS|  |TAMS 0x000000008c600000| PB 0x000000008c600000| Complete |  0
| 199|0x000000008c700000, 0x000000008c800000, 0x000000008c800000|100%|HC|  |TAMS 0x000000008c700000| PB 0x000000008c700000| Complete |  0
| 200|0x000000008c800000, 0x000000008c900000, 0x000000008c900000|100%|HS|  |TAMS 0x000000008c800000| PB 0x000000008c800000| Complete |  0
| 201|0x000000008c900000, 0x000000008ca00000, 0x000000008ca00000|100%|HC|  |TAMS 0x000000008c900000| PB 0x000000008c900000| Complete |  0
| 202|0x000000008ca00000, 0x000000008ca00000, 0x000000008cb00000|  0%| F|  |TAMS 0x000000008ca00000| PB 0x000000008ca00000| Untracked |  0
| 203|0x000000008cb00000, 0x000000008cc00000, 0x000000008cc00000|100%| O|  |TAMS 0x000000008cb00000| PB 0x000000008cb00000| Untracked |  0
| 204|0x000000008cc00000, 0x000000008cd00000, 0x000000008cd00000|100%|HS|  |TAMS 0x000000008cc00000| PB 0x000000008cc00000| Complete |  0
| 205|0x000000008cd00000, 0x000000008ce00000, 0x000000008ce00000|100%|HC|  |TAMS 0x000000008cd00000| PB 0x000000008cd00000| Complete |  0
| 206|0x000000008ce00000, 0x000000008ce00000, 0x000000008cf00000|  0%| F|  |TAMS 0x000000008ce00000| PB 0x000000008ce00000| Untracked |  0
| 207|0x000000008cf00000, 0x000000008d000000, 0x000000008d000000|100%| O|  |TAMS 0x000000008cf00000| PB 0x000000008cf00000| Untracked |  0
| 208|0x000000008d000000, 0x000000008d100000, 0x000000008d100000|100%|HS|  |TAMS 0x000000008d000000| PB 0x000000008d000000| Complete |  0
| 209|0x000000008d100000, 0x000000008d200000, 0x000000008d200000|100%|HC|  |TAMS 0x000000008d100000| PB 0x000000008d100000| Complete |  0
| 210|0x000000008d200000, 0x000000008d200000, 0x000000008d300000|  0%| F|  |TAMS 0x000000008d200000| PB 0x000000008d200000| Untracked |  0
| 211|0x000000008d300000, 0x000000008d400000, 0x000000008d400000|100%| O|  |TAMS 0x000000008d300000| PB 0x000000008d300000| Untracked |  0
| 212|0x000000008d400000, 0x000000008d500000, 0x000000008d500000|100%|HS|  |TAMS 0x000000008d400000| PB 0x000000008d400000| Complete |  0
| 213|0x000000008d500000, 0x000000008d600000, 0x000000008d600000|100%|HC|  |TAMS 0x000000008d500000| PB 0x000000008d500000| Complete |  0
| 214|0x000000008d600000, 0x000000008d600000, 0x000000008d700000|  0%| F|  |TAMS 0x000000008d600000| PB 0x000000008d600000| Untracked |  0
| 215|0x000000008d700000, 0x000000008d800000, 0x000000008d800000|100%| O|  |TAMS 0x000000008d700000| PB 0x000000008d700000| Untracked |  0
| 216|0x000000008d800000, 0x000000008d900000, 0x000000008d900000|100%| O|  |TAMS 0x000000008d800000| PB 0x000000008d800000| Untracked |  0
| 217|0x000000008d900000, 0x000000008da00000, 0x000000008da00000|100%| O|  |TAMS 0x000000008d900000| PB 0x000000008d900000| Untracked |  0
| 218|0x000000008da00000, 0x000000008db00000, 0x000000008db00000|100%| O|  |TAMS 0x000000008da00000| PB 0x000000008da00000| Untracked |  0
| 219|0x000000008db00000, 0x000000008dc00000, 0x000000008dc00000|100%| O|  |TAMS 0x000000008db00000| PB 0x000000008db00000| Untracked |  0
| 220|0x000000008dc00000, 0x000000008dd00000, 0x000000008dd00000|100%| O|  |TAMS 0x000000008dc00000| PB 0x000000008dc00000| Untracked |  0
| 221|0x000000008dd00000, 0x000000008de00000, 0x000000008de00000|100%| O|  |TAMS 0x000000008dd00000| PB 0x000000008dd00000| Untracked |  0
| 222|0x000000008de00000, 0x000000008df00000, 0x000000008df00000|100%| O|  |TAMS 0x000000008de00000| PB 0x000000008de00000| Untracked |  0
| 223|0x000000008df00000, 0x000000008e000000, 0x000000008e000000|100%| O|  |TAMS 0x000000008df00000| PB 0x000000008df00000| Untracked |  0
| 224|0x000000008e000000, 0x000000008e100000, 0x000000008e100000|100%| O|  |TAMS 0x000000008e000000| PB 0x000000008e000000| Untracked |  0
| 225|0x000000008e100000, 0x000000008e200000, 0x000000008e200000|100%| O|  |TAMS 0x000000008e100000| PB 0x000000008e100000| Untracked |  0
| 226|0x000000008e200000, 0x000000008e300000, 0x000000008e300000|100%| O|  |TAMS 0x000000008e200000| PB 0x000000008e200000| Untracked |  0
| 227|0x000000008e300000, 0x000000008e400000, 0x000000008e400000|100%| O|  |TAMS 0x000000008e300000| PB 0x000000008e300000| Untracked |  0
| 228|0x000000008e400000, 0x000000008e500000, 0x000000008e500000|100%| O|  |TAMS 0x000000008e400000| PB 0x000000008e400000| Untracked |  0
| 229|0x000000008e500000, 0x000000008e600000, 0x000000008e600000|100%| O|  |TAMS 0x000000008e500000| PB 0x000000008e500000| Untracked |  0
| 230|0x000000008e600000, 0x000000008e700000, 0x000000008e700000|100%| O|  |TAMS 0x000000008e600000| PB 0x000000008e600000| Untracked |  0
| 231|0x000000008e700000, 0x000000008e800000, 0x000000008e800000|100%| O|  |TAMS 0x000000008e700000| PB 0x000000008e700000| Untracked |  0
| 232|0x000000008e800000, 0x000000008e900000, 0x000000008e900000|100%| O|  |TAMS 0x000000008e800000| PB 0x000000008e800000| Untracked |  0
| 233|0x000000008e900000, 0x000000008ea00000, 0x000000008ea00000|100%| O|  |TAMS 0x000000008e900000| PB 0x000000008e900000| Untracked |  0
| 234|0x000000008ea00000, 0x000000008eb00000, 0x000000008eb00000|100%| O|  |TAMS 0x000000008ea00000| PB 0x000000008ea00000| Untracked |  0
| 235|0x000000008eb00000, 0x000000008ec00000, 0x000000008ec00000|100%| O|  |TAMS 0x000000008eb00000| PB 0x000000008eb00000| Untracked |  0
| 236|0x000000008ec00000, 0x000000008ed00000, 0x000000008ed00000|100%| O|  |TAMS 0x000000008ec00000| PB 0x000000008ec00000| Untracked |  0
| 237|0x000000008ed00000, 0x000000008ee00000, 0x000000008ee00000|100%| O|  |TAMS 0x000000008ed00000| PB 0x000000008ed00000| Untracked |  0
| 238|0x000000008ee00000, 0x000000008ef00000, 0x000000008ef00000|100%| O|  |TAMS 0x000000008ee00000| PB 0x000000008ee00000| Untracked |  0
| 239|0x000000008ef00000, 0x000000008f000000, 0x000000008f000000|100%| O|  |TAMS 0x000000008ef00000| PB 0x000000008ef00000| Untracked |  0
| 240|0x000000008f000000, 0x000000008f100000, 0x000000008f100000|100%| O|  |TAMS 0x000000008f000000| PB 0x000000008f000000| Untracked |  0
| 241|0x000000008f100000, 0x000000008f200000, 0x000000008f200000|100%| O|  |TAMS 0x000000008f100000| PB 0x000000008f100000| Untracked |  0
| 242|0x000000008f200000, 0x000000008f300000, 0x000000008f300000|100%| O|  |TAMS 0x000000008f200000| PB 0x000000008f200000| Untracked |  0
| 243|0x000000008f300000, 0x000000008f400000, 0x000000008f400000|100%| O|  |TAMS 0x000000008f300000| PB 0x000000008f300000| Untracked |  0
| 244|0x000000008f400000, 0x000000008f500000, 0x000000008f500000|100%| O|  |TAMS 0x000000008f400000| PB 0x000000008f400000| Untracked |  0
| 245|0x000000008f500000, 0x000000008f600000, 0x000000008f600000|100%| O|  |TAMS 0x000000008f500000| PB 0x000000008f500000| Untracked |  0
| 246|0x000000008f600000, 0x000000008f700000, 0x000000008f700000|100%| O|  |TAMS 0x000000008f600000| PB 0x000000008f600000| Untracked |  0
| 247|0x000000008f700000, 0x000000008f700000, 0x000000008f800000|  0%| F|  |TAMS 0x000000008f700000| PB 0x000000008f700000| Untracked |  0
| 248|0x000000008f800000, 0x000000008f900000, 0x000000008f900000|100%| O|  |TAMS 0x000000008f800000| PB 0x000000008f800000| Untracked |  0
| 249|0x000000008f900000, 0x000000008fa00000, 0x000000008fa00000|100%| O|Cm|TAMS 0x000000008f900000| PB 0x000000008f900000| Complete |  0
| 250|0x000000008fa00000, 0x000000008fb00000, 0x000000008fb00000|100%| O|Cm|TAMS 0x000000008fa00000| PB 0x000000008fa00000| Complete |  0
| 251|0x000000008fb00000, 0x000000008fc00000, 0x000000008fc00000|100%| O|  |TAMS 0x000000008fb00000| PB 0x000000008fb00000| Untracked |  0
| 252|0x000000008fc00000, 0x000000008fd00000, 0x000000008fd00000|100%| O|Cm|TAMS 0x000000008fc00000| PB 0x000000008fc00000| Complete |  0
| 253|0x000000008fd00000, 0x000000008fe00000, 0x000000008fe00000|100%| O|  |TAMS 0x000000008fd00000| PB 0x000000008fd00000| Untracked |  0
| 254|0x000000008fe00000, 0x000000008ff00000, 0x000000008ff00000|100%| O|  |TAMS 0x000000008fe00000| PB 0x000000008fe00000| Untracked |  0
| 255|0x000000008ff00000, 0x0000000090000000, 0x0000000090000000|100%| O|Cm|TAMS 0x000000008ff00000| PB 0x000000008ff00000| Complete |  0
| 256|0x0000000090000000, 0x0000000090100000, 0x0000000090100000|100%|HS|  |TAMS 0x0000000090000000| PB 0x0000000090000000| Complete |  0
| 257|0x0000000090100000, 0x0000000090200000, 0x0000000090200000|100%|HC|  |TAMS 0x0000000090100000| PB 0x0000000090100000| Complete |  0
| 258|0x0000000090200000, 0x0000000090200000, 0x0000000090300000|  0%| F|  |TAMS 0x0000000090200000| PB 0x0000000090200000| Untracked |  0
| 259|0x0000000090300000, 0x0000000090400000, 0x0000000090400000|100%| O|Cm|TAMS 0x0000000090300000| PB 0x0000000090300000| Complete |  0
| 260|0x0000000090400000, 0x0000000090500000, 0x0000000090500000|100%|HS|  |TAMS 0x0000000090400000| PB 0x0000000090400000| Complete |  0
| 261|0x0000000090500000, 0x0000000090600000, 0x0000000090600000|100%|HC|  |TAMS 0x0000000090500000| PB 0x0000000090500000| Complete |  0
| 262|0x0000000090600000, 0x0000000090700000, 0x0000000090700000|100%| O|Cm|TAMS 0x0000000090600000| PB 0x0000000090600000| Complete |  0
| 263|0x0000000090700000, 0x0000000090700000, 0x0000000090800000|  0%| F|  |TAMS 0x0000000090700000| PB 0x0000000090700000| Untracked |  0
| 264|0x0000000090800000, 0x0000000090900000, 0x0000000090900000|100%| O|  |TAMS 0x0000000090800000| PB 0x0000000090800000| Untracked |  0
| 265|0x0000000090900000, 0x0000000090900000, 0x0000000090a00000|  0%| F|  |TAMS 0x0000000090900000| PB 0x0000000090900000| Untracked |  0
| 266|0x0000000090a00000, 0x0000000090b00000, 0x0000000090b00000|100%| O|Cm|TAMS 0x0000000090a00000| PB 0x0000000090a00000| Complete |  0
| 267|0x0000000090b00000, 0x0000000090c00000, 0x0000000090c00000|100%| O|  |TAMS 0x0000000090b00000| PB 0x0000000090b00000| Untracked |  0
| 268|0x0000000090c00000, 0x0000000090d00000, 0x0000000090d00000|100%| O|  |TAMS 0x0000000090c00000| PB 0x0000000090c00000| Untracked |  0
| 269|0x0000000090d00000, 0x0000000090e00000, 0x0000000090e00000|100%| O|  |TAMS 0x0000000090d00000| PB 0x0000000090d00000| Untracked |  0
| 270|0x0000000090e00000, 0x0000000090f00000, 0x0000000090f00000|100%| O|  |TAMS 0x0000000090e00000| PB 0x0000000090e00000| Untracked |  0
| 271|0x0000000090f00000, 0x0000000091000000, 0x0000000091000000|100%| O|  |TAMS 0x0000000090f00000| PB 0x0000000090f00000| Untracked |  0
| 272|0x0000000091000000, 0x0000000091100000, 0x0000000091100000|100%| O|  |TAMS 0x0000000091000000| PB 0x0000000091000000| Untracked |  0
| 273|0x0000000091100000, 0x0000000091200000, 0x0000000091200000|100%| O|Cm|TAMS 0x0000000091100000| PB 0x0000000091100000| Complete |  0
| 274|0x0000000091200000, 0x0000000091200000, 0x0000000091300000|  0%| F|  |TAMS 0x0000000091200000| PB 0x0000000091200000| Untracked |  0
| 275|0x0000000091300000, 0x0000000091400000, 0x0000000091400000|100%| O|  |TAMS 0x0000000091300000| PB 0x0000000091300000| Untracked |  0
| 276|0x0000000091400000, 0x0000000091500000, 0x0000000091500000|100%| O|  |TAMS 0x0000000091400000| PB 0x0000000091400000| Untracked |  0
| 277|0x0000000091500000, 0x0000000091600000, 0x0000000091600000|100%| O|  |TAMS 0x0000000091500000| PB 0x0000000091500000| Untracked |  0
| 278|0x0000000091600000, 0x0000000091700000, 0x0000000091700000|100%| O|  |TAMS 0x0000000091600000| PB 0x0000000091600000| Untracked |  0
| 279|0x0000000091700000, 0x0000000091800000, 0x0000000091800000|100%|HS|  |TAMS 0x0000000091700000| PB 0x0000000091700000| Complete |  0
| 280|0x0000000091800000, 0x0000000091900000, 0x0000000091900000|100%|HC|  |TAMS 0x0000000091800000| PB 0x0000000091800000| Complete |  0
| 281|0x0000000091900000, 0x0000000091900000, 0x0000000091a00000|  0%| F|  |TAMS 0x0000000091900000| PB 0x0000000091900000| Untracked |  0
| 282|0x0000000091a00000, 0x0000000091b00000, 0x0000000091b00000|100%| O|  |TAMS 0x0000000091a00000| PB 0x0000000091a00000| Untracked |  0
| 283|0x0000000091b00000, 0x0000000091c00000, 0x0000000091c00000|100%|HS|  |TAMS 0x0000000091b00000| PB 0x0000000091b00000| Complete |  0
| 284|0x0000000091c00000, 0x0000000091d00000, 0x0000000091d00000|100%|HC|  |TAMS 0x0000000091c00000| PB 0x0000000091c00000| Complete |  0
| 285|0x0000000091d00000, 0x0000000091e00000, 0x0000000091e00000|100%| O|  |TAMS 0x0000000091d00000| PB 0x0000000091d00000| Untracked |  0
| 286|0x0000000091e00000, 0x0000000091e00000, 0x0000000091f00000|  0%| F|  |TAMS 0x0000000091e00000| PB 0x0000000091e00000| Untracked |  0
| 287|0x0000000091f00000, 0x0000000092000000, 0x0000000092000000|100%| O|  |TAMS 0x0000000091f00000| PB 0x0000000091f00000| Untracked |  0
| 288|0x0000000092000000, 0x0000000092100000, 0x0000000092100000|100%| O|  |TAMS 0x0000000092000000| PB 0x0000000092000000| Untracked |  0
| 289|0x0000000092100000, 0x0000000092200000, 0x0000000092200000|100%| O|Cm|TAMS 0x0000000092100000| PB 0x0000000092100000| Complete |  0
| 290|0x0000000092200000, 0x0000000092300000, 0x0000000092300000|100%| O|  |TAMS 0x0000000092200000| PB 0x0000000092200000| Untracked |  0
| 291|0x0000000092300000, 0x0000000092400000, 0x0000000092400000|100%| O|Cm|TAMS 0x0000000092300000| PB 0x0000000092300000| Complete |  0
| 292|0x0000000092400000, 0x0000000092500000, 0x0000000092500000|100%| O|  |TAMS 0x0000000092400000| PB 0x0000000092400000| Untracked |  0
| 293|0x0000000092500000, 0x0000000092600000, 0x0000000092600000|100%| O|  |TAMS 0x0000000092500000| PB 0x0000000092500000| Untracked |  0
| 294|0x0000000092600000, 0x0000000092700000, 0x0000000092700000|100%| O|  |TAMS 0x0000000092600000| PB 0x0000000092600000| Untracked |  0
| 295|0x0000000092700000, 0x0000000092800000, 0x0000000092800000|100%| O|Cm|TAMS 0x0000000092700000| PB 0x0000000092700000| Complete |  0
| 296|0x0000000092800000, 0x0000000092900000, 0x0000000092900000|100%| O|  |TAMS 0x0000000092800000| PB 0x0000000092800000| Untracked |  0
| 297|0x0000000092900000, 0x0000000092a00000, 0x0000000092a00000|100%| O|  |TAMS 0x0000000092900000| PB 0x0000000092900000| Untracked |  0
| 298|0x0000000092a00000, 0x0000000092a00000, 0x0000000092b00000|  0%| F|  |TAMS 0x0000000092a00000| PB 0x0000000092a00000| Untracked |  0
| 299|0x0000000092b00000, 0x0000000092b00000, 0x0000000092c00000|  0%| F|  |TAMS 0x0000000092b00000| PB 0x0000000092b00000| Untracked |  0
| 300|0x0000000092c00000, 0x0000000092c00000, 0x0000000092d00000|  0%| F|  |TAMS 0x0000000092c00000| PB 0x0000000092c00000| Untracked |  0
| 301|0x0000000092d00000, 0x0000000092d00000, 0x0000000092e00000|  0%| F|  |TAMS 0x0000000092d00000| PB 0x0000000092d00000| Untracked |  0
| 302|0x0000000092e00000, 0x0000000092e00000, 0x0000000092f00000|  0%| F|  |TAMS 0x0000000092e00000| PB 0x0000000092e00000| Untracked |  0
| 303|0x0000000092f00000, 0x0000000092f00000, 0x0000000093000000|  0%| F|  |TAMS 0x0000000092f00000| PB 0x0000000092f00000| Untracked |  0
| 304|0x0000000093000000, 0x0000000093000000, 0x0000000093100000|  0%| F|  |TAMS 0x0000000093000000| PB 0x0000000093000000| Untracked |  0
| 305|0x0000000093100000, 0x0000000093200000, 0x0000000093200000|100%| O|  |TAMS 0x0000000093100000| PB 0x0000000093100000| Untracked |  0
| 306|0x0000000093200000, 0x0000000093200000, 0x0000000093300000|  0%| F|  |TAMS 0x0000000093200000| PB 0x0000000093200000| Untracked |  0
| 307|0x0000000093300000, 0x0000000093300000, 0x0000000093400000|  0%| F|  |TAMS 0x0000000093300000| PB 0x0000000093300000| Untracked |  0
| 308|0x0000000093400000, 0x0000000093500000, 0x0000000093500000|100%| O|  |TAMS 0x0000000093400000| PB 0x0000000093400000| Untracked |  0
| 309|0x0000000093500000, 0x0000000093500000, 0x0000000093600000|  0%| F|  |TAMS 0x0000000093500000| PB 0x0000000093500000| Untracked |  0
| 310|0x0000000093600000, 0x0000000093600000, 0x0000000093700000|  0%| F|  |TAMS 0x0000000093600000| PB 0x0000000093600000| Untracked |  0
| 311|0x0000000093700000, 0x0000000093700000, 0x0000000093800000|  0%| F|  |TAMS 0x0000000093700000| PB 0x0000000093700000| Untracked |  0
| 312|0x0000000093800000, 0x0000000093900000, 0x0000000093900000|100%| O|  |TAMS 0x0000000093800000| PB 0x0000000093800000| Untracked |  0
| 313|0x0000000093900000, 0x0000000093900000, 0x0000000093a00000|  0%| F|  |TAMS 0x0000000093900000| PB 0x0000000093900000| Untracked |  0
| 314|0x0000000093a00000, 0x0000000093a00000, 0x0000000093b00000|  0%| F|  |TAMS 0x0000000093a00000| PB 0x0000000093a00000| Untracked |  0
| 315|0x0000000093b00000, 0x0000000093b00000, 0x0000000093c00000|  0%| F|  |TAMS 0x0000000093b00000| PB 0x0000000093b00000| Untracked |  0
| 316|0x0000000093c00000, 0x0000000093c00000, 0x0000000093d00000|  0%| F|  |TAMS 0x0000000093c00000| PB 0x0000000093c00000| Untracked |  0
| 317|0x0000000093d00000, 0x0000000093d00000, 0x0000000093e00000|  0%| F|  |TAMS 0x0000000093d00000| PB 0x0000000093d00000| Untracked |  0
| 318|0x0000000093e00000, 0x0000000093e00000, 0x0000000093f00000|  0%| F|  |TAMS 0x0000000093e00000| PB 0x0000000093e00000| Untracked |  0
| 319|0x0000000093f00000, 0x0000000094000000, 0x0000000094000000|100%| O|  |TAMS 0x0000000093f00000| PB 0x0000000093f00000| Untracked |  0
| 320|0x0000000094000000, 0x0000000094100000, 0x0000000094100000|100%| O|  |TAMS 0x0000000094000000| PB 0x0000000094000000| Untracked |  0
| 321|0x0000000094100000, 0x0000000094100000, 0x0000000094200000|  0%| F|  |TAMS 0x0000000094100000| PB 0x0000000094100000| Untracked |  0
| 322|0x0000000094200000, 0x0000000094200000, 0x0000000094300000|  0%| F|  |TAMS 0x0000000094200000| PB 0x0000000094200000| Untracked |  0
| 323|0x0000000094300000, 0x0000000094300000, 0x0000000094400000|  0%| F|  |TAMS 0x0000000094300000| PB 0x0000000094300000| Untracked |  0
| 324|0x0000000094400000, 0x0000000094500000, 0x0000000094500000|100%| O|  |TAMS 0x0000000094400000| PB 0x0000000094400000| Untracked |  0
| 325|0x0000000094500000, 0x0000000094600000, 0x0000000094600000|100%| O|  |TAMS 0x0000000094500000| PB 0x0000000094500000| Untracked |  0
| 326|0x0000000094600000, 0x0000000094700000, 0x0000000094700000|100%| O|  |TAMS 0x0000000094600000| PB 0x0000000094600000| Untracked |  0
| 327|0x0000000094700000, 0x0000000094800000, 0x0000000094800000|100%| O|  |TAMS 0x0000000094700000| PB 0x0000000094700000| Untracked |  0
| 328|0x0000000094800000, 0x0000000094900000, 0x0000000094900000|100%| O|  |TAMS 0x0000000094800000| PB 0x0000000094800000| Untracked |  0
| 329|0x0000000094900000, 0x0000000094a00000, 0x0000000094a00000|100%| O|  |TAMS 0x0000000094900000| PB 0x0000000094900000| Untracked |  0
| 330|0x0000000094a00000, 0x0000000094b00000, 0x0000000094b00000|100%| O|  |TAMS 0x0000000094a00000| PB 0x0000000094a00000| Untracked |  0
| 331|0x0000000094b00000, 0x0000000094c00000, 0x0000000094c00000|100%| O|  |TAMS 0x0000000094b00000| PB 0x0000000094b00000| Untracked |  0
| 332|0x0000000094c00000, 0x0000000094d00000, 0x0000000094d00000|100%| O|  |TAMS 0x0000000094c00000| PB 0x0000000094c00000| Untracked |  0
| 333|0x0000000094d00000, 0x0000000094e00000, 0x0000000094e00000|100%| O|  |TAMS 0x0000000094d00000| PB 0x0000000094d00000| Untracked |  0
| 334|0x0000000094e00000, 0x0000000094f00000, 0x0000000094f00000|100%| O|Cm|TAMS 0x0000000094e00000| PB 0x0000000094e00000| Complete |  0
| 335|0x0000000094f00000, 0x0000000095000000, 0x0000000095000000|100%| O|  |TAMS 0x0000000094f00000| PB 0x0000000094f00000| Untracked |  0
| 336|0x0000000095000000, 0x0000000095100000, 0x0000000095100000|100%| O|Cm|TAMS 0x0000000095000000| PB 0x0000000095000000| Complete |  0
| 337|0x0000000095100000, 0x0000000095180000, 0x0000000095200000| 50%| O|  |TAMS 0x0000000095100000| PB 0x0000000095100000| Untracked |  0
| 338|0x0000000095200000, 0x0000000095200000, 0x0000000095300000|  0%| F|  |TAMS 0x0000000095200000| PB 0x0000000095200000| Untracked |  0
| 339|0x0000000095300000, 0x0000000095300000, 0x0000000095400000|  0%| F|  |TAMS 0x0000000095300000| PB 0x0000000095300000| Untracked |  0
| 340|0x0000000095400000, 0x0000000095400000, 0x0000000095500000|  0%| F|  |TAMS 0x0000000095400000| PB 0x0000000095400000| Untracked |  0
| 341|0x0000000095500000, 0x0000000095500000, 0x0000000095600000|  0%| F|  |TAMS 0x0000000095500000| PB 0x0000000095500000| Untracked |  0
| 342|0x0000000095600000, 0x0000000095600000, 0x0000000095700000|  0%| F|  |TAMS 0x0000000095600000| PB 0x0000000095600000| Untracked |  0
| 343|0x0000000095700000, 0x0000000095700000, 0x0000000095800000|  0%| F|  |TAMS 0x0000000095700000| PB 0x0000000095700000| Untracked |  0
| 344|0x0000000095800000, 0x0000000095800000, 0x0000000095900000|  0%| F|  |TAMS 0x0000000095800000| PB 0x0000000095800000| Untracked |  0
| 345|0x0000000095900000, 0x0000000095900000, 0x0000000095a00000|  0%| F|  |TAMS 0x0000000095900000| PB 0x0000000095900000| Untracked |  0
| 346|0x0000000095a00000, 0x0000000095a00000, 0x0000000095b00000|  0%| F|  |TAMS 0x0000000095a00000| PB 0x0000000095a00000| Untracked |  0
| 347|0x0000000095b00000, 0x0000000095b00000, 0x0000000095c00000|  0%| F|  |TAMS 0x0000000095b00000| PB 0x0000000095b00000| Untracked |  0
| 348|0x0000000095c00000, 0x0000000095c00000, 0x0000000095d00000|  0%| F|  |TAMS 0x0000000095c00000| PB 0x0000000095c00000| Untracked |  0
| 349|0x0000000095d00000, 0x0000000095d00000, 0x0000000095e00000|  0%| F|  |TAMS 0x0000000095d00000| PB 0x0000000095d00000| Untracked |  0
| 350|0x0000000095e00000, 0x0000000095e00000, 0x0000000095f00000|  0%| F|  |TAMS 0x0000000095e00000| PB 0x0000000095e00000| Untracked |  0
| 351|0x0000000095f00000, 0x0000000095f00000, 0x0000000096000000|  0%| F|  |TAMS 0x0000000095f00000| PB 0x0000000095f00000| Untracked |  0
| 352|0x0000000096000000, 0x0000000096000000, 0x0000000096100000|  0%| F|  |TAMS 0x0000000096000000| PB 0x0000000096000000| Untracked |  0
| 353|0x0000000096100000, 0x0000000096100000, 0x0000000096200000|  0%| F|  |TAMS 0x0000000096100000| PB 0x0000000096100000| Untracked |  0
| 354|0x0000000096200000, 0x0000000096200000, 0x0000000096300000|  0%| F|  |TAMS 0x0000000096200000| PB 0x0000000096200000| Untracked |  0
| 355|0x0000000096300000, 0x0000000096400000, 0x0000000096400000|100%| O|Cm|TAMS 0x0000000096300000| PB 0x0000000096300000| Complete |  0
| 356|0x0000000096400000, 0x0000000096400000, 0x0000000096500000|  0%| F|  |TAMS 0x0000000096400000| PB 0x0000000096400000| Untracked |  0
| 357|0x0000000096500000, 0x0000000096500000, 0x0000000096600000|  0%| F|  |TAMS 0x0000000096500000| PB 0x0000000096500000| Untracked |  0
| 358|0x0000000096600000, 0x0000000096600000, 0x0000000096700000|  0%| F|  |TAMS 0x0000000096600000| PB 0x0000000096600000| Untracked |  0
| 359|0x0000000096700000, 0x0000000096700000, 0x0000000096800000|  0%| F|  |TAMS 0x0000000096700000| PB 0x0000000096700000| Untracked |  0
| 360|0x0000000096800000, 0x0000000096800000, 0x0000000096900000|  0%| F|  |TAMS 0x0000000096800000| PB 0x0000000096800000| Untracked |  0
| 361|0x0000000096900000, 0x0000000096a00000, 0x0000000096a00000|100%| O|Cm|TAMS 0x0000000096900000| PB 0x0000000096900000| Complete |  0
| 362|0x0000000096a00000, 0x0000000096a00000, 0x0000000096b00000|  0%| F|  |TAMS 0x0000000096a00000| PB 0x0000000096a00000| Untracked |  0
| 363|0x0000000096b00000, 0x0000000096b00000, 0x0000000096c00000|  0%| F|  |TAMS 0x0000000096b00000| PB 0x0000000096b00000| Untracked |  0
| 364|0x0000000096c00000, 0x0000000096c00000, 0x0000000096d00000|  0%| F|  |TAMS 0x0000000096c00000| PB 0x0000000096c00000| Untracked |  0
| 365|0x0000000096d00000, 0x0000000096d00000, 0x0000000096e00000|  0%| F|  |TAMS 0x0000000096d00000| PB 0x0000000096d00000| Untracked |  0
| 366|0x0000000096e00000, 0x0000000096e00000, 0x0000000096f00000|  0%| F|  |TAMS 0x0000000096e00000| PB 0x0000000096e00000| Untracked |  0
| 367|0x0000000096f00000, 0x0000000096f00000, 0x0000000097000000|  0%| F|  |TAMS 0x0000000096f00000| PB 0x0000000096f00000| Untracked |  0
| 368|0x0000000097000000, 0x0000000097000000, 0x0000000097100000|  0%| F|  |TAMS 0x0000000097000000| PB 0x0000000097000000| Untracked |  0
| 369|0x0000000097100000, 0x0000000097100000, 0x0000000097200000|  0%| F|  |TAMS 0x0000000097100000| PB 0x0000000097100000| Untracked |  0
| 370|0x0000000097200000, 0x0000000097200000, 0x0000000097300000|  0%| F|  |TAMS 0x0000000097200000| PB 0x0000000097200000| Untracked |  0
| 371|0x0000000097300000, 0x0000000097300000, 0x0000000097400000|  0%| F|  |TAMS 0x0000000097300000| PB 0x0000000097300000| Untracked |  0
| 372|0x0000000097400000, 0x0000000097400000, 0x0000000097500000|  0%| F|  |TAMS 0x0000000097400000| PB 0x0000000097400000| Untracked |  0
| 373|0x0000000097500000, 0x0000000097500000, 0x0000000097600000|  0%| F|  |TAMS 0x0000000097500000| PB 0x0000000097500000| Untracked |  0
| 374|0x0000000097600000, 0x0000000097600000, 0x0000000097700000|  0%| F|  |TAMS 0x0000000097600000| PB 0x0000000097600000| Untracked |  0
| 375|0x0000000097700000, 0x0000000097700000, 0x0000000097800000|  0%| F|  |TAMS 0x0000000097700000| PB 0x0000000097700000| Untracked |  0
| 376|0x0000000097800000, 0x0000000097800000, 0x0000000097900000|  0%| F|  |TAMS 0x0000000097800000| PB 0x0000000097800000| Untracked |  0
| 377|0x0000000097900000, 0x0000000097900000, 0x0000000097a00000|  0%| F|  |TAMS 0x0000000097900000| PB 0x0000000097900000| Untracked |  0
| 378|0x0000000097a00000, 0x0000000097a00000, 0x0000000097b00000|  0%| F|  |TAMS 0x0000000097a00000| PB 0x0000000097a00000| Untracked |  0
| 379|0x0000000097b00000, 0x0000000097b00000, 0x0000000097c00000|  0%| F|  |TAMS 0x0000000097b00000| PB 0x0000000097b00000| Untracked |  0
| 380|0x0000000097c00000, 0x0000000097c00000, 0x0000000097d00000|  0%| F|  |TAMS 0x0000000097c00000| PB 0x0000000097c00000| Untracked |  0
| 381|0x0000000097d00000, 0x0000000097d00000, 0x0000000097e00000|  0%| F|  |TAMS 0x0000000097d00000| PB 0x0000000097d00000| Untracked |  0
| 382|0x0000000097e00000, 0x0000000097e00000, 0x0000000097f00000|  0%| F|  |TAMS 0x0000000097e00000| PB 0x0000000097e00000| Untracked |  0
| 383|0x0000000097f00000, 0x0000000097f00000, 0x0000000098000000|  0%| F|  |TAMS 0x0000000097f00000| PB 0x0000000097f00000| Untracked |  0
| 384|0x0000000098000000, 0x0000000098000000, 0x0000000098100000|  0%| F|  |TAMS 0x0000000098000000| PB 0x0000000098000000| Untracked |  0
| 385|0x0000000098100000, 0x0000000098100000, 0x0000000098200000|  0%| F|  |TAMS 0x0000000098100000| PB 0x0000000098100000| Untracked |  0
| 386|0x0000000098200000, 0x0000000098200000, 0x0000000098300000|  0%| F|  |TAMS 0x0000000098200000| PB 0x0000000098200000| Untracked |  0
| 387|0x0000000098300000, 0x0000000098300000, 0x0000000098400000|  0%| F|  |TAMS 0x0000000098300000| PB 0x0000000098300000| Untracked |  0
| 388|0x0000000098400000, 0x0000000098400000, 0x0000000098500000|  0%| F|  |TAMS 0x0000000098400000| PB 0x0000000098400000| Untracked |  0
| 389|0x0000000098500000, 0x0000000098500000, 0x0000000098600000|  0%| F|  |TAMS 0x0000000098500000| PB 0x0000000098500000| Untracked |  0
| 390|0x0000000098600000, 0x0000000098600000, 0x0000000098700000|  0%| F|  |TAMS 0x0000000098600000| PB 0x0000000098600000| Untracked |  0
| 391|0x0000000098700000, 0x0000000098700000, 0x0000000098800000|  0%| F|  |TAMS 0x0000000098700000| PB 0x0000000098700000| Untracked |  0
| 392|0x0000000098800000, 0x0000000098800000, 0x0000000098900000|  0%| F|  |TAMS 0x0000000098800000| PB 0x0000000098800000| Untracked |  0
| 393|0x0000000098900000, 0x0000000098900000, 0x0000000098a00000|  0%| F|  |TAMS 0x0000000098900000| PB 0x0000000098900000| Untracked |  0
| 394|0x0000000098a00000, 0x0000000098a00000, 0x0000000098b00000|  0%| F|  |TAMS 0x0000000098a00000| PB 0x0000000098a00000| Untracked |  0
| 395|0x0000000098b00000, 0x0000000098b00000, 0x0000000098c00000|  0%| F|  |TAMS 0x0000000098b00000| PB 0x0000000098b00000| Untracked |  0
| 396|0x0000000098c00000, 0x0000000098c00000, 0x0000000098d00000|  0%| F|  |TAMS 0x0000000098c00000| PB 0x0000000098c00000| Untracked |  0
| 397|0x0000000098d00000, 0x0000000098d00000, 0x0000000098e00000|  0%| F|  |TAMS 0x0000000098d00000| PB 0x0000000098d00000| Untracked |  0
| 398|0x0000000098e00000, 0x0000000098e00000, 0x0000000098f00000|  0%| F|  |TAMS 0x0000000098e00000| PB 0x0000000098e00000| Untracked |  0
| 399|0x0000000098f00000, 0x0000000098f00000, 0x0000000099000000|  0%| F|  |TAMS 0x0000000098f00000| PB 0x0000000098f00000| Untracked |  0
| 400|0x0000000099000000, 0x0000000099000000, 0x0000000099100000|  0%| F|  |TAMS 0x0000000099000000| PB 0x0000000099000000| Untracked |  0
| 401|0x0000000099100000, 0x0000000099100000, 0x0000000099200000|  0%| F|  |TAMS 0x0000000099100000| PB 0x0000000099100000| Untracked |  0
| 402|0x0000000099200000, 0x0000000099200000, 0x0000000099300000|  0%| F|  |TAMS 0x0000000099200000| PB 0x0000000099200000| Untracked |  0
| 403|0x0000000099300000, 0x0000000099300000, 0x0000000099400000|  0%| F|  |TAMS 0x0000000099300000| PB 0x0000000099300000| Untracked |  0
| 404|0x0000000099400000, 0x0000000099400000, 0x0000000099500000|  0%| F|  |TAMS 0x0000000099400000| PB 0x0000000099400000| Untracked |  0
| 405|0x0000000099500000, 0x0000000099500000, 0x0000000099600000|  0%| F|  |TAMS 0x0000000099500000| PB 0x0000000099500000| Untracked |  0
| 406|0x0000000099600000, 0x0000000099693078, 0x0000000099700000| 57%| S|CS|TAMS 0x0000000099600000| PB 0x0000000099600000| Complete |  0
| 407|0x0000000099700000, 0x0000000099800000, 0x0000000099800000|100%| S|CS|TAMS 0x0000000099700000| PB 0x0000000099700000| Complete |  0
| 408|0x0000000099800000, 0x0000000099900000, 0x0000000099900000|100%| S|CS|TAMS 0x0000000099800000| PB 0x0000000099800000| Complete |  0
| 409|0x0000000099900000, 0x0000000099a00000, 0x0000000099a00000|100%| S|CS|TAMS 0x0000000099900000| PB 0x0000000099900000| Complete |  0
| 410|0x0000000099a00000, 0x0000000099b00000, 0x0000000099b00000|100%| S|CS|TAMS 0x0000000099a00000| PB 0x0000000099a00000| Complete |  0
| 411|0x0000000099b00000, 0x0000000099c00000, 0x0000000099c00000|100%| S|CS|TAMS 0x0000000099b00000| PB 0x0000000099b00000| Complete |  0
| 412|0x0000000099c00000, 0x0000000099d00000, 0x0000000099d00000|100%| S|CS|TAMS 0x0000000099c00000| PB 0x0000000099c00000| Complete |  0
| 413|0x0000000099d00000, 0x0000000099e00000, 0x0000000099e00000|100%| S|CS|TAMS 0x0000000099d00000| PB 0x0000000099d00000| Complete |  0
| 414|0x0000000099e00000, 0x0000000099e00000, 0x0000000099f00000|  0%| F|  |TAMS 0x0000000099e00000| PB 0x0000000099e00000| Untracked |  0
| 415|0x0000000099f00000, 0x0000000099f00000, 0x000000009a000000|  0%| F|  |TAMS 0x0000000099f00000| PB 0x0000000099f00000| Untracked |  0
| 416|0x000000009a000000, 0x000000009a000000, 0x000000009a100000|  0%| F|  |TAMS 0x000000009a000000| PB 0x000000009a000000| Untracked |  0
| 417|0x000000009a100000, 0x000000009a100000, 0x000000009a200000|  0%| F|  |TAMS 0x000000009a100000| PB 0x000000009a100000| Untracked |  0
| 418|0x000000009a200000, 0x000000009a200000, 0x000000009a300000|  0%| F|  |TAMS 0x000000009a200000| PB 0x000000009a200000| Untracked |  0
| 419|0x000000009a300000, 0x000000009a300000, 0x000000009a400000|  0%| F|  |TAMS 0x000000009a300000| PB 0x000000009a300000| Untracked |  0
| 420|0x000000009a400000, 0x000000009a400000, 0x000000009a500000|  0%| F|  |TAMS 0x000000009a400000| PB 0x000000009a400000| Untracked |  0
| 421|0x000000009a500000, 0x000000009a500000, 0x000000009a600000|  0%| F|  |TAMS 0x000000009a500000| PB 0x000000009a500000| Untracked |  0
| 422|0x000000009a600000, 0x000000009a600000, 0x000000009a700000|  0%| F|  |TAMS 0x000000009a600000| PB 0x000000009a600000| Untracked |  0
| 423|0x000000009a700000, 0x000000009a700000, 0x000000009a800000|  0%| F|  |TAMS 0x000000009a700000| PB 0x000000009a700000| Untracked |  0
| 424|0x000000009a800000, 0x000000009a800000, 0x000000009a900000|  0%| F|  |TAMS 0x000000009a800000| PB 0x000000009a800000| Untracked |  0
| 425|0x000000009a900000, 0x000000009a900000, 0x000000009aa00000|  0%| F|  |TAMS 0x000000009a900000| PB 0x000000009a900000| Untracked |  0
| 426|0x000000009aa00000, 0x000000009aa00000, 0x000000009ab00000|  0%| F|  |TAMS 0x000000009aa00000| PB 0x000000009aa00000| Untracked |  0
| 427|0x000000009ab00000, 0x000000009ab00000, 0x000000009ac00000|  0%| F|  |TAMS 0x000000009ab00000| PB 0x000000009ab00000| Untracked |  0
| 428|0x000000009ac00000, 0x000000009ac00000, 0x000000009ad00000|  0%| F|  |TAMS 0x000000009ac00000| PB 0x000000009ac00000| Untracked |  0
| 429|0x000000009ad00000, 0x000000009ad00000, 0x000000009ae00000|  0%| F|  |TAMS 0x000000009ad00000| PB 0x000000009ad00000| Untracked |  0
| 430|0x000000009ae00000, 0x000000009ae00000, 0x000000009af00000|  0%| F|  |TAMS 0x000000009ae00000| PB 0x000000009ae00000| Untracked |  0
| 431|0x000000009af00000, 0x000000009af00000, 0x000000009b000000|  0%| F|  |TAMS 0x000000009af00000| PB 0x000000009af00000| Untracked |  0
| 432|0x000000009b000000, 0x000000009b000000, 0x000000009b100000|  0%| F|  |TAMS 0x000000009b000000| PB 0x000000009b000000| Untracked |  0
| 433|0x000000009b100000, 0x000000009b100000, 0x000000009b200000|  0%| F|  |TAMS 0x000000009b100000| PB 0x000000009b100000| Untracked |  0
| 434|0x000000009b200000, 0x000000009b200000, 0x000000009b300000|  0%| F|  |TAMS 0x000000009b200000| PB 0x000000009b200000| Untracked |  0
| 435|0x000000009b300000, 0x000000009b300000, 0x000000009b400000|  0%| F|  |TAMS 0x000000009b300000| PB 0x000000009b300000| Untracked |  0
| 436|0x000000009b400000, 0x000000009b400000, 0x000000009b500000|  0%| F|  |TAMS 0x000000009b400000| PB 0x000000009b400000| Untracked |  0
| 437|0x000000009b500000, 0x000000009b500000, 0x000000009b600000|  0%| F|  |TAMS 0x000000009b500000| PB 0x000000009b500000| Untracked |  0
| 438|0x000000009b600000, 0x000000009b600000, 0x000000009b700000|  0%| F|  |TAMS 0x000000009b600000| PB 0x000000009b600000| Untracked |  0
| 439|0x000000009b700000, 0x000000009b700000, 0x000000009b800000|  0%| F|  |TAMS 0x000000009b700000| PB 0x000000009b700000| Untracked |  0
| 440|0x000000009b800000, 0x000000009b800000, 0x000000009b900000|  0%| F|  |TAMS 0x000000009b800000| PB 0x000000009b800000| Untracked |  0
| 441|0x000000009b900000, 0x000000009b900000, 0x000000009ba00000|  0%| F|  |TAMS 0x000000009b900000| PB 0x000000009b900000| Untracked |  0
| 442|0x000000009ba00000, 0x000000009ba00000, 0x000000009bb00000|  0%| F|  |TAMS 0x000000009ba00000| PB 0x000000009ba00000| Untracked |  0
| 443|0x000000009bb00000, 0x000000009bb00000, 0x000000009bc00000|  0%| F|  |TAMS 0x000000009bb00000| PB 0x000000009bb00000| Untracked |  0
| 444|0x000000009bc00000, 0x000000009bd00000, 0x000000009bd00000|100%| O|Cm|TAMS 0x000000009bc00000| PB 0x000000009bc00000| Complete |  0
| 445|0x000000009bd00000, 0x000000009be00000, 0x000000009be00000|100%| O|Cm|TAMS 0x000000009bd00000| PB 0x000000009bd00000| Complete |  0
| 446|0x000000009be00000, 0x000000009bf00000, 0x000000009bf00000|100%| O|Cm|TAMS 0x000000009be00000| PB 0x000000009be00000| Complete |  0
| 447|0x000000009bf00000, 0x000000009c000000, 0x000000009c000000|100%| O|Cm|TAMS 0x000000009bf00000| PB 0x000000009bf00000| Complete |  0
| 448|0x000000009c000000, 0x000000009c100000, 0x000000009c100000|100%| O|Cm|TAMS 0x000000009c000000| PB 0x000000009c000000| Complete |  0
| 449|0x000000009c100000, 0x000000009c200000, 0x000000009c200000|100%| O|Cm|TAMS 0x000000009c100000| PB 0x000000009c100000| Complete |  0
| 450|0x000000009c200000, 0x000000009c300000, 0x000000009c300000|100%| O|Cm|TAMS 0x000000009c200000| PB 0x000000009c200000| Complete |  0
| 451|0x000000009c300000, 0x000000009c400000, 0x000000009c400000|100%| O|Cm|TAMS 0x000000009c300000| PB 0x000000009c300000| Complete |  0
| 452|0x000000009c400000, 0x000000009c400000, 0x000000009c500000|  0%| F|  |TAMS 0x000000009c400000| PB 0x000000009c400000| Untracked |  0
| 453|0x000000009c500000, 0x000000009c500000, 0x000000009c600000|  0%| F|  |TAMS 0x000000009c500000| PB 0x000000009c500000| Untracked |  0
| 454|0x000000009c600000, 0x000000009c600000, 0x000000009c700000|  0%| F|  |TAMS 0x000000009c600000| PB 0x000000009c600000| Untracked |  0
| 455|0x000000009c700000, 0x000000009c800000, 0x000000009c800000|100%| O|Cm|TAMS 0x000000009c700000| PB 0x000000009c700000| Complete |  0
| 456|0x000000009c800000, 0x000000009c900000, 0x000000009c900000|100%| O|Cm|TAMS 0x000000009c800000| PB 0x000000009c800000| Complete |  0
| 457|0x000000009c900000, 0x000000009ca00000, 0x000000009ca00000|100%| O|Cm|TAMS 0x000000009c900000| PB 0x000000009c900000| Complete |  0
| 458|0x000000009ca00000, 0x000000009ca00000, 0x000000009cb00000|  0%| F|  |TAMS 0x000000009ca00000| PB 0x000000009ca00000| Untracked |  0
| 459|0x000000009cb00000, 0x000000009cb00000, 0x000000009cc00000|  0%| F|  |TAMS 0x000000009cb00000| PB 0x000000009cb00000| Untracked |  0
| 460|0x000000009cc00000, 0x000000009cd00000, 0x000000009cd00000|100%| O|Cm|TAMS 0x000000009cc00000| PB 0x000000009cc00000| Complete |  0
| 461|0x000000009cd00000, 0x000000009cd00000, 0x000000009ce00000|  0%| F|  |TAMS 0x000000009cd00000| PB 0x000000009cd00000| Untracked |  0
| 462|0x000000009ce00000, 0x000000009ce00000, 0x000000009cf00000|  0%| F|  |TAMS 0x000000009ce00000| PB 0x000000009ce00000| Untracked |  0
| 463|0x000000009cf00000, 0x000000009d000000, 0x000000009d000000|100%| O|Cm|TAMS 0x000000009cf00000| PB 0x000000009cf00000| Complete |  0
| 464|0x000000009d000000, 0x000000009d100000, 0x000000009d100000|100%| O|Cm|TAMS 0x000000009d000000| PB 0x000000009d000000| Complete |  0
| 465|0x000000009d100000, 0x000000009d100000, 0x000000009d200000|  0%| F|  |TAMS 0x000000009d100000| PB 0x000000009d100000| Untracked |  0
| 466|0x000000009d200000, 0x000000009d300000, 0x000000009d300000|100%| O|Cm|TAMS 0x000000009d200000| PB 0x000000009d200000| Complete |  0
| 467|0x000000009d300000, 0x000000009d400000, 0x000000009d400000|100%| O|Cm|TAMS 0x000000009d300000| PB 0x000000009d300000| Complete |  0
| 468|0x000000009d400000, 0x000000009d500000, 0x000000009d500000|100%| O|Cm|TAMS 0x000000009d400000| PB 0x000000009d400000| Complete |  0
| 469|0x000000009d500000, 0x000000009d600000, 0x000000009d600000|100%| O|Cm|TAMS 0x000000009d500000| PB 0x000000009d500000| Complete |  0
| 470|0x000000009d600000, 0x000000009d600000, 0x000000009d700000|  0%| F|  |TAMS 0x000000009d600000| PB 0x000000009d600000| Untracked |  0
| 471|0x000000009d700000, 0x000000009d700000, 0x000000009d800000|  0%| F|  |TAMS 0x000000009d700000| PB 0x000000009d700000| Untracked |  0
| 472|0x000000009d800000, 0x000000009d800000, 0x000000009d900000|  0%| F|  |TAMS 0x000000009d800000| PB 0x000000009d800000| Untracked |  0
| 473|0x000000009d900000, 0x000000009d900000, 0x000000009da00000|  0%| F|  |TAMS 0x000000009d900000| PB 0x000000009d900000| Untracked |  0
| 474|0x000000009da00000, 0x000000009da00000, 0x000000009db00000|  0%| F|  |TAMS 0x000000009da00000| PB 0x000000009da00000| Untracked |  0
| 475|0x000000009db00000, 0x000000009db00000, 0x000000009dc00000|  0%| F|  |TAMS 0x000000009db00000| PB 0x000000009db00000| Untracked |  0
| 476|0x000000009dc00000, 0x000000009dc00000, 0x000000009dd00000|  0%| F|  |TAMS 0x000000009dc00000| PB 0x000000009dc00000| Untracked |  0
| 477|0x000000009dd00000, 0x000000009dd00000, 0x000000009de00000|  0%| F|  |TAMS 0x000000009dd00000| PB 0x000000009dd00000| Untracked |  0
| 478|0x000000009de00000, 0x000000009de00000, 0x000000009df00000|  0%| F|  |TAMS 0x000000009de00000| PB 0x000000009de00000| Untracked |  0
| 479|0x000000009df00000, 0x000000009df00000, 0x000000009e000000|  0%| F|  |TAMS 0x000000009df00000| PB 0x000000009df00000| Untracked |  0
| 480|0x000000009e000000, 0x000000009e000000, 0x000000009e100000|  0%| F|  |TAMS 0x000000009e000000| PB 0x000000009e000000| Untracked |  0
| 481|0x000000009e100000, 0x000000009e200000, 0x000000009e200000|100%| O|Cm|TAMS 0x000000009e100000| PB 0x000000009e100000| Complete |  0
| 482|0x000000009e200000, 0x000000009e200000, 0x000000009e300000|  0%| F|  |TAMS 0x000000009e200000| PB 0x000000009e200000| Untracked |  0
| 483|0x000000009e300000, 0x000000009e400000, 0x000000009e400000|100%| O|Cm|TAMS 0x000000009e300000| PB 0x000000009e300000| Complete |  0
| 484|0x000000009e400000, 0x000000009e500000, 0x000000009e500000|100%| O|Cm|TAMS 0x000000009e400000| PB 0x000000009e400000| Complete |  0
| 485|0x000000009e500000, 0x000000009e500000, 0x000000009e600000|  0%| F|  |TAMS 0x000000009e500000| PB 0x000000009e500000| Untracked |  0
| 486|0x000000009e600000, 0x000000009e600000, 0x000000009e700000|  0%| F|  |TAMS 0x000000009e600000| PB 0x000000009e600000| Untracked |  0
| 487|0x000000009e700000, 0x000000009e800000, 0x000000009e800000|100%| O|Cm|TAMS 0x000000009e700000| PB 0x000000009e700000| Complete |  0
| 488|0x000000009e800000, 0x000000009e900000, 0x000000009e900000|100%| O|Cm|TAMS 0x000000009e800000| PB 0x000000009e800000| Complete |  0
| 489|0x000000009e900000, 0x000000009ea00000, 0x000000009ea00000|100%| O|Cm|TAMS 0x000000009e900000| PB 0x000000009e900000| Complete |  0
| 490|0x000000009ea00000, 0x000000009eb00000, 0x000000009eb00000|100%| O|Cm|TAMS 0x000000009ea00000| PB 0x000000009ea00000| Complete |  0
| 491|0x000000009eb00000, 0x000000009eb00000, 0x000000009ec00000|  0%| F|  |TAMS 0x000000009eb00000| PB 0x000000009eb00000| Untracked |  0
| 492|0x000000009ec00000, 0x000000009ed00000, 0x000000009ed00000|100%| O|Cm|TAMS 0x000000009ec00000| PB 0x000000009ec00000| Complete |  0
| 493|0x000000009ed00000, 0x000000009ee00000, 0x000000009ee00000|100%| O|Cm|TAMS 0x000000009ed00000| PB 0x000000009ed00000| Complete |  0
| 494|0x000000009ee00000, 0x000000009ee00000, 0x000000009ef00000|  0%| F|  |TAMS 0x000000009ee00000| PB 0x000000009ee00000| Untracked |  0
| 495|0x000000009ef00000, 0x000000009f000000, 0x000000009f000000|100%| O|Cm|TAMS 0x000000009ef00000| PB 0x000000009ef00000| Complete |  0
| 496|0x000000009f000000, 0x000000009f100000, 0x000000009f100000|100%| O|Cm|TAMS 0x000000009f000000| PB 0x000000009f000000| Complete |  0
| 497|0x000000009f100000, 0x000000009f200000, 0x000000009f200000|100%| O|Cm|TAMS 0x000000009f100000| PB 0x000000009f100000| Complete |  0
| 498|0x000000009f200000, 0x000000009f200000, 0x000000009f300000|  0%| F|  |TAMS 0x000000009f200000| PB 0x000000009f200000| Untracked |  0
| 499|0x000000009f300000, 0x000000009f400000, 0x000000009f400000|100%| O|Cm|TAMS 0x000000009f300000| PB 0x000000009f300000| Complete |  0
| 500|0x000000009f400000, 0x000000009f500000, 0x000000009f500000|100%| O|Cm|TAMS 0x000000009f400000| PB 0x000000009f400000| Complete |  0
| 501|0x000000009f500000, 0x000000009f500000, 0x000000009f600000|  0%| F|  |TAMS 0x000000009f500000| PB 0x000000009f500000| Untracked |  0
| 502|0x000000009f600000, 0x000000009f600000, 0x000000009f700000|  0%| F|  |TAMS 0x000000009f600000| PB 0x000000009f600000| Untracked |  0
| 503|0x000000009f700000, 0x000000009f700000, 0x000000009f800000|  0%| F|  |TAMS 0x000000009f700000| PB 0x000000009f700000| Untracked |  0
| 504|0x000000009f800000, 0x000000009f800000, 0x000000009f900000|  0%| F|  |TAMS 0x000000009f800000| PB 0x000000009f800000| Untracked |  0
| 505|0x000000009f900000, 0x000000009fa00000, 0x000000009fa00000|100%| O|Cm|TAMS 0x000000009f900000| PB 0x000000009f900000| Complete |  0
| 506|0x000000009fa00000, 0x000000009fa00000, 0x000000009fb00000|  0%| F|  |TAMS 0x000000009fa00000| PB 0x000000009fa00000| Untracked |  0
| 507|0x000000009fb00000, 0x000000009fb00000, 0x000000009fc00000|  0%| F|  |TAMS 0x000000009fb00000| PB 0x000000009fb00000| Untracked |  0
| 508|0x000000009fc00000, 0x000000009fc00000, 0x000000009fd00000|  0%| F|  |TAMS 0x000000009fc00000| PB 0x000000009fc00000| Untracked |  0
| 509|0x000000009fd00000, 0x000000009fd00000, 0x000000009fe00000|  0%| F|  |TAMS 0x000000009fd00000| PB 0x000000009fd00000| Untracked |  0
| 510|0x000000009fe00000, 0x000000009fe00000, 0x000000009ff00000|  0%| F|  |TAMS 0x000000009fe00000| PB 0x000000009fe00000| Untracked |  0
| 511|0x000000009ff00000, 0x000000009ff00000, 0x00000000a0000000|  0%| F|  |TAMS 0x000000009ff00000| PB 0x000000009ff00000| Untracked |  0
| 512|0x00000000a0000000, 0x00000000a0000000, 0x00000000a0100000|  0%| F|  |TAMS 0x00000000a0000000| PB 0x00000000a0000000| Untracked |  0
| 513|0x00000000a0100000, 0x00000000a0100000, 0x00000000a0200000|  0%| F|  |TAMS 0x00000000a0100000| PB 0x00000000a0100000| Untracked |  0
| 514|0x00000000a0200000, 0x00000000a0200000, 0x00000000a0300000|  0%| F|  |TAMS 0x00000000a0200000| PB 0x00000000a0200000| Untracked |  0
| 515|0x00000000a0300000, 0x00000000a0300000, 0x00000000a0400000|  0%| F|  |TAMS 0x00000000a0300000| PB 0x00000000a0300000| Untracked |  0
| 516|0x00000000a0400000, 0x00000000a0400000, 0x00000000a0500000|  0%| F|  |TAMS 0x00000000a0400000| PB 0x00000000a0400000| Untracked |  0
| 517|0x00000000a0500000, 0x00000000a0500000, 0x00000000a0600000|  0%| F|  |TAMS 0x00000000a0500000| PB 0x00000000a0500000| Untracked |  0
| 518|0x00000000a0600000, 0x00000000a0600000, 0x00000000a0700000|  0%| F|  |TAMS 0x00000000a0600000| PB 0x00000000a0600000| Untracked |  0
| 519|0x00000000a0700000, 0x00000000a0700000, 0x00000000a0800000|  0%| F|  |TAMS 0x00000000a0700000| PB 0x00000000a0700000| Untracked |  0
| 520|0x00000000a0800000, 0x00000000a0800000, 0x00000000a0900000|  0%| F|  |TAMS 0x00000000a0800000| PB 0x00000000a0800000| Untracked |  0
| 521|0x00000000a0900000, 0x00000000a0900000, 0x00000000a0a00000|  0%| F|  |TAMS 0x00000000a0900000| PB 0x00000000a0900000| Untracked |  0
| 522|0x00000000a0a00000, 0x00000000a0a00000, 0x00000000a0b00000|  0%| F|  |TAMS 0x00000000a0a00000| PB 0x00000000a0a00000| Untracked |  0
| 523|0x00000000a0b00000, 0x00000000a0b00000, 0x00000000a0c00000|  0%| F|  |TAMS 0x00000000a0b00000| PB 0x00000000a0b00000| Untracked |  0
| 524|0x00000000a0c00000, 0x00000000a0c00000, 0x00000000a0d00000|  0%| F|  |TAMS 0x00000000a0c00000| PB 0x00000000a0c00000| Untracked |  0
| 525|0x00000000a0d00000, 0x00000000a0d00000, 0x00000000a0e00000|  0%| F|  |TAMS 0x00000000a0d00000| PB 0x00000000a0d00000| Untracked |  0
| 526|0x00000000a0e00000, 0x00000000a0e00000, 0x00000000a0f00000|  0%| F|  |TAMS 0x00000000a0e00000| PB 0x00000000a0e00000| Untracked |  0
| 527|0x00000000a0f00000, 0x00000000a0f00000, 0x00000000a1000000|  0%| F|  |TAMS 0x00000000a0f00000| PB 0x00000000a0f00000| Untracked |  0
| 528|0x00000000a1000000, 0x00000000a1000000, 0x00000000a1100000|  0%| F|  |TAMS 0x00000000a1000000| PB 0x00000000a1000000| Untracked |  0
| 529|0x00000000a1100000, 0x00000000a1100000, 0x00000000a1200000|  0%| F|  |TAMS 0x00000000a1100000| PB 0x00000000a1100000| Untracked |  0
| 530|0x00000000a1200000, 0x00000000a1200000, 0x00000000a1300000|  0%| F|  |TAMS 0x00000000a1200000| PB 0x00000000a1200000| Untracked |  0
| 531|0x00000000a1300000, 0x00000000a1300000, 0x00000000a1400000|  0%| F|  |TAMS 0x00000000a1300000| PB 0x00000000a1300000| Untracked |  0
| 532|0x00000000a1400000, 0x00000000a1400000, 0x00000000a1500000|  0%| F|  |TAMS 0x00000000a1400000| PB 0x00000000a1400000| Untracked |  0
| 533|0x00000000a1500000, 0x00000000a1500000, 0x00000000a1600000|  0%| F|  |TAMS 0x00000000a1500000| PB 0x00000000a1500000| Untracked |  0
| 534|0x00000000a1600000, 0x00000000a1600000, 0x00000000a1700000|  0%| F|  |TAMS 0x00000000a1600000| PB 0x00000000a1600000| Untracked |  0
| 535|0x00000000a1700000, 0x00000000a1700000, 0x00000000a1800000|  0%| F|  |TAMS 0x00000000a1700000| PB 0x00000000a1700000| Untracked |  0
| 536|0x00000000a1800000, 0x00000000a1800000, 0x00000000a1900000|  0%| F|  |TAMS 0x00000000a1800000| PB 0x00000000a1800000| Untracked |  0
| 537|0x00000000a1900000, 0x00000000a1900000, 0x00000000a1a00000|  0%| F|  |TAMS 0x00000000a1900000| PB 0x00000000a1900000| Untracked |  0
| 538|0x00000000a1a00000, 0x00000000a1a00000, 0x00000000a1b00000|  0%| F|  |TAMS 0x00000000a1a00000| PB 0x00000000a1a00000| Untracked |  0
| 539|0x00000000a1b00000, 0x00000000a1b00000, 0x00000000a1c00000|  0%| F|  |TAMS 0x00000000a1b00000| PB 0x00000000a1b00000| Untracked |  0
| 540|0x00000000a1c00000, 0x00000000a1c00000, 0x00000000a1d00000|  0%| F|  |TAMS 0x00000000a1c00000| PB 0x00000000a1c00000| Untracked |  0
| 541|0x00000000a1d00000, 0x00000000a1d00000, 0x00000000a1e00000|  0%| F|  |TAMS 0x00000000a1d00000| PB 0x00000000a1d00000| Untracked |  0
| 542|0x00000000a1e00000, 0x00000000a1e00000, 0x00000000a1f00000|  0%| F|  |TAMS 0x00000000a1e00000| PB 0x00000000a1e00000| Untracked |  0
| 543|0x00000000a1f00000, 0x00000000a1f00000, 0x00000000a2000000|  0%| F|  |TAMS 0x00000000a1f00000| PB 0x00000000a1f00000| Untracked |  0
| 544|0x00000000a2000000, 0x00000000a2000000, 0x00000000a2100000|  0%| F|  |TAMS 0x00000000a2000000| PB 0x00000000a2000000| Untracked |  0
| 545|0x00000000a2100000, 0x00000000a2100000, 0x00000000a2200000|  0%| F|  |TAMS 0x00000000a2100000| PB 0x00000000a2100000| Untracked |  0
| 546|0x00000000a2200000, 0x00000000a2200000, 0x00000000a2300000|  0%| F|  |TAMS 0x00000000a2200000| PB 0x00000000a2200000| Untracked |  0
| 547|0x00000000a2300000, 0x00000000a2300000, 0x00000000a2400000|  0%| F|  |TAMS 0x00000000a2300000| PB 0x00000000a2300000| Untracked |  0
| 548|0x00000000a2400000, 0x00000000a2400000, 0x00000000a2500000|  0%| F|  |TAMS 0x00000000a2400000| PB 0x00000000a2400000| Untracked |  0
| 549|0x00000000a2500000, 0x00000000a2500000, 0x00000000a2600000|  0%| F|  |TAMS 0x00000000a2500000| PB 0x00000000a2500000| Untracked |  0
| 550|0x00000000a2600000, 0x00000000a2600000, 0x00000000a2700000|  0%| F|  |TAMS 0x00000000a2600000| PB 0x00000000a2600000| Untracked |  0
| 551|0x00000000a2700000, 0x00000000a2700000, 0x00000000a2800000|  0%| F|  |TAMS 0x00000000a2700000| PB 0x00000000a2700000| Untracked |  0
| 552|0x00000000a2800000, 0x00000000a2800000, 0x00000000a2900000|  0%| F|  |TAMS 0x00000000a2800000| PB 0x00000000a2800000| Untracked |  0
| 553|0x00000000a2900000, 0x00000000a2900000, 0x00000000a2a00000|  0%| F|  |TAMS 0x00000000a2900000| PB 0x00000000a2900000| Untracked |  0
| 554|0x00000000a2a00000, 0x00000000a2a00000, 0x00000000a2b00000|  0%| F|  |TAMS 0x00000000a2a00000| PB 0x00000000a2a00000| Untracked |  0
| 555|0x00000000a2b00000, 0x00000000a2b00000, 0x00000000a2c00000|  0%| F|  |TAMS 0x00000000a2b00000| PB 0x00000000a2b00000| Untracked |  0
| 556|0x00000000a2c00000, 0x00000000a2c00000, 0x00000000a2d00000|  0%| F|  |TAMS 0x00000000a2c00000| PB 0x00000000a2c00000| Untracked |  0
| 557|0x00000000a2d00000, 0x00000000a2d00000, 0x00000000a2e00000|  0%| F|  |TAMS 0x00000000a2d00000| PB 0x00000000a2d00000| Untracked |  0
| 558|0x00000000a2e00000, 0x00000000a2e00000, 0x00000000a2f00000|  0%| F|  |TAMS 0x00000000a2e00000| PB 0x00000000a2e00000| Untracked |  0
| 559|0x00000000a2f00000, 0x00000000a2f00000, 0x00000000a3000000|  0%| F|  |TAMS 0x00000000a2f00000| PB 0x00000000a2f00000| Untracked |  0
| 560|0x00000000a3000000, 0x00000000a3000000, 0x00000000a3100000|  0%| F|  |TAMS 0x00000000a3000000| PB 0x00000000a3000000| Untracked |  0
| 561|0x00000000a3100000, 0x00000000a3100000, 0x00000000a3200000|  0%| F|  |TAMS 0x00000000a3100000| PB 0x00000000a3100000| Untracked |  0
| 562|0x00000000a3200000, 0x00000000a3200000, 0x00000000a3300000|  0%| F|  |TAMS 0x00000000a3200000| PB 0x00000000a3200000| Untracked |  0
| 563|0x00000000a3300000, 0x00000000a3300000, 0x00000000a3400000|  0%| F|  |TAMS 0x00000000a3300000| PB 0x00000000a3300000| Untracked |  0
| 564|0x00000000a3400000, 0x00000000a3400000, 0x00000000a3500000|  0%| F|  |TAMS 0x00000000a3400000| PB 0x00000000a3400000| Untracked |  0
| 565|0x00000000a3500000, 0x00000000a3500000, 0x00000000a3600000|  0%| F|  |TAMS 0x00000000a3500000| PB 0x00000000a3500000| Untracked |  0
| 566|0x00000000a3600000, 0x00000000a3600000, 0x00000000a3700000|  0%| F|  |TAMS 0x00000000a3600000| PB 0x00000000a3600000| Untracked |  0
| 567|0x00000000a3700000, 0x00000000a3700000, 0x00000000a3800000|  0%| F|  |TAMS 0x00000000a3700000| PB 0x00000000a3700000| Untracked |  0
| 568|0x00000000a3800000, 0x00000000a3800000, 0x00000000a3900000|  0%| F|  |TAMS 0x00000000a3800000| PB 0x00000000a3800000| Untracked |  0
| 569|0x00000000a3900000, 0x00000000a3900000, 0x00000000a3a00000|  0%| F|  |TAMS 0x00000000a3900000| PB 0x00000000a3900000| Untracked |  0
| 570|0x00000000a3a00000, 0x00000000a3a00000, 0x00000000a3b00000|  0%| F|  |TAMS 0x00000000a3a00000| PB 0x00000000a3a00000| Untracked |  0
| 571|0x00000000a3b00000, 0x00000000a3b00000, 0x00000000a3c00000|  0%| F|  |TAMS 0x00000000a3b00000| PB 0x00000000a3b00000| Untracked |  0
| 572|0x00000000a3c00000, 0x00000000a3c00000, 0x00000000a3d00000|  0%| F|  |TAMS 0x00000000a3c00000| PB 0x00000000a3c00000| Untracked |  0
| 573|0x00000000a3d00000, 0x00000000a3d00000, 0x00000000a3e00000|  0%| F|  |TAMS 0x00000000a3d00000| PB 0x00000000a3d00000| Untracked |  0
| 574|0x00000000a3e00000, 0x00000000a3e00000, 0x00000000a3f00000|  0%| F|  |TAMS 0x00000000a3e00000| PB 0x00000000a3e00000| Untracked |  0
| 575|0x00000000a3f00000, 0x00000000a3f00000, 0x00000000a4000000|  0%| F|  |TAMS 0x00000000a3f00000| PB 0x00000000a3f00000| Untracked |  0
| 576|0x00000000a4000000, 0x00000000a4000000, 0x00000000a4100000|  0%| F|  |TAMS 0x00000000a4000000| PB 0x00000000a4000000| Untracked |  0
| 577|0x00000000a4100000, 0x00000000a4100000, 0x00000000a4200000|  0%| F|  |TAMS 0x00000000a4100000| PB 0x00000000a4100000| Untracked |  0
| 578|0x00000000a4200000, 0x00000000a4200000, 0x00000000a4300000|  0%| F|  |TAMS 0x00000000a4200000| PB 0x00000000a4200000| Untracked |  0
| 579|0x00000000a4300000, 0x00000000a4300000, 0x00000000a4400000|  0%| F|  |TAMS 0x00000000a4300000| PB 0x00000000a4300000| Untracked |  0
| 580|0x00000000a4400000, 0x00000000a4400000, 0x00000000a4500000|  0%| F|  |TAMS 0x00000000a4400000| PB 0x00000000a4400000| Untracked |  0
| 581|0x00000000a4500000, 0x00000000a4500000, 0x00000000a4600000|  0%| F|  |TAMS 0x00000000a4500000| PB 0x00000000a4500000| Untracked |  0
| 582|0x00000000a4600000, 0x00000000a4600000, 0x00000000a4700000|  0%| F|  |TAMS 0x00000000a4600000| PB 0x00000000a4600000| Untracked |  0
| 583|0x00000000a4700000, 0x00000000a4700000, 0x00000000a4800000|  0%| F|  |TAMS 0x00000000a4700000| PB 0x00000000a4700000| Untracked |  0
| 584|0x00000000a4800000, 0x00000000a4800000, 0x00000000a4900000|  0%| F|  |TAMS 0x00000000a4800000| PB 0x00000000a4800000| Untracked |  0
| 585|0x00000000a4900000, 0x00000000a4900000, 0x00000000a4a00000|  0%| F|  |TAMS 0x00000000a4900000| PB 0x00000000a4900000| Untracked |  0
| 586|0x00000000a4a00000, 0x00000000a4a00000, 0x00000000a4b00000|  0%| F|  |TAMS 0x00000000a4a00000| PB 0x00000000a4a00000| Untracked |  0
| 587|0x00000000a4b00000, 0x00000000a4b00000, 0x00000000a4c00000|  0%| F|  |TAMS 0x00000000a4b00000| PB 0x00000000a4b00000| Untracked |  0
| 588|0x00000000a4c00000, 0x00000000a4c00000, 0x00000000a4d00000|  0%| F|  |TAMS 0x00000000a4c00000| PB 0x00000000a4c00000| Untracked |  0
| 589|0x00000000a4d00000, 0x00000000a4d00000, 0x00000000a4e00000|  0%| F|  |TAMS 0x00000000a4d00000| PB 0x00000000a4d00000| Untracked |  0
| 590|0x00000000a4e00000, 0x00000000a4e00000, 0x00000000a4f00000|  0%| F|  |TAMS 0x00000000a4e00000| PB 0x00000000a4e00000| Untracked |  0
| 591|0x00000000a4f00000, 0x00000000a4f00000, 0x00000000a5000000|  0%| F|  |TAMS 0x00000000a4f00000| PB 0x00000000a4f00000| Untracked |  0
| 592|0x00000000a5000000, 0x00000000a5000000, 0x00000000a5100000|  0%| F|  |TAMS 0x00000000a5000000| PB 0x00000000a5000000| Untracked |  0
| 593|0x00000000a5100000, 0x00000000a5100000, 0x00000000a5200000|  0%| F|  |TAMS 0x00000000a5100000| PB 0x00000000a5100000| Untracked |  0
| 594|0x00000000a5200000, 0x00000000a5200000, 0x00000000a5300000|  0%| F|  |TAMS 0x00000000a5200000| PB 0x00000000a5200000| Untracked |  0
| 595|0x00000000a5300000, 0x00000000a5300000, 0x00000000a5400000|  0%| F|  |TAMS 0x00000000a5300000| PB 0x00000000a5300000| Untracked |  0
| 596|0x00000000a5400000, 0x00000000a5400000, 0x00000000a5500000|  0%| F|  |TAMS 0x00000000a5400000| PB 0x00000000a5400000| Untracked |  0
| 597|0x00000000a5500000, 0x00000000a5500000, 0x00000000a5600000|  0%| F|  |TAMS 0x00000000a5500000| PB 0x00000000a5500000| Untracked |  0
| 598|0x00000000a5600000, 0x00000000a5600000, 0x00000000a5700000|  0%| F|  |TAMS 0x00000000a5600000| PB 0x00000000a5600000| Untracked |  0
| 599|0x00000000a5700000, 0x00000000a5700000, 0x00000000a5800000|  0%| F|  |TAMS 0x00000000a5700000| PB 0x00000000a5700000| Untracked |  0
| 600|0x00000000a5800000, 0x00000000a5800000, 0x00000000a5900000|  0%| F|  |TAMS 0x00000000a5800000| PB 0x00000000a5800000| Untracked |  0
| 601|0x00000000a5900000, 0x00000000a5900000, 0x00000000a5a00000|  0%| F|  |TAMS 0x00000000a5900000| PB 0x00000000a5900000| Untracked |  0
| 602|0x00000000a5a00000, 0x00000000a5a00000, 0x00000000a5b00000|  0%| F|  |TAMS 0x00000000a5a00000| PB 0x00000000a5a00000| Untracked |  0
| 603|0x00000000a5b00000, 0x00000000a5b00000, 0x00000000a5c00000|  0%| F|  |TAMS 0x00000000a5b00000| PB 0x00000000a5b00000| Untracked |  0
| 604|0x00000000a5c00000, 0x00000000a5c00000, 0x00000000a5d00000|  0%| F|  |TAMS 0x00000000a5c00000| PB 0x00000000a5c00000| Untracked |  0
| 605|0x00000000a5d00000, 0x00000000a5d00000, 0x00000000a5e00000|  0%| F|  |TAMS 0x00000000a5d00000| PB 0x00000000a5d00000| Untracked |  0
| 606|0x00000000a5e00000, 0x00000000a5e00000, 0x00000000a5f00000|  0%| F|  |TAMS 0x00000000a5e00000| PB 0x00000000a5e00000| Untracked |  0
| 607|0x00000000a5f00000, 0x00000000a5f00000, 0x00000000a6000000|  0%| F|  |TAMS 0x00000000a5f00000| PB 0x00000000a5f00000| Untracked |  0
| 608|0x00000000a6000000, 0x00000000a6000000, 0x00000000a6100000|  0%| F|  |TAMS 0x00000000a6000000| PB 0x00000000a6000000| Untracked |  0
| 609|0x00000000a6100000, 0x00000000a6100000, 0x00000000a6200000|  0%| F|  |TAMS 0x00000000a6100000| PB 0x00000000a6100000| Untracked |  0
| 610|0x00000000a6200000, 0x00000000a6200000, 0x00000000a6300000|  0%| F|  |TAMS 0x00000000a6200000| PB 0x00000000a6200000| Untracked |  0
| 611|0x00000000a6300000, 0x00000000a6300000, 0x00000000a6400000|  0%| F|  |TAMS 0x00000000a6300000| PB 0x00000000a6300000| Untracked |  0
| 612|0x00000000a6400000, 0x00000000a6400000, 0x00000000a6500000|  0%| F|  |TAMS 0x00000000a6400000| PB 0x00000000a6400000| Untracked |  0
| 613|0x00000000a6500000, 0x00000000a6500000, 0x00000000a6600000|  0%| F|  |TAMS 0x00000000a6500000| PB 0x00000000a6500000| Untracked |  0
| 614|0x00000000a6600000, 0x00000000a6600000, 0x00000000a6700000|  0%| F|  |TAMS 0x00000000a6600000| PB 0x00000000a6600000| Untracked |  0
| 615|0x00000000a6700000, 0x00000000a6700000, 0x00000000a6800000|  0%| F|  |TAMS 0x00000000a6700000| PB 0x00000000a6700000| Untracked |  0
| 616|0x00000000a6800000, 0x00000000a6800000, 0x00000000a6900000|  0%| F|  |TAMS 0x00000000a6800000| PB 0x00000000a6800000| Untracked |  0
| 617|0x00000000a6900000, 0x00000000a6900000, 0x00000000a6a00000|  0%| F|  |TAMS 0x00000000a6900000| PB 0x00000000a6900000| Untracked |  0
| 618|0x00000000a6a00000, 0x00000000a6a00000, 0x00000000a6b00000|  0%| F|  |TAMS 0x00000000a6a00000| PB 0x00000000a6a00000| Untracked |  0
| 619|0x00000000a6b00000, 0x00000000a6b00000, 0x00000000a6c00000|  0%| F|  |TAMS 0x00000000a6b00000| PB 0x00000000a6b00000| Untracked |  0
| 620|0x00000000a6c00000, 0x00000000a6c00000, 0x00000000a6d00000|  0%| F|  |TAMS 0x00000000a6c00000| PB 0x00000000a6c00000| Untracked |  0
| 621|0x00000000a6d00000, 0x00000000a6d00000, 0x00000000a6e00000|  0%| F|  |TAMS 0x00000000a6d00000| PB 0x00000000a6d00000| Untracked |  0
| 622|0x00000000a6e00000, 0x00000000a6e00000, 0x00000000a6f00000|  0%| F|  |TAMS 0x00000000a6e00000| PB 0x00000000a6e00000| Untracked |  0
| 623|0x00000000a6f00000, 0x00000000a6f00000, 0x00000000a7000000|  0%| F|  |TAMS 0x00000000a6f00000| PB 0x00000000a6f00000| Untracked |  0
| 624|0x00000000a7000000, 0x00000000a7000000, 0x00000000a7100000|  0%| F|  |TAMS 0x00000000a7000000| PB 0x00000000a7000000| Untracked |  0
| 625|0x00000000a7100000, 0x00000000a7100000, 0x00000000a7200000|  0%| F|  |TAMS 0x00000000a7100000| PB 0x00000000a7100000| Untracked |  0
| 626|0x00000000a7200000, 0x00000000a7200000, 0x00000000a7300000|  0%| F|  |TAMS 0x00000000a7200000| PB 0x00000000a7200000| Untracked |  0
| 627|0x00000000a7300000, 0x00000000a7300000, 0x00000000a7400000|  0%| F|  |TAMS 0x00000000a7300000| PB 0x00000000a7300000| Untracked |  0
| 628|0x00000000a7400000, 0x00000000a7400000, 0x00000000a7500000|  0%| F|  |TAMS 0x00000000a7400000| PB 0x00000000a7400000| Untracked |  0
| 629|0x00000000a7500000, 0x00000000a7500000, 0x00000000a7600000|  0%| F|  |TAMS 0x00000000a7500000| PB 0x00000000a7500000| Untracked |  0
| 630|0x00000000a7600000, 0x00000000a7600000, 0x00000000a7700000|  0%| F|  |TAMS 0x00000000a7600000| PB 0x00000000a7600000| Untracked |  0
| 631|0x00000000a7700000, 0x00000000a7700000, 0x00000000a7800000|  0%| F|  |TAMS 0x00000000a7700000| PB 0x00000000a7700000| Untracked |  0
| 632|0x00000000a7800000, 0x00000000a7800000, 0x00000000a7900000|  0%| F|  |TAMS 0x00000000a7800000| PB 0x00000000a7800000| Untracked |  0
| 633|0x00000000a7900000, 0x00000000a7900000, 0x00000000a7a00000|  0%| F|  |TAMS 0x00000000a7900000| PB 0x00000000a7900000| Untracked |  0
| 634|0x00000000a7a00000, 0x00000000a7a00000, 0x00000000a7b00000|  0%| F|  |TAMS 0x00000000a7a00000| PB 0x00000000a7a00000| Untracked |  0
| 635|0x00000000a7b00000, 0x00000000a7b00000, 0x00000000a7c00000|  0%| F|  |TAMS 0x00000000a7b00000| PB 0x00000000a7b00000| Untracked |  0
| 636|0x00000000a7c00000, 0x00000000a7c00000, 0x00000000a7d00000|  0%| F|  |TAMS 0x00000000a7c00000| PB 0x00000000a7c00000| Untracked |  0
| 637|0x00000000a7d00000, 0x00000000a7d00000, 0x00000000a7e00000|  0%| F|  |TAMS 0x00000000a7d00000| PB 0x00000000a7d00000| Untracked |  0
| 638|0x00000000a7e00000, 0x00000000a7e00000, 0x00000000a7f00000|  0%| F|  |TAMS 0x00000000a7e00000| PB 0x00000000a7e00000| Untracked |  0
| 639|0x00000000a7f00000, 0x00000000a7f00000, 0x00000000a8000000|  0%| F|  |TAMS 0x00000000a7f00000| PB 0x00000000a7f00000| Untracked |  0
| 640|0x00000000a8000000, 0x00000000a8000000, 0x00000000a8100000|  0%| F|  |TAMS 0x00000000a8000000| PB 0x00000000a8000000| Untracked |  0
| 641|0x00000000a8100000, 0x00000000a8100000, 0x00000000a8200000|  0%| F|  |TAMS 0x00000000a8100000| PB 0x00000000a8100000| Untracked |  0
| 642|0x00000000a8200000, 0x00000000a8200000, 0x00000000a8300000|  0%| F|  |TAMS 0x00000000a8200000| PB 0x00000000a8200000| Untracked |  0
| 643|0x00000000a8300000, 0x00000000a8300000, 0x00000000a8400000|  0%| F|  |TAMS 0x00000000a8300000| PB 0x00000000a8300000| Untracked |  0
| 644|0x00000000a8400000, 0x00000000a8400000, 0x00000000a8500000|  0%| F|  |TAMS 0x00000000a8400000| PB 0x00000000a8400000| Untracked |  0
| 645|0x00000000a8500000, 0x00000000a8500000, 0x00000000a8600000|  0%| F|  |TAMS 0x00000000a8500000| PB 0x00000000a8500000| Untracked |  0
| 646|0x00000000a8600000, 0x00000000a8600000, 0x00000000a8700000|  0%| F|  |TAMS 0x00000000a8600000| PB 0x00000000a8600000| Untracked |  0
| 647|0x00000000a8700000, 0x00000000a8700000, 0x00000000a8800000|  0%| F|  |TAMS 0x00000000a8700000| PB 0x00000000a8700000| Untracked |  0
| 648|0x00000000a8800000, 0x00000000a8800000, 0x00000000a8900000|  0%| F|  |TAMS 0x00000000a8800000| PB 0x00000000a8800000| Untracked |  0
| 649|0x00000000a8900000, 0x00000000a8900000, 0x00000000a8a00000|  0%| F|  |TAMS 0x00000000a8900000| PB 0x00000000a8900000| Untracked |  0
| 650|0x00000000a8a00000, 0x00000000a8a00000, 0x00000000a8b00000|  0%| F|  |TAMS 0x00000000a8a00000| PB 0x00000000a8a00000| Untracked |  0
| 651|0x00000000a8b00000, 0x00000000a8b00000, 0x00000000a8c00000|  0%| F|  |TAMS 0x00000000a8b00000| PB 0x00000000a8b00000| Untracked |  0
| 652|0x00000000a8c00000, 0x00000000a8c00000, 0x00000000a8d00000|  0%| F|  |TAMS 0x00000000a8c00000| PB 0x00000000a8c00000| Untracked |  0
| 653|0x00000000a8d00000, 0x00000000a8d00000, 0x00000000a8e00000|  0%| F|  |TAMS 0x00000000a8d00000| PB 0x00000000a8d00000| Untracked |  0
| 654|0x00000000a8e00000, 0x00000000a8e00000, 0x00000000a8f00000|  0%| F|  |TAMS 0x00000000a8e00000| PB 0x00000000a8e00000| Untracked |  0
| 655|0x00000000a8f00000, 0x00000000a8f00000, 0x00000000a9000000|  0%| F|  |TAMS 0x00000000a8f00000| PB 0x00000000a8f00000| Untracked |  0
| 656|0x00000000a9000000, 0x00000000a9000000, 0x00000000a9100000|  0%| F|  |TAMS 0x00000000a9000000| PB 0x00000000a9000000| Untracked |  0
| 657|0x00000000a9100000, 0x00000000a9100000, 0x00000000a9200000|  0%| F|  |TAMS 0x00000000a9100000| PB 0x00000000a9100000| Untracked |  0
| 658|0x00000000a9200000, 0x00000000a9200000, 0x00000000a9300000|  0%| F|  |TAMS 0x00000000a9200000| PB 0x00000000a9200000| Untracked |  0
| 659|0x00000000a9300000, 0x00000000a9300000, 0x00000000a9400000|  0%| F|  |TAMS 0x00000000a9300000| PB 0x00000000a9300000| Untracked |  0
| 660|0x00000000a9400000, 0x00000000a9400000, 0x00000000a9500000|  0%| F|  |TAMS 0x00000000a9400000| PB 0x00000000a9400000| Untracked |  0
| 661|0x00000000a9500000, 0x00000000a9500000, 0x00000000a9600000|  0%| F|  |TAMS 0x00000000a9500000| PB 0x00000000a9500000| Untracked |  0
| 662|0x00000000a9600000, 0x00000000a9600000, 0x00000000a9700000|  0%| F|  |TAMS 0x00000000a9600000| PB 0x00000000a9600000| Untracked |  0
| 663|0x00000000a9700000, 0x00000000a9700000, 0x00000000a9800000|  0%| F|  |TAMS 0x00000000a9700000| PB 0x00000000a9700000| Untracked |  0
| 664|0x00000000a9800000, 0x00000000a9800000, 0x00000000a9900000|  0%| F|  |TAMS 0x00000000a9800000| PB 0x00000000a9800000| Untracked |  0
| 665|0x00000000a9900000, 0x00000000a9900000, 0x00000000a9a00000|  0%| F|  |TAMS 0x00000000a9900000| PB 0x00000000a9900000| Untracked |  0
| 666|0x00000000a9a00000, 0x00000000a9a00000, 0x00000000a9b00000|  0%| F|  |TAMS 0x00000000a9a00000| PB 0x00000000a9a00000| Untracked |  0
| 667|0x00000000a9b00000, 0x00000000a9b00000, 0x00000000a9c00000|  0%| F|  |TAMS 0x00000000a9b00000| PB 0x00000000a9b00000| Untracked |  0
| 668|0x00000000a9c00000, 0x00000000a9c00000, 0x00000000a9d00000|  0%| F|  |TAMS 0x00000000a9c00000| PB 0x00000000a9c00000| Untracked |  0
| 669|0x00000000a9d00000, 0x00000000a9d00000, 0x00000000a9e00000|  0%| F|  |TAMS 0x00000000a9d00000| PB 0x00000000a9d00000| Untracked |  0
| 670|0x00000000a9e00000, 0x00000000a9e00000, 0x00000000a9f00000|  0%| F|  |TAMS 0x00000000a9e00000| PB 0x00000000a9e00000| Untracked |  0
| 671|0x00000000a9f00000, 0x00000000a9f00000, 0x00000000aa000000|  0%| F|  |TAMS 0x00000000a9f00000| PB 0x00000000a9f00000| Untracked |  0
| 672|0x00000000aa000000, 0x00000000aa000000, 0x00000000aa100000|  0%| F|  |TAMS 0x00000000aa000000| PB 0x00000000aa000000| Untracked |  0
| 673|0x00000000aa100000, 0x00000000aa100000, 0x00000000aa200000|  0%| F|  |TAMS 0x00000000aa100000| PB 0x00000000aa100000| Untracked |  0
| 674|0x00000000aa200000, 0x00000000aa200000, 0x00000000aa300000|  0%| F|  |TAMS 0x00000000aa200000| PB 0x00000000aa200000| Untracked |  0
| 675|0x00000000aa300000, 0x00000000aa300000, 0x00000000aa400000|  0%| F|  |TAMS 0x00000000aa300000| PB 0x00000000aa300000| Untracked |  0
| 676|0x00000000aa400000, 0x00000000aa400000, 0x00000000aa500000|  0%| F|  |TAMS 0x00000000aa400000| PB 0x00000000aa400000| Untracked |  0
| 677|0x00000000aa500000, 0x00000000aa500000, 0x00000000aa600000|  0%| F|  |TAMS 0x00000000aa500000| PB 0x00000000aa500000| Untracked |  0
| 678|0x00000000aa600000, 0x00000000aa600000, 0x00000000aa700000|  0%| F|  |TAMS 0x00000000aa600000| PB 0x00000000aa600000| Untracked |  0
| 679|0x00000000aa700000, 0x00000000aa700000, 0x00000000aa800000|  0%| F|  |TAMS 0x00000000aa700000| PB 0x00000000aa700000| Untracked |  0
| 680|0x00000000aa800000, 0x00000000aa800000, 0x00000000aa900000|  0%| F|  |TAMS 0x00000000aa800000| PB 0x00000000aa800000| Untracked |  0
| 681|0x00000000aa900000, 0x00000000aa900000, 0x00000000aaa00000|  0%| F|  |TAMS 0x00000000aa900000| PB 0x00000000aa900000| Untracked |  0
| 682|0x00000000aaa00000, 0x00000000aaa00000, 0x00000000aab00000|  0%| F|  |TAMS 0x00000000aaa00000| PB 0x00000000aaa00000| Untracked |  0
| 683|0x00000000aab00000, 0x00000000aab00000, 0x00000000aac00000|  0%| F|  |TAMS 0x00000000aab00000| PB 0x00000000aab00000| Untracked |  0
| 684|0x00000000aac00000, 0x00000000aac00000, 0x00000000aad00000|  0%| F|  |TAMS 0x00000000aac00000| PB 0x00000000aac00000| Untracked |  0
| 685|0x00000000aad00000, 0x00000000aad00000, 0x00000000aae00000|  0%| F|  |TAMS 0x00000000aad00000| PB 0x00000000aad00000| Untracked |  0
| 686|0x00000000aae00000, 0x00000000aae00000, 0x00000000aaf00000|  0%| F|  |TAMS 0x00000000aae00000| PB 0x00000000aae00000| Untracked |  0
| 687|0x00000000aaf00000, 0x00000000aaf00000, 0x00000000ab000000|  0%| F|  |TAMS 0x00000000aaf00000| PB 0x00000000aaf00000| Untracked |  0
| 688|0x00000000ab000000, 0x00000000ab000000, 0x00000000ab100000|  0%| F|  |TAMS 0x00000000ab000000| PB 0x00000000ab000000| Untracked |  0
| 689|0x00000000ab100000, 0x00000000ab100000, 0x00000000ab200000|  0%| F|  |TAMS 0x00000000ab100000| PB 0x00000000ab100000| Untracked |  0
| 690|0x00000000ab200000, 0x00000000ab200000, 0x00000000ab300000|  0%| F|  |TAMS 0x00000000ab200000| PB 0x00000000ab200000| Untracked |  0
| 691|0x00000000ab300000, 0x00000000ab300000, 0x00000000ab400000|  0%| F|  |TAMS 0x00000000ab300000| PB 0x00000000ab300000| Untracked |  0
| 692|0x00000000ab400000, 0x00000000ab400000, 0x00000000ab500000|  0%| F|  |TAMS 0x00000000ab400000| PB 0x00000000ab400000| Untracked |  0
| 693|0x00000000ab500000, 0x00000000ab500000, 0x00000000ab600000|  0%| F|  |TAMS 0x00000000ab500000| PB 0x00000000ab500000| Untracked |  0
| 694|0x00000000ab600000, 0x00000000ab600000, 0x00000000ab700000|  0%| F|  |TAMS 0x00000000ab600000| PB 0x00000000ab600000| Untracked |  0
| 695|0x00000000ab700000, 0x00000000ab700000, 0x00000000ab800000|  0%| F|  |TAMS 0x00000000ab700000| PB 0x00000000ab700000| Untracked |  0
| 696|0x00000000ab800000, 0x00000000ab800000, 0x00000000ab900000|  0%| F|  |TAMS 0x00000000ab800000| PB 0x00000000ab800000| Untracked |  0
| 697|0x00000000ab900000, 0x00000000ab900000, 0x00000000aba00000|  0%| F|  |TAMS 0x00000000ab900000| PB 0x00000000ab900000| Untracked |  0
| 698|0x00000000aba00000, 0x00000000aba00000, 0x00000000abb00000|  0%| F|  |TAMS 0x00000000aba00000| PB 0x00000000aba00000| Untracked |  0
| 699|0x00000000abb00000, 0x00000000abb00000, 0x00000000abc00000|  0%| F|  |TAMS 0x00000000abb00000| PB 0x00000000abb00000| Untracked |  0
| 700|0x00000000abc00000, 0x00000000abc00000, 0x00000000abd00000|  0%| F|  |TAMS 0x00000000abc00000| PB 0x00000000abc00000| Untracked |  0
| 701|0x00000000abd00000, 0x00000000abd00000, 0x00000000abe00000|  0%| F|  |TAMS 0x00000000abd00000| PB 0x00000000abd00000| Untracked |  0
| 702|0x00000000abe00000, 0x00000000abe00000, 0x00000000abf00000|  0%| F|  |TAMS 0x00000000abe00000| PB 0x00000000abe00000| Untracked |  0
| 703|0x00000000abf00000, 0x00000000abf00000, 0x00000000ac000000|  0%| F|  |TAMS 0x00000000abf00000| PB 0x00000000abf00000| Untracked |  0
| 704|0x00000000ac000000, 0x00000000ac000000, 0x00000000ac100000|  0%| F|  |TAMS 0x00000000ac000000| PB 0x00000000ac000000| Untracked |  0
| 705|0x00000000ac100000, 0x00000000ac100000, 0x00000000ac200000|  0%| F|  |TAMS 0x00000000ac100000| PB 0x00000000ac100000| Untracked |  0
| 706|0x00000000ac200000, 0x00000000ac200000, 0x00000000ac300000|  0%| F|  |TAMS 0x00000000ac200000| PB 0x00000000ac200000| Untracked |  0
| 707|0x00000000ac300000, 0x00000000ac300000, 0x00000000ac400000|  0%| F|  |TAMS 0x00000000ac300000| PB 0x00000000ac300000| Untracked |  0
| 708|0x00000000ac400000, 0x00000000ac400000, 0x00000000ac500000|  0%| F|  |TAMS 0x00000000ac400000| PB 0x00000000ac400000| Untracked |  0
| 709|0x00000000ac500000, 0x00000000ac500000, 0x00000000ac600000|  0%| F|  |TAMS 0x00000000ac500000| PB 0x00000000ac500000| Untracked |  0
| 710|0x00000000ac600000, 0x00000000ac600000, 0x00000000ac700000|  0%| F|  |TAMS 0x00000000ac600000| PB 0x00000000ac600000| Untracked |  0
| 711|0x00000000ac700000, 0x00000000ac700000, 0x00000000ac800000|  0%| F|  |TAMS 0x00000000ac700000| PB 0x00000000ac700000| Untracked |  0
| 712|0x00000000ac800000, 0x00000000ac800000, 0x00000000ac900000|  0%| F|  |TAMS 0x00000000ac800000| PB 0x00000000ac800000| Untracked |  0
| 713|0x00000000ac900000, 0x00000000ac900000, 0x00000000aca00000|  0%| F|  |TAMS 0x00000000ac900000| PB 0x00000000ac900000| Untracked |  0
| 714|0x00000000aca00000, 0x00000000aca00000, 0x00000000acb00000|  0%| F|  |TAMS 0x00000000aca00000| PB 0x00000000aca00000| Untracked |  0
| 715|0x00000000acb00000, 0x00000000acb00000, 0x00000000acc00000|  0%| F|  |TAMS 0x00000000acb00000| PB 0x00000000acb00000| Untracked |  0
| 716|0x00000000acc00000, 0x00000000acc00000, 0x00000000acd00000|  0%| F|  |TAMS 0x00000000acc00000| PB 0x00000000acc00000| Untracked |  0
| 717|0x00000000acd00000, 0x00000000acd00000, 0x00000000ace00000|  0%| F|  |TAMS 0x00000000acd00000| PB 0x00000000acd00000| Untracked |  0
| 718|0x00000000ace00000, 0x00000000ace00000, 0x00000000acf00000|  0%| F|  |TAMS 0x00000000ace00000| PB 0x00000000ace00000| Untracked |  0
| 719|0x00000000acf00000, 0x00000000acf00000, 0x00000000ad000000|  0%| F|  |TAMS 0x00000000acf00000| PB 0x00000000acf00000| Untracked |  0
| 720|0x00000000ad000000, 0x00000000ad000000, 0x00000000ad100000|  0%| F|  |TAMS 0x00000000ad000000| PB 0x00000000ad000000| Untracked |  0
| 721|0x00000000ad100000, 0x00000000ad100000, 0x00000000ad200000|  0%| F|  |TAMS 0x00000000ad100000| PB 0x00000000ad100000| Untracked |  0
| 722|0x00000000ad200000, 0x00000000ad200000, 0x00000000ad300000|  0%| F|  |TAMS 0x00000000ad200000| PB 0x00000000ad200000| Untracked |  0
| 723|0x00000000ad300000, 0x00000000ad300000, 0x00000000ad400000|  0%| F|  |TAMS 0x00000000ad300000| PB 0x00000000ad300000| Untracked |  0
| 724|0x00000000ad400000, 0x00000000ad400000, 0x00000000ad500000|  0%| F|  |TAMS 0x00000000ad400000| PB 0x00000000ad400000| Untracked |  0
| 725|0x00000000ad500000, 0x00000000ad500000, 0x00000000ad600000|  0%| F|  |TAMS 0x00000000ad500000| PB 0x00000000ad500000| Untracked |  0
| 726|0x00000000ad600000, 0x00000000ad600000, 0x00000000ad700000|  0%| F|  |TAMS 0x00000000ad600000| PB 0x00000000ad600000| Untracked |  0
| 727|0x00000000ad700000, 0x00000000ad700000, 0x00000000ad800000|  0%| F|  |TAMS 0x00000000ad700000| PB 0x00000000ad700000| Untracked |  0
| 728|0x00000000ad800000, 0x00000000ad800000, 0x00000000ad900000|  0%| F|  |TAMS 0x00000000ad800000| PB 0x00000000ad800000| Untracked |  0
| 729|0x00000000ad900000, 0x00000000ad900000, 0x00000000ada00000|  0%| F|  |TAMS 0x00000000ad900000| PB 0x00000000ad900000| Untracked |  0
| 730|0x00000000ada00000, 0x00000000ada00000, 0x00000000adb00000|  0%| F|  |TAMS 0x00000000ada00000| PB 0x00000000ada00000| Untracked |  0
| 731|0x00000000adb00000, 0x00000000adb00000, 0x00000000adc00000|  0%| F|  |TAMS 0x00000000adb00000| PB 0x00000000adb00000| Untracked |  0
| 732|0x00000000adc00000, 0x00000000adc00000, 0x00000000add00000|  0%| F|  |TAMS 0x00000000adc00000| PB 0x00000000adc00000| Untracked |  0
| 733|0x00000000add00000, 0x00000000add00000, 0x00000000ade00000|  0%| F|  |TAMS 0x00000000add00000| PB 0x00000000add00000| Untracked |  0
| 734|0x00000000ade00000, 0x00000000ade00000, 0x00000000adf00000|  0%| F|  |TAMS 0x00000000ade00000| PB 0x00000000ade00000| Untracked |  0
| 735|0x00000000adf00000, 0x00000000adf00000, 0x00000000ae000000|  0%| F|  |TAMS 0x00000000adf00000| PB 0x00000000adf00000| Untracked |  0
| 736|0x00000000ae000000, 0x00000000ae000000, 0x00000000ae100000|  0%| F|  |TAMS 0x00000000ae000000| PB 0x00000000ae000000| Untracked |  0
| 737|0x00000000ae100000, 0x00000000ae100000, 0x00000000ae200000|  0%| F|  |TAMS 0x00000000ae100000| PB 0x00000000ae100000| Untracked |  0
| 738|0x00000000ae200000, 0x00000000ae200000, 0x00000000ae300000|  0%| F|  |TAMS 0x00000000ae200000| PB 0x00000000ae200000| Untracked |  0
| 739|0x00000000ae300000, 0x00000000ae300000, 0x00000000ae400000|  0%| F|  |TAMS 0x00000000ae300000| PB 0x00000000ae300000| Untracked |  0
| 740|0x00000000ae400000, 0x00000000ae400000, 0x00000000ae500000|  0%| F|  |TAMS 0x00000000ae400000| PB 0x00000000ae400000| Untracked |  0
| 741|0x00000000ae500000, 0x00000000ae500000, 0x00000000ae600000|  0%| F|  |TAMS 0x00000000ae500000| PB 0x00000000ae500000| Untracked |  0
| 742|0x00000000ae600000, 0x00000000ae600000, 0x00000000ae700000|  0%| F|  |TAMS 0x00000000ae600000| PB 0x00000000ae600000| Untracked |  0
| 743|0x00000000ae700000, 0x00000000ae700000, 0x00000000ae800000|  0%| F|  |TAMS 0x00000000ae700000| PB 0x00000000ae700000| Untracked |  0
| 744|0x00000000ae800000, 0x00000000ae800000, 0x00000000ae900000|  0%| F|  |TAMS 0x00000000ae800000| PB 0x00000000ae800000| Untracked |  0
| 745|0x00000000ae900000, 0x00000000ae900000, 0x00000000aea00000|  0%| F|  |TAMS 0x00000000ae900000| PB 0x00000000ae900000| Untracked |  0
| 746|0x00000000aea00000, 0x00000000aea00000, 0x00000000aeb00000|  0%| F|  |TAMS 0x00000000aea00000| PB 0x00000000aea00000| Untracked |  0
| 747|0x00000000aeb00000, 0x00000000aeb00000, 0x00000000aec00000|  0%| F|  |TAMS 0x00000000aeb00000| PB 0x00000000aeb00000| Untracked |  0
| 748|0x00000000aec00000, 0x00000000aec00000, 0x00000000aed00000|  0%| F|  |TAMS 0x00000000aec00000| PB 0x00000000aec00000| Untracked |  0
| 749|0x00000000aed00000, 0x00000000aed00000, 0x00000000aee00000|  0%| F|  |TAMS 0x00000000aed00000| PB 0x00000000aed00000| Untracked |  0
| 750|0x00000000aee00000, 0x00000000aee00000, 0x00000000aef00000|  0%| F|  |TAMS 0x00000000aee00000| PB 0x00000000aee00000| Untracked |  0
| 751|0x00000000aef00000, 0x00000000aef00000, 0x00000000af000000|  0%| F|  |TAMS 0x00000000aef00000| PB 0x00000000aef00000| Untracked |  0
| 752|0x00000000af000000, 0x00000000af000000, 0x00000000af100000|  0%| F|  |TAMS 0x00000000af000000| PB 0x00000000af000000| Untracked |  0
| 753|0x00000000af100000, 0x00000000af100000, 0x00000000af200000|  0%| F|  |TAMS 0x00000000af100000| PB 0x00000000af100000| Untracked |  0
| 754|0x00000000af200000, 0x00000000af200000, 0x00000000af300000|  0%| F|  |TAMS 0x00000000af200000| PB 0x00000000af200000| Untracked |  0
| 755|0x00000000af300000, 0x00000000af300000, 0x00000000af400000|  0%| F|  |TAMS 0x00000000af300000| PB 0x00000000af300000| Untracked |  0
| 756|0x00000000af400000, 0x00000000af400000, 0x00000000af500000|  0%| F|  |TAMS 0x00000000af400000| PB 0x00000000af400000| Untracked |  0
| 757|0x00000000af500000, 0x00000000af500000, 0x00000000af600000|  0%| F|  |TAMS 0x00000000af500000| PB 0x00000000af500000| Untracked |  0
| 758|0x00000000af600000, 0x00000000af600000, 0x00000000af700000|  0%| F|  |TAMS 0x00000000af600000| PB 0x00000000af600000| Untracked |  0
| 759|0x00000000af700000, 0x00000000af700000, 0x00000000af800000|  0%| F|  |TAMS 0x00000000af700000| PB 0x00000000af700000| Untracked |  0
| 760|0x00000000af800000, 0x00000000af800000, 0x00000000af900000|  0%| F|  |TAMS 0x00000000af800000| PB 0x00000000af800000| Untracked |  0
| 761|0x00000000af900000, 0x00000000af9b0278, 0x00000000afa00000| 68%| E|  |TAMS 0x00000000af900000| PB 0x00000000af900000| Complete |  0
| 762|0x00000000afa00000, 0x00000000afb00000, 0x00000000afb00000|100%| E|CS|TAMS 0x00000000afa00000| PB 0x00000000afa00000| Complete |  0
| 763|0x00000000afb00000, 0x00000000afc00000, 0x00000000afc00000|100%| E|CS|TAMS 0x00000000afb00000| PB 0x00000000afb00000| Complete |  0
| 764|0x00000000afc00000, 0x00000000afd00000, 0x00000000afd00000|100%| E|CS|TAMS 0x00000000afc00000| PB 0x00000000afc00000| Complete |  0
| 765|0x00000000afd00000, 0x00000000afe00000, 0x00000000afe00000|100%| E|CS|TAMS 0x00000000afd00000| PB 0x00000000afd00000| Complete |  0
| 766|0x00000000afe00000, 0x00000000aff00000, 0x00000000aff00000|100%| E|CS|TAMS 0x00000000afe00000| PB 0x00000000afe00000| Complete |  0
| 767|0x00000000aff00000, 0x00000000b0000000, 0x00000000b0000000|100%| E|CS|TAMS 0x00000000aff00000| PB 0x00000000aff00000| Complete |  0
| 768|0x00000000b0000000, 0x00000000b0100000, 0x00000000b0100000|100%| E|CS|TAMS 0x00000000b0000000| PB 0x00000000b0000000| Complete |  0
| 769|0x00000000b0100000, 0x00000000b0200000, 0x00000000b0200000|100%| E|CS|TAMS 0x00000000b0100000| PB 0x00000000b0100000| Complete |  0
| 770|0x00000000b0200000, 0x00000000b0300000, 0x00000000b0300000|100%| E|CS|TAMS 0x00000000b0200000| PB 0x00000000b0200000| Complete |  0
| 771|0x00000000b0300000, 0x00000000b0400000, 0x00000000b0400000|100%| E|CS|TAMS 0x00000000b0300000| PB 0x00000000b0300000| Complete |  0
| 772|0x00000000b0400000, 0x00000000b0500000, 0x00000000b0500000|100%| E|CS|TAMS 0x00000000b0400000| PB 0x00000000b0400000| Complete |  0
| 773|0x00000000b0500000, 0x00000000b0600000, 0x00000000b0600000|100%| E|CS|TAMS 0x00000000b0500000| PB 0x00000000b0500000| Complete |  0
| 774|0x00000000b0600000, 0x00000000b0700000, 0x00000000b0700000|100%| E|CS|TAMS 0x00000000b0600000| PB 0x00000000b0600000| Complete |  0
| 775|0x00000000b0700000, 0x00000000b0800000, 0x00000000b0800000|100%| E|CS|TAMS 0x00000000b0700000| PB 0x00000000b0700000| Complete |  0
| 776|0x00000000b0800000, 0x00000000b0900000, 0x00000000b0900000|100%| E|CS|TAMS 0x00000000b0800000| PB 0x00000000b0800000| Complete |  0
| 777|0x00000000b0900000, 0x00000000b0a00000, 0x00000000b0a00000|100%| E|CS|TAMS 0x00000000b0900000| PB 0x00000000b0900000| Complete |  0
| 778|0x00000000b0a00000, 0x00000000b0b00000, 0x00000000b0b00000|100%| E|CS|TAMS 0x00000000b0a00000| PB 0x00000000b0a00000| Complete |  0
| 779|0x00000000b0b00000, 0x00000000b0c00000, 0x00000000b0c00000|100%| E|CS|TAMS 0x00000000b0b00000| PB 0x00000000b0b00000| Complete |  0
| 780|0x00000000b0c00000, 0x00000000b0d00000, 0x00000000b0d00000|100%| E|CS|TAMS 0x00000000b0c00000| PB 0x00000000b0c00000| Complete |  0
| 781|0x00000000b0d00000, 0x00000000b0e00000, 0x00000000b0e00000|100%| E|CS|TAMS 0x00000000b0d00000| PB 0x00000000b0d00000| Complete |  0
| 782|0x00000000b0e00000, 0x00000000b0f00000, 0x00000000b0f00000|100%| E|CS|TAMS 0x00000000b0e00000| PB 0x00000000b0e00000| Complete |  0
| 783|0x00000000b0f00000, 0x00000000b1000000, 0x00000000b1000000|100%| E|CS|TAMS 0x00000000b0f00000| PB 0x00000000b0f00000| Complete |  0
| 784|0x00000000b1000000, 0x00000000b1100000, 0x00000000b1100000|100%| E|CS|TAMS 0x00000000b1000000| PB 0x00000000b1000000| Complete |  0
| 785|0x00000000b1100000, 0x00000000b1200000, 0x00000000b1200000|100%| E|CS|TAMS 0x00000000b1100000| PB 0x00000000b1100000| Complete |  0
| 786|0x00000000b1200000, 0x00000000b1300000, 0x00000000b1300000|100%| E|CS|TAMS 0x00000000b1200000| PB 0x00000000b1200000| Complete |  0
| 787|0x00000000b1300000, 0x00000000b1400000, 0x00000000b1400000|100%| E|CS|TAMS 0x00000000b1300000| PB 0x00000000b1300000| Complete |  0
| 788|0x00000000b1400000, 0x00000000b1500000, 0x00000000b1500000|100%| E|CS|TAMS 0x00000000b1400000| PB 0x00000000b1400000| Complete |  0
| 789|0x00000000b1500000, 0x00000000b1600000, 0x00000000b1600000|100%| E|CS|TAMS 0x00000000b1500000| PB 0x00000000b1500000| Complete |  0
| 790|0x00000000b1600000, 0x00000000b1700000, 0x00000000b1700000|100%| E|CS|TAMS 0x00000000b1600000| PB 0x00000000b1600000| Complete |  0
| 791|0x00000000b1700000, 0x00000000b1800000, 0x00000000b1800000|100%| E|CS|TAMS 0x00000000b1700000| PB 0x00000000b1700000| Complete |  0
| 792|0x00000000b1800000, 0x00000000b1900000, 0x00000000b1900000|100%| E|CS|TAMS 0x00000000b1800000| PB 0x00000000b1800000| Complete |  0
| 793|0x00000000b1900000, 0x00000000b1a00000, 0x00000000b1a00000|100%| E|CS|TAMS 0x00000000b1900000| PB 0x00000000b1900000| Complete |  0
| 794|0x00000000b1a00000, 0x00000000b1b00000, 0x00000000b1b00000|100%| E|CS|TAMS 0x00000000b1a00000| PB 0x00000000b1a00000| Complete |  0
| 795|0x00000000b1b00000, 0x00000000b1c00000, 0x00000000b1c00000|100%| E|CS|TAMS 0x00000000b1b00000| PB 0x00000000b1b00000| Complete |  0
| 796|0x00000000b1c00000, 0x00000000b1d00000, 0x00000000b1d00000|100%| E|CS|TAMS 0x00000000b1c00000| PB 0x00000000b1c00000| Complete |  0
| 797|0x00000000b1d00000, 0x00000000b1e00000, 0x00000000b1e00000|100%| E|CS|TAMS 0x00000000b1d00000| PB 0x00000000b1d00000| Complete |  0
| 798|0x00000000b1e00000, 0x00000000b1f00000, 0x00000000b1f00000|100%| E|CS|TAMS 0x00000000b1e00000| PB 0x00000000b1e00000| Complete |  0
| 799|0x00000000b1f00000, 0x00000000b2000000, 0x00000000b2000000|100%| E|CS|TAMS 0x00000000b1f00000| PB 0x00000000b1f00000| Complete |  0
| 800|0x00000000b2000000, 0x00000000b2100000, 0x00000000b2100000|100%| E|CS|TAMS 0x00000000b2000000| PB 0x00000000b2000000| Complete |  0
| 801|0x00000000b2100000, 0x00000000b2200000, 0x00000000b2200000|100%| E|CS|TAMS 0x00000000b2100000| PB 0x00000000b2100000| Complete |  0
| 802|0x00000000b2200000, 0x00000000b2300000, 0x00000000b2300000|100%| E|CS|TAMS 0x00000000b2200000| PB 0x00000000b2200000| Complete |  0
| 803|0x00000000b2300000, 0x00000000b2400000, 0x00000000b2400000|100%| E|CS|TAMS 0x00000000b2300000| PB 0x00000000b2300000| Complete |  0
| 804|0x00000000b2400000, 0x00000000b2500000, 0x00000000b2500000|100%| E|CS|TAMS 0x00000000b2400000| PB 0x00000000b2400000| Complete |  0
| 805|0x00000000b2500000, 0x00000000b2600000, 0x00000000b2600000|100%| E|CS|TAMS 0x00000000b2500000| PB 0x00000000b2500000| Complete |  0
| 806|0x00000000b2600000, 0x00000000b2700000, 0x00000000b2700000|100%| E|CS|TAMS 0x00000000b2600000| PB 0x00000000b2600000| Complete |  0
| 807|0x00000000b2700000, 0x00000000b2800000, 0x00000000b2800000|100%| E|CS|TAMS 0x00000000b2700000| PB 0x00000000b2700000| Complete |  0
| 808|0x00000000b2800000, 0x00000000b2900000, 0x00000000b2900000|100%| E|CS|TAMS 0x00000000b2800000| PB 0x00000000b2800000| Complete |  0
| 809|0x00000000b2900000, 0x00000000b2a00000, 0x00000000b2a00000|100%| E|CS|TAMS 0x00000000b2900000| PB 0x00000000b2900000| Complete |  0
| 810|0x00000000b2a00000, 0x00000000b2b00000, 0x00000000b2b00000|100%| E|CS|TAMS 0x00000000b2a00000| PB 0x00000000b2a00000| Complete |  0
| 811|0x00000000b2b00000, 0x00000000b2c00000, 0x00000000b2c00000|100%| E|CS|TAMS 0x00000000b2b00000| PB 0x00000000b2b00000| Complete |  0
| 812|0x00000000b2c00000, 0x00000000b2d00000, 0x00000000b2d00000|100%| E|CS|TAMS 0x00000000b2c00000| PB 0x00000000b2c00000| Complete |  0
| 813|0x00000000b2d00000, 0x00000000b2e00000, 0x00000000b2e00000|100%| E|CS|TAMS 0x00000000b2d00000| PB 0x00000000b2d00000| Complete |  0
| 814|0x00000000b2e00000, 0x00000000b2f00000, 0x00000000b2f00000|100%| E|CS|TAMS 0x00000000b2e00000| PB 0x00000000b2e00000| Complete |  0
| 815|0x00000000b2f00000, 0x00000000b3000000, 0x00000000b3000000|100%| E|CS|TAMS 0x00000000b2f00000| PB 0x00000000b2f00000| Complete |  0
| 816|0x00000000b3000000, 0x00000000b3100000, 0x00000000b3100000|100%| E|CS|TAMS 0x00000000b3000000| PB 0x00000000b3000000| Complete |  0
| 817|0x00000000b3100000, 0x00000000b3200000, 0x00000000b3200000|100%| E|CS|TAMS 0x00000000b3100000| PB 0x00000000b3100000| Complete |  0
| 818|0x00000000b3200000, 0x00000000b3300000, 0x00000000b3300000|100%| E|CS|TAMS 0x00000000b3200000| PB 0x00000000b3200000| Complete |  0
| 819|0x00000000b3300000, 0x00000000b3400000, 0x00000000b3400000|100%| E|CS|TAMS 0x00000000b3300000| PB 0x00000000b3300000| Complete |  0
| 820|0x00000000b3400000, 0x00000000b3500000, 0x00000000b3500000|100%| E|CS|TAMS 0x00000000b3400000| PB 0x00000000b3400000| Complete |  0
| 821|0x00000000b3500000, 0x00000000b3600000, 0x00000000b3600000|100%| E|CS|TAMS 0x00000000b3500000| PB 0x00000000b3500000| Complete |  0
| 822|0x00000000b3600000, 0x00000000b3700000, 0x00000000b3700000|100%| E|CS|TAMS 0x00000000b3600000| PB 0x00000000b3600000| Complete |  0
| 823|0x00000000b3700000, 0x00000000b3800000, 0x00000000b3800000|100%| E|  |TAMS 0x00000000b3700000| PB 0x00000000b3700000| Complete |  0
| 824|0x00000000b3800000, 0x00000000b3900000, 0x00000000b3900000|100%| E|CS|TAMS 0x00000000b3800000| PB 0x00000000b3800000| Complete |  0
| 825|0x00000000b3900000, 0x00000000b3a00000, 0x00000000b3a00000|100%| E|CS|TAMS 0x00000000b3900000| PB 0x00000000b3900000| Complete |  0
| 826|0x00000000b3a00000, 0x00000000b3b00000, 0x00000000b3b00000|100%| E|CS|TAMS 0x00000000b3a00000| PB 0x00000000b3a00000| Complete |  0
| 827|0x00000000b3b00000, 0x00000000b3c00000, 0x00000000b3c00000|100%| E|CS|TAMS 0x00000000b3b00000| PB 0x00000000b3b00000| Complete |  0
| 828|0x00000000b3c00000, 0x00000000b3d00000, 0x00000000b3d00000|100%| E|CS|TAMS 0x00000000b3c00000| PB 0x00000000b3c00000| Complete |  0
| 829|0x00000000b3d00000, 0x00000000b3e00000, 0x00000000b3e00000|100%| E|CS|TAMS 0x00000000b3d00000| PB 0x00000000b3d00000| Complete |  0
| 830|0x00000000b3e00000, 0x00000000b3f00000, 0x00000000b3f00000|100%| E|CS|TAMS 0x00000000b3e00000| PB 0x00000000b3e00000| Complete |  0
| 831|0x00000000b3f00000, 0x00000000b4000000, 0x00000000b4000000|100%| E|CS|TAMS 0x00000000b3f00000| PB 0x00000000b3f00000| Complete |  0
| 832|0x00000000b4000000, 0x00000000b4100000, 0x00000000b4100000|100%| E|CS|TAMS 0x00000000b4000000| PB 0x00000000b4000000| Complete |  0
| 833|0x00000000b4100000, 0x00000000b4200000, 0x00000000b4200000|100%| E|CS|TAMS 0x00000000b4100000| PB 0x00000000b4100000| Complete |  0
| 834|0x00000000b4200000, 0x00000000b4300000, 0x00000000b4300000|100%| E|CS|TAMS 0x00000000b4200000| PB 0x00000000b4200000| Complete |  0
| 835|0x00000000b4300000, 0x00000000b4400000, 0x00000000b4400000|100%| E|CS|TAMS 0x00000000b4300000| PB 0x00000000b4300000| Complete |  0
| 836|0x00000000b4400000, 0x00000000b4500000, 0x00000000b4500000|100%| E|CS|TAMS 0x00000000b4400000| PB 0x00000000b4400000| Complete |  0
| 837|0x00000000b4500000, 0x00000000b4600000, 0x00000000b4600000|100%| E|CS|TAMS 0x00000000b4500000| PB 0x00000000b4500000| Complete |  0
| 838|0x00000000b4600000, 0x00000000b4700000, 0x00000000b4700000|100%| E|CS|TAMS 0x00000000b4600000| PB 0x00000000b4600000| Complete |  0
| 839|0x00000000b4700000, 0x00000000b4800000, 0x00000000b4800000|100%| E|CS|TAMS 0x00000000b4700000| PB 0x00000000b4700000| Complete |  0
| 840|0x00000000b4800000, 0x00000000b4900000, 0x00000000b4900000|100%| E|CS|TAMS 0x00000000b4800000| PB 0x00000000b4800000| Complete |  0
| 841|0x00000000b4900000, 0x00000000b4a00000, 0x00000000b4a00000|100%| E|CS|TAMS 0x00000000b4900000| PB 0x00000000b4900000| Complete |  0
| 842|0x00000000b4a00000, 0x00000000b4b00000, 0x00000000b4b00000|100%| E|CS|TAMS 0x00000000b4a00000| PB 0x00000000b4a00000| Complete |  0
| 843|0x00000000b4b00000, 0x00000000b4c00000, 0x00000000b4c00000|100%| E|CS|TAMS 0x00000000b4b00000| PB 0x00000000b4b00000| Complete |  0
| 844|0x00000000b4c00000, 0x00000000b4d00000, 0x00000000b4d00000|100%| E|CS|TAMS 0x00000000b4c00000| PB 0x00000000b4c00000| Complete |  0
| 845|0x00000000b4d00000, 0x00000000b4e00000, 0x00000000b4e00000|100%| E|CS|TAMS 0x00000000b4d00000| PB 0x00000000b4d00000| Complete |  0
| 846|0x00000000b4e00000, 0x00000000b4f00000, 0x00000000b4f00000|100%| E|CS|TAMS 0x00000000b4e00000| PB 0x00000000b4e00000| Complete |  0
| 847|0x00000000b4f00000, 0x00000000b5000000, 0x00000000b5000000|100%| E|CS|TAMS 0x00000000b4f00000| PB 0x00000000b4f00000| Complete |  0
| 848|0x00000000b5000000, 0x00000000b5100000, 0x00000000b5100000|100%| E|CS|TAMS 0x00000000b5000000| PB 0x00000000b5000000| Complete |  0
| 849|0x00000000b5100000, 0x00000000b5200000, 0x00000000b5200000|100%| E|CS|TAMS 0x00000000b5100000| PB 0x00000000b5100000| Complete |  0
| 850|0x00000000b5200000, 0x00000000b5300000, 0x00000000b5300000|100%| E|CS|TAMS 0x00000000b5200000| PB 0x00000000b5200000| Complete |  0
| 851|0x00000000b5300000, 0x00000000b5400000, 0x00000000b5400000|100%| E|CS|TAMS 0x00000000b5300000| PB 0x00000000b5300000| Complete |  0
| 852|0x00000000b5400000, 0x00000000b5500000, 0x00000000b5500000|100%| E|CS|TAMS 0x00000000b5400000| PB 0x00000000b5400000| Complete |  0
| 853|0x00000000b5500000, 0x00000000b5600000, 0x00000000b5600000|100%| E|CS|TAMS 0x00000000b5500000| PB 0x00000000b5500000| Complete |  0
| 854|0x00000000b5600000, 0x00000000b5700000, 0x00000000b5700000|100%| E|CS|TAMS 0x00000000b5600000| PB 0x00000000b5600000| Complete |  0
| 855|0x00000000b5700000, 0x00000000b5800000, 0x00000000b5800000|100%| E|CS|TAMS 0x00000000b5700000| PB 0x00000000b5700000| Complete |  0
| 856|0x00000000b5800000, 0x00000000b5900000, 0x00000000b5900000|100%| E|CS|TAMS 0x00000000b5800000| PB 0x00000000b5800000| Complete |  0
| 857|0x00000000b5900000, 0x00000000b5a00000, 0x00000000b5a00000|100%| E|CS|TAMS 0x00000000b5900000| PB 0x00000000b5900000| Complete |  0
| 858|0x00000000b5a00000, 0x00000000b5b00000, 0x00000000b5b00000|100%| E|CS|TAMS 0x00000000b5a00000| PB 0x00000000b5a00000| Complete |  0
| 859|0x00000000b5b00000, 0x00000000b5c00000, 0x00000000b5c00000|100%| E|CS|TAMS 0x00000000b5b00000| PB 0x00000000b5b00000| Complete |  0
| 860|0x00000000b5c00000, 0x00000000b5d00000, 0x00000000b5d00000|100%| E|CS|TAMS 0x00000000b5c00000| PB 0x00000000b5c00000| Complete |  0
| 861|0x00000000b5d00000, 0x00000000b5e00000, 0x00000000b5e00000|100%| E|CS|TAMS 0x00000000b5d00000| PB 0x00000000b5d00000| Complete |  0
| 862|0x00000000b5e00000, 0x00000000b5f00000, 0x00000000b5f00000|100%| E|CS|TAMS 0x00000000b5e00000| PB 0x00000000b5e00000| Complete |  0
| 863|0x00000000b5f00000, 0x00000000b6000000, 0x00000000b6000000|100%| E|CS|TAMS 0x00000000b5f00000| PB 0x00000000b5f00000| Complete |  0
| 864|0x00000000b6000000, 0x00000000b6100000, 0x00000000b6100000|100%| E|CS|TAMS 0x00000000b6000000| PB 0x00000000b6000000| Complete |  0
| 865|0x00000000b6100000, 0x00000000b6200000, 0x00000000b6200000|100%| E|CS|TAMS 0x00000000b6100000| PB 0x00000000b6100000| Complete |  0
| 866|0x00000000b6200000, 0x00000000b6300000, 0x00000000b6300000|100%| E|CS|TAMS 0x00000000b6200000| PB 0x00000000b6200000| Complete |  0
| 867|0x00000000b6300000, 0x00000000b6400000, 0x00000000b6400000|100%| E|CS|TAMS 0x00000000b6300000| PB 0x00000000b6300000| Complete |  0
| 868|0x00000000b6400000, 0x00000000b6500000, 0x00000000b6500000|100%| E|CS|TAMS 0x00000000b6400000| PB 0x00000000b6400000| Complete |  0
| 869|0x00000000b6500000, 0x00000000b6600000, 0x00000000b6600000|100%| E|CS|TAMS 0x00000000b6500000| PB 0x00000000b6500000| Complete |  0
| 870|0x00000000b6600000, 0x00000000b6700000, 0x00000000b6700000|100%| E|CS|TAMS 0x00000000b6600000| PB 0x00000000b6600000| Complete |  0
| 871|0x00000000b6700000, 0x00000000b6800000, 0x00000000b6800000|100%| E|CS|TAMS 0x00000000b6700000| PB 0x00000000b6700000| Complete |  0
| 872|0x00000000b6800000, 0x00000000b6900000, 0x00000000b6900000|100%| E|CS|TAMS 0x00000000b6800000| PB 0x00000000b6800000| Complete |  0
| 873|0x00000000b6900000, 0x00000000b6a00000, 0x00000000b6a00000|100%| E|CS|TAMS 0x00000000b6900000| PB 0x00000000b6900000| Complete |  0
| 874|0x00000000b6a00000, 0x00000000b6b00000, 0x00000000b6b00000|100%| E|CS|TAMS 0x00000000b6a00000| PB 0x00000000b6a00000| Complete |  0
| 875|0x00000000b6b00000, 0x00000000b6c00000, 0x00000000b6c00000|100%| E|CS|TAMS 0x00000000b6b00000| PB 0x00000000b6b00000| Complete |  0
| 876|0x00000000b6c00000, 0x00000000b6d00000, 0x00000000b6d00000|100%| E|CS|TAMS 0x00000000b6c00000| PB 0x00000000b6c00000| Complete |  0
| 877|0x00000000b6d00000, 0x00000000b6e00000, 0x00000000b6e00000|100%| E|CS|TAMS 0x00000000b6d00000| PB 0x00000000b6d00000| Complete |  0
| 878|0x00000000b6e00000, 0x00000000b6f00000, 0x00000000b6f00000|100%| E|CS|TAMS 0x00000000b6e00000| PB 0x00000000b6e00000| Complete |  0
| 879|0x00000000b6f00000, 0x00000000b7000000, 0x00000000b7000000|100%| E|CS|TAMS 0x00000000b6f00000| PB 0x00000000b6f00000| Complete |  0
| 880|0x00000000b7000000, 0x00000000b7100000, 0x00000000b7100000|100%| E|CS|TAMS 0x00000000b7000000| PB 0x00000000b7000000| Complete |  0
| 881|0x00000000b7100000, 0x00000000b7200000, 0x00000000b7200000|100%| E|CS|TAMS 0x00000000b7100000| PB 0x00000000b7100000| Complete |  0
| 882|0x00000000b7200000, 0x00000000b7300000, 0x00000000b7300000|100%| E|CS|TAMS 0x00000000b7200000| PB 0x00000000b7200000| Complete |  0
| 883|0x00000000b7300000, 0x00000000b7400000, 0x00000000b7400000|100%| E|CS|TAMS 0x00000000b7300000| PB 0x00000000b7300000| Complete |  0
| 884|0x00000000b7400000, 0x00000000b7500000, 0x00000000b7500000|100%| E|CS|TAMS 0x00000000b7400000| PB 0x00000000b7400000| Complete |  0
| 885|0x00000000b7500000, 0x00000000b7600000, 0x00000000b7600000|100%| E|CS|TAMS 0x00000000b7500000| PB 0x00000000b7500000| Complete |  0
| 886|0x00000000b7600000, 0x00000000b7700000, 0x00000000b7700000|100%| E|CS|TAMS 0x00000000b7600000| PB 0x00000000b7600000| Complete |  0
| 887|0x00000000b7700000, 0x00000000b7800000, 0x00000000b7800000|100%| E|CS|TAMS 0x00000000b7700000| PB 0x00000000b7700000| Complete |  0
| 888|0x00000000b7800000, 0x00000000b7900000, 0x00000000b7900000|100%| E|CS|TAMS 0x00000000b7800000| PB 0x00000000b7800000| Complete |  0
| 889|0x00000000b7900000, 0x00000000b7a00000, 0x00000000b7a00000|100%| E|CS|TAMS 0x00000000b7900000| PB 0x00000000b7900000| Complete |  0
| 890|0x00000000b7a00000, 0x00000000b7b00000, 0x00000000b7b00000|100%| E|CS|TAMS 0x00000000b7a00000| PB 0x00000000b7a00000| Complete |  0
| 891|0x00000000b7b00000, 0x00000000b7c00000, 0x00000000b7c00000|100%| E|CS|TAMS 0x00000000b7b00000| PB 0x00000000b7b00000| Complete |  0
| 892|0x00000000b7c00000, 0x00000000b7d00000, 0x00000000b7d00000|100%| E|CS|TAMS 0x00000000b7c00000| PB 0x00000000b7c00000| Complete |  0
| 893|0x00000000b7d00000, 0x00000000b7e00000, 0x00000000b7e00000|100%| E|CS|TAMS 0x00000000b7d00000| PB 0x00000000b7d00000| Complete |  0
| 894|0x00000000b7e00000, 0x00000000b7f00000, 0x00000000b7f00000|100%| E|CS|TAMS 0x00000000b7e00000| PB 0x00000000b7e00000| Complete |  0
| 895|0x00000000b7f00000, 0x00000000b8000000, 0x00000000b8000000|100%| E|CS|TAMS 0x00000000b7f00000| PB 0x00000000b7f00000| Complete |  0
| 896|0x00000000b8000000, 0x00000000b8100000, 0x00000000b8100000|100%| E|CS|TAMS 0x00000000b8000000| PB 0x00000000b8000000| Complete |  0
| 897|0x00000000b8100000, 0x00000000b8200000, 0x00000000b8200000|100%| E|CS|TAMS 0x00000000b8100000| PB 0x00000000b8100000| Complete |  0
| 898|0x00000000b8200000, 0x00000000b8300000, 0x00000000b8300000|100%| E|CS|TAMS 0x00000000b8200000| PB 0x00000000b8200000| Complete |  0
| 899|0x00000000b8300000, 0x00000000b8400000, 0x00000000b8400000|100%| E|CS|TAMS 0x00000000b8300000| PB 0x00000000b8300000| Complete |  0
| 900|0x00000000b8400000, 0x00000000b8500000, 0x00000000b8500000|100%| E|CS|TAMS 0x00000000b8400000| PB 0x00000000b8400000| Complete |  0
| 901|0x00000000b8500000, 0x00000000b8600000, 0x00000000b8600000|100%| E|CS|TAMS 0x00000000b8500000| PB 0x00000000b8500000| Complete |  0
| 902|0x00000000b8600000, 0x00000000b8700000, 0x00000000b8700000|100%| E|CS|TAMS 0x00000000b8600000| PB 0x00000000b8600000| Complete |  0
| 903|0x00000000b8700000, 0x00000000b8800000, 0x00000000b8800000|100%| E|CS|TAMS 0x00000000b8700000| PB 0x00000000b8700000| Complete |  0
| 904|0x00000000b8800000, 0x00000000b8900000, 0x00000000b8900000|100%| E|CS|TAMS 0x00000000b8800000| PB 0x00000000b8800000| Complete |  0
| 905|0x00000000b8900000, 0x00000000b8a00000, 0x00000000b8a00000|100%| E|CS|TAMS 0x00000000b8900000| PB 0x00000000b8900000| Complete |  0
| 906|0x00000000b8a00000, 0x00000000b8b00000, 0x00000000b8b00000|100%| E|CS|TAMS 0x00000000b8a00000| PB 0x00000000b8a00000| Complete |  0
| 907|0x00000000b8b00000, 0x00000000b8c00000, 0x00000000b8c00000|100%| E|CS|TAMS 0x00000000b8b00000| PB 0x00000000b8b00000| Complete |  0
| 908|0x00000000b8c00000, 0x00000000b8d00000, 0x00000000b8d00000|100%| E|CS|TAMS 0x00000000b8c00000| PB 0x00000000b8c00000| Complete |  0
| 909|0x00000000b8d00000, 0x00000000b8e00000, 0x00000000b8e00000|100%| E|CS|TAMS 0x00000000b8d00000| PB 0x00000000b8d00000| Complete |  0
| 910|0x00000000b8e00000, 0x00000000b8f00000, 0x00000000b8f00000|100%| E|CS|TAMS 0x00000000b8e00000| PB 0x00000000b8e00000| Complete |  0
| 911|0x00000000b8f00000, 0x00000000b9000000, 0x00000000b9000000|100%| E|CS|TAMS 0x00000000b8f00000| PB 0x00000000b8f00000| Complete |  0
| 912|0x00000000b9000000, 0x00000000b9100000, 0x00000000b9100000|100%| E|CS|TAMS 0x00000000b9000000| PB 0x00000000b9000000| Complete |  0
| 913|0x00000000b9100000, 0x00000000b9200000, 0x00000000b9200000|100%| E|CS|TAMS 0x00000000b9100000| PB 0x00000000b9100000| Complete |  0
| 914|0x00000000b9200000, 0x00000000b9300000, 0x00000000b9300000|100%| E|CS|TAMS 0x00000000b9200000| PB 0x00000000b9200000| Complete |  0
| 915|0x00000000b9300000, 0x00000000b9400000, 0x00000000b9400000|100%| E|CS|TAMS 0x00000000b9300000| PB 0x00000000b9300000| Complete |  0
| 916|0x00000000b9400000, 0x00000000b9500000, 0x00000000b9500000|100%| E|CS|TAMS 0x00000000b9400000| PB 0x00000000b9400000| Complete |  0
| 917|0x00000000b9500000, 0x00000000b9600000, 0x00000000b9600000|100%| E|CS|TAMS 0x00000000b9500000| PB 0x00000000b9500000| Complete |  0
| 918|0x00000000b9600000, 0x00000000b9700000, 0x00000000b9700000|100%| E|CS|TAMS 0x00000000b9600000| PB 0x00000000b9600000| Complete |  0
| 919|0x00000000b9700000, 0x00000000b9800000, 0x00000000b9800000|100%| E|CS|TAMS 0x00000000b9700000| PB 0x00000000b9700000| Complete |  0
| 920|0x00000000b9800000, 0x00000000b9900000, 0x00000000b9900000|100%| E|CS|TAMS 0x00000000b9800000| PB 0x00000000b9800000| Complete |  0
| 921|0x00000000b9900000, 0x00000000b9a00000, 0x00000000b9a00000|100%| E|CS|TAMS 0x00000000b9900000| PB 0x00000000b9900000| Complete |  0
| 922|0x00000000b9a00000, 0x00000000b9b00000, 0x00000000b9b00000|100%| E|CS|TAMS 0x00000000b9a00000| PB 0x00000000b9a00000| Complete |  0
| 923|0x00000000b9b00000, 0x00000000b9c00000, 0x00000000b9c00000|100%| E|CS|TAMS 0x00000000b9b00000| PB 0x00000000b9b00000| Complete |  0
|1915|0x00000000f7b00000, 0x00000000f7c00000, 0x00000000f7c00000|100%| E|CS|TAMS 0x00000000f7b00000| PB 0x00000000f7b00000| Complete |  0
|1916|0x00000000f7c00000, 0x00000000f7d00000, 0x00000000f7d00000|100%| E|CS|TAMS 0x00000000f7c00000| PB 0x00000000f7c00000| Complete |  0
|1917|0x00000000f7d00000, 0x00000000f7e00000, 0x00000000f7e00000|100%| E|CS|TAMS 0x00000000f7d00000| PB 0x00000000f7d00000| Complete |  0
|1918|0x00000000f7e00000, 0x00000000f7f00000, 0x00000000f7f00000|100%| E|CS|TAMS 0x00000000f7e00000| PB 0x00000000f7e00000| Complete |  0
|1919|0x00000000f7f00000, 0x00000000f8000000, 0x00000000f8000000|100%| E|CS|TAMS 0x00000000f7f00000| PB 0x00000000f7f00000| Complete |  0
|1920|0x00000000f8000000, 0x00000000f8100000, 0x00000000f8100000|100%| E|CS|TAMS 0x00000000f8000000| PB 0x00000000f8000000| Complete |  0
|1921|0x00000000f8100000, 0x00000000f8200000, 0x00000000f8200000|100%| E|CS|TAMS 0x00000000f8100000| PB 0x00000000f8100000| Complete |  0
|1922|0x00000000f8200000, 0x00000000f8300000, 0x00000000f8300000|100%| E|CS|TAMS 0x00000000f8200000| PB 0x00000000f8200000| Complete |  0
|1923|0x00000000f8300000, 0x00000000f8400000, 0x00000000f8400000|100%| E|CS|TAMS 0x00000000f8300000| PB 0x00000000f8300000| Complete |  0
|1924|0x00000000f8400000, 0x00000000f8500000, 0x00000000f8500000|100%| E|CS|TAMS 0x00000000f8400000| PB 0x00000000f8400000| Complete |  0
|1925|0x00000000f8500000, 0x00000000f8600000, 0x00000000f8600000|100%| E|CS|TAMS 0x00000000f8500000| PB 0x00000000f8500000| Complete |  0
|1926|0x00000000f8600000, 0x00000000f8700000, 0x00000000f8700000|100%| E|CS|TAMS 0x00000000f8600000| PB 0x00000000f8600000| Complete |  0
|1927|0x00000000f8700000, 0x00000000f8800000, 0x00000000f8800000|100%| E|CS|TAMS 0x00000000f8700000| PB 0x00000000f8700000| Complete |  0
|1928|0x00000000f8800000, 0x00000000f8900000, 0x00000000f8900000|100%| E|CS|TAMS 0x00000000f8800000| PB 0x00000000f8800000| Complete |  0
|1929|0x00000000f8900000, 0x00000000f8a00000, 0x00000000f8a00000|100%| E|CS|TAMS 0x00000000f8900000| PB 0x00000000f8900000| Complete |  0
|1930|0x00000000f8a00000, 0x00000000f8b00000, 0x00000000f8b00000|100%| E|CS|TAMS 0x00000000f8a00000| PB 0x00000000f8a00000| Complete |  0
|1931|0x00000000f8b00000, 0x00000000f8c00000, 0x00000000f8c00000|100%| E|CS|TAMS 0x00000000f8b00000| PB 0x00000000f8b00000| Complete |  0
|1932|0x00000000f8c00000, 0x00000000f8d00000, 0x00000000f8d00000|100%| E|CS|TAMS 0x00000000f8c00000| PB 0x00000000f8c00000| Complete |  0
|1933|0x00000000f8d00000, 0x00000000f8e00000, 0x00000000f8e00000|100%| E|CS|TAMS 0x00000000f8d00000| PB 0x00000000f8d00000| Complete |  0
|1934|0x00000000f8e00000, 0x00000000f8f00000, 0x00000000f8f00000|100%| E|CS|TAMS 0x00000000f8e00000| PB 0x00000000f8e00000| Complete |  0
|1935|0x00000000f8f00000, 0x00000000f9000000, 0x00000000f9000000|100%| E|CS|TAMS 0x00000000f8f00000| PB 0x00000000f8f00000| Complete |  0
|1936|0x00000000f9000000, 0x00000000f9100000, 0x00000000f9100000|100%| E|CS|TAMS 0x00000000f9000000| PB 0x00000000f9000000| Complete |  0
|1937|0x00000000f9100000, 0x00000000f9200000, 0x00000000f9200000|100%| E|CS|TAMS 0x00000000f9100000| PB 0x00000000f9100000| Complete |  0
|1938|0x00000000f9200000, 0x00000000f9300000, 0x00000000f9300000|100%| E|CS|TAMS 0x00000000f9200000| PB 0x00000000f9200000| Complete |  0
|1939|0x00000000f9300000, 0x00000000f9400000, 0x00000000f9400000|100%| E|CS|TAMS 0x00000000f9300000| PB 0x00000000f9300000| Complete |  0
|1940|0x00000000f9400000, 0x00000000f9500000, 0x00000000f9500000|100%| E|CS|TAMS 0x00000000f9400000| PB 0x00000000f9400000| Complete |  0
|1941|0x00000000f9500000, 0x00000000f9600000, 0x00000000f9600000|100%| E|CS|TAMS 0x00000000f9500000| PB 0x00000000f9500000| Complete |  0
|1942|0x00000000f9600000, 0x00000000f9700000, 0x00000000f9700000|100%| E|CS|TAMS 0x00000000f9600000| PB 0x00000000f9600000| Complete |  0
|1943|0x00000000f9700000, 0x00000000f9800000, 0x00000000f9800000|100%| E|CS|TAMS 0x00000000f9700000| PB 0x00000000f9700000| Complete |  0
|1944|0x00000000f9800000, 0x00000000f9900000, 0x00000000f9900000|100%| E|CS|TAMS 0x00000000f9800000| PB 0x00000000f9800000| Complete |  0
|1945|0x00000000f9900000, 0x00000000f9a00000, 0x00000000f9a00000|100%| E|CS|TAMS 0x00000000f9900000| PB 0x00000000f9900000| Complete |  0
|1946|0x00000000f9a00000, 0x00000000f9b00000, 0x00000000f9b00000|100%| E|CS|TAMS 0x00000000f9a00000| PB 0x00000000f9a00000| Complete |  0
|1947|0x00000000f9b00000, 0x00000000f9c00000, 0x00000000f9c00000|100%| E|CS|TAMS 0x00000000f9b00000| PB 0x00000000f9b00000| Complete |  0
|1948|0x00000000f9c00000, 0x00000000f9d00000, 0x00000000f9d00000|100%| E|CS|TAMS 0x00000000f9c00000| PB 0x00000000f9c00000| Complete |  0
|1949|0x00000000f9d00000, 0x00000000f9e00000, 0x00000000f9e00000|100%| E|CS|TAMS 0x00000000f9d00000| PB 0x00000000f9d00000| Complete |  0
|1950|0x00000000f9e00000, 0x00000000f9f00000, 0x00000000f9f00000|100%| E|CS|TAMS 0x00000000f9e00000| PB 0x00000000f9e00000| Complete |  0
|1951|0x00000000f9f00000, 0x00000000fa000000, 0x00000000fa000000|100%| E|CS|TAMS 0x00000000f9f00000| PB 0x00000000f9f00000| Complete |  0
|1952|0x00000000fa000000, 0x00000000fa100000, 0x00000000fa100000|100%| E|CS|TAMS 0x00000000fa000000| PB 0x00000000fa000000| Complete |  0
|1953|0x00000000fa100000, 0x00000000fa200000, 0x00000000fa200000|100%| E|CS|TAMS 0x00000000fa100000| PB 0x00000000fa100000| Complete |  0
|1954|0x00000000fa200000, 0x00000000fa300000, 0x00000000fa300000|100%| E|CS|TAMS 0x00000000fa200000| PB 0x00000000fa200000| Complete |  0
|1955|0x00000000fa300000, 0x00000000fa400000, 0x00000000fa400000|100%| E|CS|TAMS 0x00000000fa300000| PB 0x00000000fa300000| Complete |  0
|1956|0x00000000fa400000, 0x00000000fa500000, 0x00000000fa500000|100%| E|CS|TAMS 0x00000000fa400000| PB 0x00000000fa400000| Complete |  0
|1957|0x00000000fa500000, 0x00000000fa600000, 0x00000000fa600000|100%| E|CS|TAMS 0x00000000fa500000| PB 0x00000000fa500000| Complete |  0
|1958|0x00000000fa600000, 0x00000000fa700000, 0x00000000fa700000|100%| E|CS|TAMS 0x00000000fa600000| PB 0x00000000fa600000| Complete |  0
|1959|0x00000000fa700000, 0x00000000fa800000, 0x00000000fa800000|100%| E|CS|TAMS 0x00000000fa700000| PB 0x00000000fa700000| Complete |  0
|1960|0x00000000fa800000, 0x00000000fa900000, 0x00000000fa900000|100%| E|CS|TAMS 0x00000000fa800000| PB 0x00000000fa800000| Complete |  0
|1961|0x00000000fa900000, 0x00000000faa00000, 0x00000000faa00000|100%| E|CS|TAMS 0x00000000fa900000| PB 0x00000000fa900000| Complete |  0
|1962|0x00000000faa00000, 0x00000000fab00000, 0x00000000fab00000|100%| E|CS|TAMS 0x00000000faa00000| PB 0x00000000faa00000| Complete |  0
|1963|0x00000000fab00000, 0x00000000fac00000, 0x00000000fac00000|100%| E|CS|TAMS 0x00000000fab00000| PB 0x00000000fab00000| Complete |  0
|1964|0x00000000fac00000, 0x00000000fad00000, 0x00000000fad00000|100%| E|CS|TAMS 0x00000000fac00000| PB 0x00000000fac00000| Complete |  0
|1965|0x00000000fad00000, 0x00000000fae00000, 0x00000000fae00000|100%| E|CS|TAMS 0x00000000fad00000| PB 0x00000000fad00000| Complete |  0
|1966|0x00000000fae00000, 0x00000000faf00000, 0x00000000faf00000|100%| E|CS|TAMS 0x00000000fae00000| PB 0x00000000fae00000| Complete |  0
|1967|0x00000000faf00000, 0x00000000fb000000, 0x00000000fb000000|100%| E|CS|TAMS 0x00000000faf00000| PB 0x00000000faf00000| Complete |  0
|1968|0x00000000fb000000, 0x00000000fb100000, 0x00000000fb100000|100%| O|Cm|TAMS 0x00000000fb000000| PB 0x00000000fb000000| Complete |  0
|1969|0x00000000fb100000, 0x00000000fb200000, 0x00000000fb200000|100%| E|CS|TAMS 0x00000000fb100000| PB 0x00000000fb100000| Complete |  0
|1970|0x00000000fb200000, 0x00000000fb300000, 0x00000000fb300000|100%| E|CS|TAMS 0x00000000fb200000| PB 0x00000000fb200000| Complete |  0
|1971|0x00000000fb300000, 0x00000000fb400000, 0x00000000fb400000|100%| O|Cm|TAMS 0x00000000fb300000| PB 0x00000000fb300000| Complete |  0
|1972|0x00000000fb400000, 0x00000000fb500000, 0x00000000fb500000|100%| O|  |TAMS 0x00000000fb400000| PB 0x00000000fb400000| Untracked |  0
|1973|0x00000000fb500000, 0x00000000fb600000, 0x00000000fb600000|100%| O|  |TAMS 0x00000000fb500000| PB 0x00000000fb500000| Untracked |  0
|1974|0x00000000fb600000, 0x00000000fb700000, 0x00000000fb700000|100%| E|CS|TAMS 0x00000000fb600000| PB 0x00000000fb600000| Complete |  0
|1975|0x00000000fb700000, 0x00000000fb800000, 0x00000000fb800000|100%| E|CS|TAMS 0x00000000fb700000| PB 0x00000000fb700000| Complete |  0
|1976|0x00000000fb800000, 0x00000000fb900000, 0x00000000fb900000|100%| E|CS|TAMS 0x00000000fb800000| PB 0x00000000fb800000| Complete |  0
|1977|0x00000000fb900000, 0x00000000fba00000, 0x00000000fba00000|100%| E|CS|TAMS 0x00000000fb900000| PB 0x00000000fb900000| Complete |  0
|1978|0x00000000fba00000, 0x00000000fbb00000, 0x00000000fbb00000|100%| O|  |TAMS 0x00000000fba00000| PB 0x00000000fba00000| Untracked |  0
|1979|0x00000000fbb00000, 0x00000000fbc00000, 0x00000000fbc00000|100%| O|  |TAMS 0x00000000fbb00000| PB 0x00000000fbb00000| Untracked |  0
|1980|0x00000000fbc00000, 0x00000000fbd00000, 0x00000000fbd00000|100%| O|  |TAMS 0x00000000fbc00000| PB 0x00000000fbc00000| Untracked |  0
|1981|0x00000000fbd00000, 0x00000000fbe00000, 0x00000000fbe00000|100%| O|  |TAMS 0x00000000fbd00000| PB 0x00000000fbd00000| Untracked |  0
|1982|0x00000000fbe00000, 0x00000000fbf00000, 0x00000000fbf00000|100%| O|  |TAMS 0x00000000fbe00000| PB 0x00000000fbe00000| Untracked |  0
|1983|0x00000000fbf00000, 0x00000000fc000000, 0x00000000fc000000|100%| O|  |TAMS 0x00000000fbf00000| PB 0x00000000fbf00000| Untracked |  0
|1984|0x00000000fc000000, 0x00000000fc100000, 0x00000000fc100000|100%| O|  |TAMS 0x00000000fc000000| PB 0x00000000fc000000| Untracked |  0
|1985|0x00000000fc100000, 0x00000000fc200000, 0x00000000fc200000|100%| E|CS|TAMS 0x00000000fc100000| PB 0x00000000fc100000| Complete |  0
|1986|0x00000000fc200000, 0x00000000fc300000, 0x00000000fc300000|100%| E|CS|TAMS 0x00000000fc200000| PB 0x00000000fc200000| Complete |  0
|1987|0x00000000fc300000, 0x00000000fc400000, 0x00000000fc400000|100%| E|CS|TAMS 0x00000000fc300000| PB 0x00000000fc300000| Complete |  0
|1988|0x00000000fc400000, 0x00000000fc500000, 0x00000000fc500000|100%| E|CS|TAMS 0x00000000fc400000| PB 0x00000000fc400000| Complete |  0
|1989|0x00000000fc500000, 0x00000000fc600000, 0x00000000fc600000|100%| E|CS|TAMS 0x00000000fc500000| PB 0x00000000fc500000| Complete |  0
|1990|0x00000000fc600000, 0x00000000fc700000, 0x00000000fc700000|100%| E|CS|TAMS 0x00000000fc600000| PB 0x00000000fc600000| Complete |  0
|1991|0x00000000fc700000, 0x00000000fc800000, 0x00000000fc800000|100%| E|CS|TAMS 0x00000000fc700000| PB 0x00000000fc700000| Complete |  0
|1992|0x00000000fc800000, 0x00000000fc900000, 0x00000000fc900000|100%| E|CS|TAMS 0x00000000fc800000| PB 0x00000000fc800000| Complete |  0
|1993|0x00000000fc900000, 0x00000000fca00000, 0x00000000fca00000|100%| E|CS|TAMS 0x00000000fc900000| PB 0x00000000fc900000| Complete |  0
|1994|0x00000000fca00000, 0x00000000fcb00000, 0x00000000fcb00000|100%| O|  |TAMS 0x00000000fca00000| PB 0x00000000fca00000| Untracked |  0
|1995|0x00000000fcb00000, 0x00000000fcc00000, 0x00000000fcc00000|100%| O|  |TAMS 0x00000000fcb00000| PB 0x00000000fcb00000| Untracked |  0
|1996|0x00000000fcc00000, 0x00000000fcd00000, 0x00000000fcd00000|100%| E|CS|TAMS 0x00000000fcc00000| PB 0x00000000fcc00000| Complete |  0
|1997|0x00000000fcd00000, 0x00000000fce00000, 0x00000000fce00000|100%| O|  |TAMS 0x00000000fcd00000| PB 0x00000000fcd00000| Untracked |  0
|1998|0x00000000fce00000, 0x00000000fcf00000, 0x00000000fcf00000|100%| E|CS|TAMS 0x00000000fce00000| PB 0x00000000fce00000| Complete |  0
|1999|0x00000000fcf00000, 0x00000000fd000000, 0x00000000fd000000|100%| O|  |TAMS 0x00000000fcf00000| PB 0x00000000fcf00000| Untracked |  0
|2000|0x00000000fd000000, 0x00000000fd100000, 0x00000000fd100000|100%| O|  |TAMS 0x00000000fd000000| PB 0x00000000fd000000| Untracked |  0
|2001|0x00000000fd100000, 0x00000000fd200000, 0x00000000fd200000|100%| E|CS|TAMS 0x00000000fd100000| PB 0x00000000fd100000| Complete |  0
|2002|0x00000000fd200000, 0x00000000fd300000, 0x00000000fd300000|100%| E|CS|TAMS 0x00000000fd200000| PB 0x00000000fd200000| Complete |  0
|2003|0x00000000fd300000, 0x00000000fd400000, 0x00000000fd400000|100%| E|CS|TAMS 0x00000000fd300000| PB 0x00000000fd300000| Complete |  0
|2004|0x00000000fd400000, 0x00000000fd500000, 0x00000000fd500000|100%| E|CS|TAMS 0x00000000fd400000| PB 0x00000000fd400000| Complete |  0
|2005|0x00000000fd500000, 0x00000000fd600000, 0x00000000fd600000|100%| E|CS|TAMS 0x00000000fd500000| PB 0x00000000fd500000| Complete |  0
|2006|0x00000000fd600000, 0x00000000fd700000, 0x00000000fd700000|100%| E|CS|TAMS 0x00000000fd600000| PB 0x00000000fd600000| Complete |  0
|2007|0x00000000fd700000, 0x00000000fd800000, 0x00000000fd800000|100%| E|CS|TAMS 0x00000000fd700000| PB 0x00000000fd700000| Complete |  0
|2008|0x00000000fd800000, 0x00000000fd900000, 0x00000000fd900000|100%| E|CS|TAMS 0x00000000fd800000| PB 0x00000000fd800000| Complete |  0
|2009|0x00000000fd900000, 0x00000000fda00000, 0x00000000fda00000|100%| E|CS|TAMS 0x00000000fd900000| PB 0x00000000fd900000| Complete |  0
|2010|0x00000000fda00000, 0x00000000fdb00000, 0x00000000fdb00000|100%| E|CS|TAMS 0x00000000fda00000| PB 0x00000000fda00000| Complete |  0
|2011|0x00000000fdb00000, 0x00000000fdc00000, 0x00000000fdc00000|100%| E|CS|TAMS 0x00000000fdb00000| PB 0x00000000fdb00000| Complete |  0
|2012|0x00000000fdc00000, 0x00000000fdd00000, 0x00000000fdd00000|100%| E|CS|TAMS 0x00000000fdc00000| PB 0x00000000fdc00000| Complete |  0
|2013|0x00000000fdd00000, 0x00000000fde00000, 0x00000000fde00000|100%| E|CS|TAMS 0x00000000fdd00000| PB 0x00000000fdd00000| Complete |  0
|2014|0x00000000fde00000, 0x00000000fdf00000, 0x00000000fdf00000|100%| E|CS|TAMS 0x00000000fde00000| PB 0x00000000fde00000| Complete |  0
|2015|0x00000000fdf00000, 0x00000000fe000000, 0x00000000fe000000|100%| E|CS|TAMS 0x00000000fdf00000| PB 0x00000000fdf00000| Complete |  0
|2016|0x00000000fe000000, 0x00000000fe100000, 0x00000000fe100000|100%| E|CS|TAMS 0x00000000fe000000| PB 0x00000000fe000000| Complete |  0
|2017|0x00000000fe100000, 0x00000000fe200000, 0x00000000fe200000|100%| E|CS|TAMS 0x00000000fe100000| PB 0x00000000fe100000| Complete |  0
|2018|0x00000000fe200000, 0x00000000fe300000, 0x00000000fe300000|100%| E|CS|TAMS 0x00000000fe200000| PB 0x00000000fe200000| Complete |  0
|2019|0x00000000fe300000, 0x00000000fe400000, 0x00000000fe400000|100%| E|CS|TAMS 0x00000000fe300000| PB 0x00000000fe300000| Complete |  0
|2020|0x00000000fe400000, 0x00000000fe500000, 0x00000000fe500000|100%| E|CS|TAMS 0x00000000fe400000| PB 0x00000000fe400000| Complete |  0
|2021|0x00000000fe500000, 0x00000000fe600000, 0x00000000fe600000|100%| E|CS|TAMS 0x00000000fe500000| PB 0x00000000fe500000| Complete |  0
|2022|0x00000000fe600000, 0x00000000fe700000, 0x00000000fe700000|100%| E|CS|TAMS 0x00000000fe600000| PB 0x00000000fe600000| Complete |  0
|2023|0x00000000fe700000, 0x00000000fe800000, 0x00000000fe800000|100%| E|CS|TAMS 0x00000000fe700000| PB 0x00000000fe700000| Complete |  0
|2024|0x00000000fe800000, 0x00000000fe900000, 0x00000000fe900000|100%| E|CS|TAMS 0x00000000fe800000| PB 0x00000000fe800000| Complete |  0
|2025|0x00000000fe900000, 0x00000000fea00000, 0x00000000fea00000|100%| E|CS|TAMS 0x00000000fe900000| PB 0x00000000fe900000| Complete |  0
|2026|0x00000000fea00000, 0x00000000feb00000, 0x00000000feb00000|100%| E|CS|TAMS 0x00000000fea00000| PB 0x00000000fea00000| Complete |  0
|2027|0x00000000feb00000, 0x00000000fec00000, 0x00000000fec00000|100%| O|  |TAMS 0x00000000feb00000| PB 0x00000000feb00000| Untracked |  0
|2028|0x00000000fec00000, 0x00000000fed00000, 0x00000000fed00000|100%| O|  |TAMS 0x00000000fec00000| PB 0x00000000fec00000| Untracked |  0
|2029|0x00000000fed00000, 0x00000000fee00000, 0x00000000fee00000|100%| E|CS|TAMS 0x00000000fed00000| PB 0x00000000fed00000| Complete |  0
|2030|0x00000000fee00000, 0x00000000fef00000, 0x00000000fef00000|100%| E|CS|TAMS 0x00000000fee00000| PB 0x00000000fee00000| Complete |  0
|2031|0x00000000fef00000, 0x00000000ff000000, 0x00000000ff000000|100%| O|  |TAMS 0x00000000fef00000| PB 0x00000000fef00000| Untracked |  0
|2032|0x00000000ff000000, 0x00000000ff100000, 0x00000000ff100000|100%| O|  |TAMS 0x00000000ff000000| PB 0x00000000ff000000| Untracked |  0
|2033|0x00000000ff100000, 0x00000000ff200000, 0x00000000ff200000|100%| O|  |TAMS 0x00000000ff100000| PB 0x00000000ff100000| Untracked |  0
|2034|0x00000000ff200000, 0x00000000ff300000, 0x00000000ff300000|100%| O|  |TAMS 0x00000000ff200000| PB 0x00000000ff200000| Untracked |  0
|2035|0x00000000ff300000, 0x00000000ff400000, 0x00000000ff400000|100%| E|CS|TAMS 0x00000000ff300000| PB 0x00000000ff300000| Complete |  0
|2036|0x00000000ff400000, 0x00000000ff500000, 0x00000000ff500000|100%| E|CS|TAMS 0x00000000ff400000| PB 0x00000000ff400000| Complete |  0
|2037|0x00000000ff500000, 0x00000000ff600000, 0x00000000ff600000|100%| E|CS|TAMS 0x00000000ff500000| PB 0x00000000ff500000| Complete |  0
|2038|0x00000000ff600000, 0x00000000ff700000, 0x00000000ff700000|100%| E|CS|TAMS 0x00000000ff600000| PB 0x00000000ff600000| Complete |  0
|2039|0x00000000ff700000, 0x00000000ff800000, 0x00000000ff800000|100%| E|CS|TAMS 0x00000000ff700000| PB 0x00000000ff700000| Complete |  0
|2040|0x00000000ff800000, 0x00000000ff900000, 0x00000000ff900000|100%| E|CS|TAMS 0x00000000ff800000| PB 0x00000000ff800000| Complete |  0
|2041|0x00000000ff900000, 0x00000000ffa00000, 0x00000000ffa00000|100%| E|CS|TAMS 0x00000000ff900000| PB 0x00000000ff900000| Complete |  0
|2042|0x00000000ffa00000, 0x00000000ffb00000, 0x00000000ffb00000|100%| O|  |TAMS 0x00000000ffa00000| PB 0x00000000ffa00000| Untracked |  0
|2043|0x00000000ffb00000, 0x00000000ffc00000, 0x00000000ffc00000|100%| O|  |TAMS 0x00000000ffb00000| PB 0x00000000ffb00000| Untracked |  0
|2044|0x00000000ffc00000, 0x00000000ffd00000, 0x00000000ffd00000|100%| O|  |TAMS 0x00000000ffc00000| PB 0x00000000ffc00000| Untracked |  0
|2045|0x00000000ffd00000, 0x00000000ffe00000, 0x00000000ffe00000|100%| O|  |TAMS 0x00000000ffd00000| PB 0x00000000ffd00000| Untracked |  0
|2046|0x00000000ffe00000, 0x00000000fff00000, 0x00000000fff00000|100%| O|  |TAMS 0x00000000ffe00000| PB 0x00000000ffe00000| Untracked |  0
|2047|0x00000000fff00000, 0x0000000100000000, 0x0000000100000000|100%| E|CS|TAMS 0x00000000fff00000| PB 0x00000000fff00000| Complete |  0

Card table byte_map: [0x0000794102400000,0x0000794102800000] _byte_map_base: 0x0000794102000000

Marking Bits: (CMBitMap*) 0x00007940fc0902e0
 Bits: [0x0000794100400000, 0x0000794102400000)

Polling page: 0x0000794105aa1000

Metaspace:
Metaspace        used 275657K, committed 278400K, reserved 1310720K
 class space     used 37296K, committed 38208K, reserved 1048576K

Usage:
  Non-class:    232.77 MB used.
      Class:     36.42 MB used.
       Both:    269.20 MB used.

Virtual space:
  Non-class space:      256.00 MB reserved,     234.56 MB ( 92%) committed,  4 nodes.
      Class space:        1.00 GB reserved,      37.31 MB (  4%) committed,  1 nodes.
             Both:        1.25 GB reserved,     271.88 MB ( 21%) committed. 

Chunk freelists:
   Non-Class:  6.26 MB
       Class:  10.74 MB
        Both:  17.00 MB

MaxMetaspaceSize: unlimited
CompressedClassSpaceSize: 1.00 GB
Initial GC threshold: 21.00 MB
Current GC threshold: 457.94 MB
CDS: on
 - commit_granule_bytes: 65536.
 - commit_granule_words: 8192.
 - virtual_space_node_default_size: 8388608.
 - enlarge_chunks_in_place: 1.
UseCompressedClassPointers 1, UseCompactObjectHeaders 0
Narrow klass pointer bits 32, Max shift 3
Narrow klass base: 0x0000000005000000, Narrow klass shift: 0
Encoding Range: [0x0000000005000000 - 0x0000000105000000), (4294967296 bytes)
Klass Range:    [0x0000000005001000 - 0x0000000047000000), (1107292160 bytes)
Klass ID Range:  [4096 - 1107296249) (1107292153)
Protection zone: [0x0000000005000000 - 0x0000000005001000), (4096 bytes)


Internal statistics:

num_allocs_failed_limit: 6.
num_arena_births: 6596.
num_arena_deaths: 3436.
num_vsnodes_births: 5.
num_vsnodes_deaths: 0.
num_space_committed: 4414.
num_space_uncommitted: 38.
num_chunks_returned_to_freelist: 4295.
num_chunks_taken_from_freelist: 20034.
num_chunk_merges: 1442.
num_chunk_splits: 12997.
num_chunks_enlarged: 9502.
num_inconsistent_stats: 0.

CodeHeap 'non-profiled nmethods': size=119168Kb used=28625Kb max_used=28625Kb free=90542Kb
 bounds [0x00007940f01a0000, 0x00007940f1da0000, 0x00007940f7600000]
CodeHeap 'profiled nmethods': size=119168Kb used=64926Kb max_used=83923Kb free=54241Kb
 bounds [0x00007940e85ff000, 0x00007940ed88f000, 0x00007940efa5f000]
CodeHeap 'non-nmethods': size=7428Kb used=4584Kb max_used=4806Kb free=2843Kb
 bounds [0x00007940efa5f000, 0x00007940eff2f000, 0x00007940f01a0000]
CodeCache: size=245764Kb, used=98135Kb, max_used=117354Kb, free=147626Kb
 total_blobs=34604, nmethods=33154, adapters=1344, full_count=0
Compilation: enabled, stopped_count=0, restarted_count=0

Compilation events (20 events):
Event: 7590.752 Thread 0x00007940a08c55e0 nmethod 94504 0x00007940f1d45388 code [0x00007940f1d45480, 0x00007940f1d454f8]
Event: 7590.752 Thread 0x00007940a08c55e0 93454       4       org.gradle.internal.instantiation.generator.AbstractClassGenerator$ClassGenerationHandler::visitInstanceMethod (1 bytes)
Event: 7590.752 Thread 0x00007940a08c55e0 nmethod 93454 0x00007940f1d45688 code [0x00007940f1d45780, 0x00007940f1d457f8]
Event: 7590.752 Thread 0x00007940a08c55e0 94053       4       org.gradle.tooling.internal.provider.runner.BuildPhaseOperationListener::progress (1 bytes)
Event: 7590.752 Thread 0x00007940a08c55e0 nmethod 94053 0x00007940f1d45988 code [0x00007940f1d45a80, 0x00007940f1d45af8]
Event: 7590.752 Thread 0x00007940a08c55e0 94151       4       org.gradle.internal.metaobject.DynamicInvokeResult::notFound (4 bytes)
Event: 7590.752 Thread 0x00007940a08c55e0 nmethod 94151 0x00007940f1d45c88 code [0x00007940f1d45d80, 0x00007940f1d45df0]
Event: 7590.752 Thread 0x00007940a08c55e0 94382       4       org.gradle.internal.fingerprint.impl.NameOnlyFingerprintingStrategy::getHashingStrategy (4 bytes)
Event: 7590.752 Thread 0x00007940a08c55e0 nmethod 94382 0x00007940f1d45f88 code [0x00007940f1d46080, 0x00007940f1d46100]
Event: 7590.752 Thread 0x00007940a08c55e0 93556       4       com.sun.beans.util.Cache::index (7 bytes)
Event: 7590.752 Thread 0x00007940a08c55e0 nmethod 93556 0x00007940f1d46288 code [0x00007940f1d46380, 0x00007940f1d46400]
Event: 7590.752 Thread 0x00007940a08c55e0 94408       4       java.util.stream.Streams$RangeIntSpliterator::estimateSize (18 bytes)
Event: 7590.752 Thread 0x00007940a08c55e0 nmethod 94408 0x00007940f1d46588 code [0x00007940f1d46680, 0x00007940f1d46708]
Event: 7590.752 Thread 0x00007940a08c55e0 94072       4       org.gradle.internal.instantiation.generator.AbstractClassGenerator$ClassGenerationHandler::startType (1 bytes)
Event: 7590.752 Thread 0x00007940a08c55e0 nmethod 94072 0x00007940f1d46888 code [0x00007940f1d46980, 0x00007940f1d469f8]
Event: 7590.752 Thread 0x00007940a08c55e0 94295       4       jdk.internal.misc.Unsafe::putIntOpaque (9 bytes)
Event: 7590.753 Thread 0x00007940fc194f90 94550       3       java.lang.invoke.MethodHandle::asSpreader (16 bytes)
Event: 7590.753 Thread 0x00007940a08c55e0 nmethod 94295 0x00007940f1d46b88 code [0x00007940f1d46c80, 0x00007940f1d46d00]
Event: 7590.753 Thread 0x00007940a08c55e0 93883       4       java.util.Arrays::copyOfRange (11 bytes)
Event: 7590.753 Thread 0x00007940fc194f90 nmethod 94550 0x00007940e93b4408 code [0x00007940e93b4500, 0x00007940e93b4840]

GC Heap Usage History (20 events):
Event: 7272.563 {heap Before GC invocations=136 (full 0):
 garbage-first heap   total reserved 2097152K, committed 1034240K, used 671744K [0x0000000080000000, 0x0000000100000000)
  region size 1024K, 340 young (348160K), 9 survivors (9216K)
}
Event: 7272.571 {heap After GC invocations=137 (full 0):
 garbage-first heap   total reserved 2097152K, committed 1034240K, used 392704K [0x0000000080000000, 0x0000000100000000)
  region size 1024K, 65 young (66560K), 65 survivors (66560K)
}
Event: 7274.476 {heap Before GC invocations=138 (full 0):
 garbage-first heap   total reserved 2097152K, committed 1034240K, used 630272K [0x0000000080000000, 0x0000000100000000)
  region size 1024K, 301 young (308224K), 65 survivors (66560K)
}
Event: 7274.485 {heap After GC invocations=139 (full 0):
 garbage-first heap   total reserved 2097152K, committed 1034240K, used 422360K [0x0000000080000000, 0x0000000100000000)
  region size 1024K, 31 young (31744K), 31 survivors (31744K)
}
Event: 7276.822 {heap Before GC invocations=140 (full 0):
 garbage-first heap   total reserved 2097152K, committed 1034240K, used 897496K [0x0000000080000000, 0x0000000100000000)
  region size 1024K, 495 young (506880K), 31 survivors (31744K)
}
Event: 7276.827 {heap After GC invocations=141 (full 0):
 garbage-first heap   total reserved 2097152K, committed 1034240K, used 423384K [0x0000000080000000, 0x0000000100000000)
  region size 1024K, 32 young (32768K), 32 survivors (32768K)
}
Event: 7276.930 {heap Before GC invocations=141 (full 0):
 garbage-first heap   total reserved 2097152K, committed 1034240K, used 448984K [0x0000000080000000, 0x0000000100000000)
  region size 1024K, 58 young (59392K), 32 survivors (32768K)
}
Event: 7276.936 {heap After GC invocations=142 (full 0):
 garbage-first heap   total reserved 2097152K, committed 1034240K, used 429931K [0x0000000080000000, 0x0000000100000000)
  region size 1024K, 39 young (39936K), 39 survivors (39936K)
}
Event: 7278.608 {heap Before GC invocations=143 (full 0):
 garbage-first heap   total reserved 2097152K, committed 1034240K, used 931691K [0x0000000080000000, 0x0000000100000000)
  region size 1024K, 528 young (540672K), 39 survivors (39936K)
}
Event: 7278.626 {heap After GC invocations=144 (full 0):
 garbage-first heap   total reserved 2097152K, committed 1082368K, used 541521K [0x0000000080000000, 0x0000000100000000)
  region size 1024K, 66 young (67584K), 66 survivors (67584K)
}
Event: 7279.999 {heap Before GC invocations=144 (full 0):
 garbage-first heap   total reserved 2097152K, committed 1082368K, used 944977K [0x0000000080000000, 0x0000000100000000)
  region size 1024K, 460 young (471040K), 66 survivors (67584K)
}
Event: 7280.011 {heap After GC invocations=145 (full 0):
 garbage-first heap   total reserved 2097152K, committed 1082368K, used 533504K [0x0000000080000000, 0x0000000100000000)
  region size 1024K, 36 young (36864K), 36 survivors (36864K)
}
Event: 7280.592 {heap Before GC invocations=145 (full 0):
 garbage-first heap   total reserved 2097152K, committed 1082368K, used 720896K [0x0000000080000000, 0x0000000100000000)
  region size 1024K, 220 young (225280K), 36 survivors (36864K)
}
Event: 7280.598 {heap After GC invocations=146 (full 0):
 garbage-first heap   total reserved 2097152K, committed 1082368K, used 543744K [0x0000000080000000, 0x0000000100000000)
  region size 1024K, 12 young (12288K), 12 survivors (12288K)
}
Event: 7281.829 {heap Before GC invocations=147 (full 0):
 garbage-first heap   total reserved 2097152K, committed 1082368K, used 908288K [0x0000000080000000, 0x0000000100000000)
  region size 1024K, 422 young (432128K), 12 survivors (12288K)
}
Event: 7281.837 {heap After GC invocations=148 (full 0):
 garbage-first heap   total reserved 2097152K, committed 1082368K, used 525824K [0x0000000080000000, 0x0000000100000000)
  region size 1024K, 50 young (51200K), 50 survivors (51200K)
}
Event: 7282.195 {heap Before GC invocations=148 (full 0):
 garbage-first heap   total reserved 2097152K, committed 1082368K, used 955904K [0x0000000080000000, 0x0000000100000000)
  region size 1024K, 471 young (482304K), 50 survivors (51200K)
}
Event: 7282.205 {heap After GC invocations=149 (full 0):
 garbage-first heap   total reserved 2097152K, committed 1082368K, used 451584K [0x0000000080000000, 0x0000000100000000)
  region size 1024K, 11 young (11264K), 11 survivors (11264K)
}
Event: 7282.645 {heap Before GC invocations=149 (full 0):
 garbage-first heap   total reserved 2097152K, committed 1082368K, used 956416K [0x0000000080000000, 0x0000000100000000)
  region size 1024K, 505 young (517120K), 11 survivors (11264K)
}
Event: 7282.647 {heap After GC invocations=150 (full 0):
 garbage-first heap   total reserved 2097152K, committed 1082368K, used 448588K [0x0000000080000000, 0x0000000100000000)
  region size 1024K, 8 young (8192K), 8 survivors (8192K)
}

Metaspace Usage History (20 events):
Event: 7272.563 {metaspace Before GC invocations=136 (full 0):
 Metaspace       used 246633K, committed 248192K, reserved 1310720K
  class space    used 34556K, committed 35328K, reserved 1048576K
}
Event: 7272.571 {metaspace After GC invocations=137 (full 0):
 Metaspace       used 246633K, committed 248192K, reserved 1310720K
  class space    used 34556K, committed 35328K, reserved 1048576K
}
Event: 7274.476 {metaspace Before GC invocations=138 (full 0):
 Metaspace       used 264515K, committed 265984K, reserved 1310720K
  class space    used 36326K, committed 37056K, reserved 1048576K
}
Event: 7274.485 {metaspace After GC invocations=139 (full 0):
 Metaspace       used 264515K, committed 265984K, reserved 1310720K
  class space    used 36326K, committed 37056K, reserved 1048576K
}
Event: 7276.822 {metaspace Before GC invocations=140 (full 0):
 Metaspace       used 275232K, committed 276736K, reserved 1310720K
  class space    used 37301K, committed 38016K, reserved 1048576K
}
Event: 7276.827 {metaspace After GC invocations=141 (full 0):
 Metaspace       used 275232K, committed 276736K, reserved 1310720K
  class space    used 37301K, committed 38016K, reserved 1048576K
}
Event: 7276.930 {metaspace Before GC invocations=141 (full 0):
 Metaspace       used 275802K, committed 277312K, reserved 1310720K
  class space    used 37349K, committed 38080K, reserved 1048576K
}
Event: 7276.936 {metaspace After GC invocations=142 (full 0):
 Metaspace       used 275802K, committed 277312K, reserved 1310720K
  class space    used 37349K, committed 38080K, reserved 1048576K
}
Event: 7278.608 {metaspace Before GC invocations=143 (full 0):
 Metaspace       used 277322K, committed 278848K, reserved 1310720K
  class space    used 37405K, committed 38144K, reserved 1048576K
}
Event: 7278.626 {metaspace After GC invocations=144 (full 0):
 Metaspace       used 277322K, committed 278848K, reserved 1310720K
  class space    used 37405K, committed 38144K, reserved 1048576K
}
Event: 7279.999 {metaspace Before GC invocations=144 (full 0):
 Metaspace       used 280616K, committed 282112K, reserved 1310720K
  class space    used 37660K, committed 38400K, reserved 1048576K
}
Event: 7280.011 {metaspace After GC invocations=145 (full 0):
 Metaspace       used 280616K, committed 282112K, reserved 1310720K
  class space    used 37660K, committed 38400K, reserved 1048576K
}
Event: 7280.592 {metaspace Before GC invocations=145 (full 0):
 Metaspace       used 280771K, committed 282304K, reserved 1310720K
  class space    used 37662K, committed 38400K, reserved 1048576K
}
Event: 7280.598 {metaspace After GC invocations=146 (full 0):
 Metaspace       used 280771K, committed 282304K, reserved 1310720K
  class space    used 37662K, committed 38400K, reserved 1048576K
}
Event: 7281.829 {metaspace Before GC invocations=147 (full 0):
 Metaspace       used 277817K, committed 281344K, reserved 1310720K
  class space    used 37375K, committed 38464K, reserved 1048576K
}
Event: 7281.837 {metaspace After GC invocations=148 (full 0):
 Metaspace       used 277817K, committed 281344K, reserved 1310720K
  class space    used 37375K, committed 38464K, reserved 1048576K
}
Event: 7282.195 {metaspace Before GC invocations=148 (full 0):
 Metaspace       used 277819K, committed 281344K, reserved 1310720K
  class space    used 37375K, committed 38464K, reserved 1048576K
}
Event: 7282.205 {metaspace After GC invocations=149 (full 0):
 Metaspace       used 277819K, committed 281344K, reserved 1310720K
  class space    used 37375K, committed 38464K, reserved 1048576K
}
Event: 7282.645 {metaspace Before GC invocations=149 (full 0):
 Metaspace       used 277822K, committed 281344K, reserved 1310720K
  class space    used 37375K, committed 38464K, reserved 1048576K
}
Event: 7282.647 {metaspace After GC invocations=150 (full 0):
 Metaspace       used 277822K, committed 281344K, reserved 1310720K
  class space    used 37375K, committed 38464K, reserved 1048576K
}

Dll operation events (20 events):
Event: 0.033 Attempting to load shared library /home/oppa-ai/.gradle/jdks/jetbrains_s_r_o_-25-amd64-linux.2/lib/libzip.so
Event: 0.033 Loaded shared library /home/oppa-ai/.gradle/jdks/jetbrains_s_r_o_-25-amd64-linux.2/lib/libzip.so
Event: 0.058 Attempting to load shared library /home/oppa-ai/.gradle/jdks/jetbrains_s_r_o_-25-amd64-linux.2/lib/libnet.so
Event: 0.058 Loaded shared library /home/oppa-ai/.gradle/jdks/jetbrains_s_r_o_-25-amd64-linux.2/lib/libnet.so
Event: 0.080 Attempting to load shared library /home/oppa-ai/.gradle/jdks/jetbrains_s_r_o_-25-amd64-linux.2/lib/libjimage.so
Event: 0.080 Loaded shared library /home/oppa-ai/.gradle/jdks/jetbrains_s_r_o_-25-amd64-linux.2/lib/libjimage.so
Event: 0.150 Attempting to load shared library /home/oppa-ai/.gradle/jdks/jetbrains_s_r_o_-25-amd64-linux.2/lib/libverify.so
Event: 0.150 Loaded shared library /home/oppa-ai/.gradle/jdks/jetbrains_s_r_o_-25-amd64-linux.2/lib/libverify.so
Event: 0.157 Attempting to load shared library /home/oppa-ai/.gradle/native/660c5614fbf4a5f2a75b1949f50a0caf5cd603558e7d8a26e50b933a0cfb79d1/linux-amd64/libnative-platform.so
Event: 0.157 Loaded shared library /home/oppa-ai/.gradle/native/660c5614fbf4a5f2a75b1949f50a0caf5cd603558e7d8a26e50b933a0cfb79d1/linux-amd64/libnative-platform.so
Event: 0.163 Attempting to load shared library /home/oppa-ai/.gradle/native/0.2.8/x86_64-linux-gnu/libgradle-fileevents.so
Event: 0.166 Loaded shared library /home/oppa-ai/.gradle/native/0.2.8/x86_64-linux-gnu/libgradle-fileevents.so
Event: 0.536 Attempting to load shared library /home/oppa-ai/.gradle/jdks/jetbrains_s_r_o_-25-amd64-linux.2/lib/libmanagement.so
Event: 0.536 Loaded shared library /home/oppa-ai/.gradle/jdks/jetbrains_s_r_o_-25-amd64-linux.2/lib/libmanagement.so
Event: 0.536 Attempting to load shared library /home/oppa-ai/.gradle/jdks/jetbrains_s_r_o_-25-amd64-linux.2/lib/libmanagement_ext.so
Event: 0.536 Loaded shared library /home/oppa-ai/.gradle/jdks/jetbrains_s_r_o_-25-amd64-linux.2/lib/libmanagement_ext.so
Event: 0.582 Attempting to load shared library /home/oppa-ai/.gradle/jdks/jetbrains_s_r_o_-25-amd64-linux.2/lib/libextnet.so
Event: 0.582 Loaded shared library /home/oppa-ai/.gradle/jdks/jetbrains_s_r_o_-25-amd64-linux.2/lib/libextnet.so
Event: 7.486 Attempting to load shared library /home/oppa-ai/.gradle/jdks/jetbrains_s_r_o_-25-amd64-linux.2/lib/librmi.so
Event: 7.486 Loaded shared library /home/oppa-ai/.gradle/jdks/jetbrains_s_r_o_-25-amd64-linux.2/lib/librmi.so

Deoptimization events (20 events):
Event: 7590.685 Thread 0x0000793ff4000f50 DEOPT PACKING pc=0x00007940f05e6710 sp=0x0000793e9a8f4bc0
Event: 7590.685 Thread 0x0000793ff4000f50 DEOPT UNPACKING pc=0x00007940efb7b779 sp=0x0000793e9a8f4b60 mode 2
Event: 7590.696 Thread 0x0000793fc8035030 DEOPT PACKING pc=0x00007940e90caf34 sp=0x0000793fa82fe740
Event: 7590.696 Thread 0x0000793fc8035030 DEOPT UNPACKING pc=0x00007940efaaffef sp=0x0000793fa82fdca8 mode 0
Event: 7590.696 Thread 0x0000793fc8035030 DEOPT PACKING pc=0x00007940e8f490ec sp=0x0000793fa82fe850
Event: 7590.696 Thread 0x0000793fc8035030 DEOPT UNPACKING pc=0x00007940efaaffef sp=0x0000793fa82fdd28 mode 0
Event: 7590.696 Thread 0x0000793fc8035030 DEOPT PACKING pc=0x00007940e8cc0bbc sp=0x0000793fa82fe8d0
Event: 7590.696 Thread 0x0000793fc8035030 DEOPT UNPACKING pc=0x00007940efaaffef sp=0x0000793fa82fde18 mode 0
Event: 7590.708 Thread 0x0000793fc802eaf0 DEOPT PACKING pc=0x00007940e90caf34 sp=0x000079409c8ee740
Event: 7590.708 Thread 0x0000793fc802eaf0 DEOPT UNPACKING pc=0x00007940efaaffef sp=0x000079409c8edca8 mode 0
Event: 7590.708 Thread 0x0000793fc802eaf0 DEOPT PACKING pc=0x00007940e8f490ec sp=0x000079409c8ee850
Event: 7590.708 Thread 0x0000793fc802eaf0 DEOPT UNPACKING pc=0x00007940efaaffef sp=0x000079409c8edd28 mode 0
Event: 7590.708 Thread 0x0000793fc802eaf0 DEOPT PACKING pc=0x00007940e8cc0bbc sp=0x000079409c8ee8d0
Event: 7590.708 Thread 0x0000793fc802eaf0 DEOPT UNPACKING pc=0x00007940efaaffef sp=0x000079409c8ede18 mode 0
Event: 7590.733 Thread 0x0000793fc80235c0 DEOPT PACKING pc=0x00007940e90caf34 sp=0x0000793fa95fe740
Event: 7590.733 Thread 0x0000793fc80235c0 DEOPT UNPACKING pc=0x00007940efaaffef sp=0x0000793fa95fdca8 mode 0
Event: 7590.733 Thread 0x0000793fc80235c0 DEOPT PACKING pc=0x00007940e8f490ec sp=0x0000793fa95fe850
Event: 7590.733 Thread 0x0000793fc80235c0 DEOPT UNPACKING pc=0x00007940efaaffef sp=0x0000793fa95fdd28 mode 0
Event: 7590.733 Thread 0x0000793fc80235c0 DEOPT PACKING pc=0x00007940e8cc0bbc sp=0x0000793fa95fe8d0
Event: 7590.733 Thread 0x0000793fc80235c0 DEOPT UNPACKING pc=0x00007940efaaffef sp=0x0000793fa95fde18 mode 0

Classes loaded (20 events):
Event: 4694.788 Loading class com/sun/org/apache/xerces/internal/dom/DeferredNode done
Event: 4694.788 Loading class com/sun/org/apache/xerces/internal/dom/DeferredDocumentImpl done
Event: 4694.791 Loading class com/sun/org/apache/xerces/internal/dom/DeferredDocumentImpl$RefCount
Event: 4694.791 Loading class com/sun/org/apache/xerces/internal/dom/DeferredDocumentImpl$RefCount done
Event: 4694.792 Loading class com/sun/org/apache/xerces/internal/dom/DeferredElementImpl
Event: 4694.792 Loading class com/sun/org/apache/xerces/internal/dom/DeferredElementImpl done
Event: 4694.793 Loading class com/sun/org/apache/xerces/internal/dom/DeferredTextImpl
Event: 4694.793 Loading class com/sun/org/apache/xerces/internal/dom/DeferredTextImpl done
Event: 4694.794 Loading class com/sun/org/apache/xerces/internal/dom/DeferredAttrImpl
Event: 4694.794 Loading class com/sun/org/apache/xerces/internal/dom/DeferredAttrImpl done
Event: 7268.169 Loading class javax/swing/Icon
Event: 7268.169 Loading class javax/swing/Icon done
Event: 7268.522 Loading class java/lang/reflect/InaccessibleObjectException
Event: 7268.522 Loading class java/lang/reflect/InaccessibleObjectException done
Event: 7268.522 Loading class sun/misc/VM
Event: 7268.522 Loading class sun/misc/VM done
Event: 7276.505 Loading class java/text/MessageFormat$FormatType
Event: 7276.505 Loading class java/text/MessageFormat$FormatType done
Event: 7276.506 Loading class java/text/MessageFormat$FormatStyle
Event: 7276.506 Loading class java/text/MessageFormat$FormatStyle done

Classes unloaded (20 events):
Event: 7282.704 Thread 0x00007940fc178730 Unloading class 0x000000000951a248 'androidx/compose/compiler/plugins/kotlin/k1/ComposableCallChecker'
Event: 7282.704 Thread 0x00007940fc178730 Unloading class 0x000000000951a000 'androidx/compose/compiler/plugins/kotlin/ComposeFqNamesKt'
Event: 7282.704 Thread 0x00007940fc178730 Unloading class 0x0000000009519c68 'androidx/compose/compiler/plugins/kotlin/ComposeClassIds'
Event: 7282.704 Thread 0x00007940fc178730 Unloading class 0x0000000009519a20 'androidx/compose/compiler/plugins/kotlin/ComposeConfiguration'
Event: 7282.704 Thread 0x00007940fc178730 Unloading class 0x00000000095197d8 'org/jetbrains/kotlinx/serialization/compiler/extensions/SerializationPluginOptions$Companion'
Event: 7282.704 Thread 0x00007940fc178730 Unloading class 0x0000000009519530 'org/jetbrains/kotlinx/serialization/compiler/extensions/SerializationPluginOptions'
Event: 7282.704 Thread 0x00007940fc178730 Unloading class 0x00000000095192e8 'androidx/compose/compiler/plugins/kotlin/ComposePluginKt'
Event: 7282.704 Thread 0x00007940fc178730 Unloading class 0x00000000095190a0 'androidx/compose/compiler/plugins/kotlin/FeatureFlag$Companion'
Event: 7282.704 Thread 0x00007940fc178730 Unloading class 0x0000000009518be0 'androidx/compose/compiler/plugins/kotlin/FeatureFlag'
Event: 7282.704 Thread 0x00007940fc178730 Unloading class 0x0000000009518998 'androidx/compose/compiler/plugins/kotlin/ComposeCommandLineProcessor$Companion'
Event: 7282.704 Thread 0x00007940fc178730 Unloading class 0x00000000095186f0 'androidx/compose/compiler/plugins/kotlin/ComposeCommandLineProcessor'
Event: 7282.704 Thread 0x00007940fc178730 Unloading class 0x00000000095184a8 'org/jetbrains/kotlinx/serialization/compiler/extensions/SerializationComponentRegistrar$Companion'
Event: 7282.704 Thread 0x00007940fc178730 Unloading class 0x0000000009518248 'org/jetbrains/kotlinx/serialization/compiler/extensions/SerializationComponentRegistrar'
Event: 7282.704 Thread 0x00007940fc178730 Unloading class 0x0000000009518000 'androidx/compose/compiler/plugins/kotlin/ComposePluginRegistrar$Companion'
Event: 7282.704 Thread 0x00007940fc178730 Unloading class 0x0000000009508400 'androidx/compose/compiler/plugins/kotlin/ComposePluginRegistrar'
Event: 7282.704 Thread 0x00007940fc178730 Unloading class 0x000000000937d000 'java/lang/invoke/LambdaForm$MH+0x000000000937d000'
Event: 7282.704 Thread 0x00007940fc178730 Unloading class 0x000000000937cc00 'java/lang/invoke/LambdaForm$DMH+0x000000000937cc00'
Event: 7282.704 Thread 0x00007940fc178730 Unloading class 0x000000000937c800 'java/lang/invoke/LambdaForm$DMH+0x000000000937c800'
Event: 7282.704 Thread 0x00007940fc178730 Unloading class 0x000000000937c400 'java/lang/invoke/LambdaForm$DMH+0x000000000937c400'
Event: 7282.704 Thread 0x00007940fc178730 Unloading class 0x000000000937c000 'java/lang/invoke/LambdaForm$DMH+0x000000000937c000'

Classes redefined (0 events):
No events

Internal exceptions (20 events):
Event: 7590.643 Thread 0x0000793ff4000f50 Exception <a 'java/lang/ClassNotFoundException'{0x00000000b1d13328}: ijMapper1_9fb8wewrz3bxf6mrn7q6420bqCustomizer> (0x00000000b1d13328) 
thrown [src/hotspot/share/classfile/systemDictionary.cpp, line 328]
Event: 7590.646 Thread 0x0000793ff4000f50 Exception <a 'java/lang/NoSuchMethodError'{0x00000000b1d6e408}: 'java.lang.Object java.lang.invoke.DelegatingMethodHandle$Holder.reinvoke_L(java.lang.Object, java.lang.Object, java.lang.Object, java.lang.Object, java.lang.Object, int, java.lang.Object)'> (0x00000000b1d6e408) 
thrown [src/hotspot/share/interpreter/linkResolver.cpp, line 814]
Event: 7590.647 Thread 0x0000793ff4000f50 Exception <a 'java/lang/NoSuchMethodError'{0x00000000b1d892a0}: 'java.lang.Object java.lang.invoke.DelegatingMethodHandle$Holder.reinvoke_L(java.lang.Object, java.lang.Object, java.lang.Object, java.lang.Object, int, java.lang.Object, java.lang.Object, java.lang.Object, java.lang.Object, java.lang.Object)'> (0x00000000b1d892a0) 
thrown [src/hotspot/share/interpreter/linkResolver.cpp, line 814]
Event: 7590.648 Thread 0x0000793ff4000f50 Implicit null exception at 0x00007940f01cbe6b to 0x00007940f01cbebc
Event: 7590.669 Thread 0x0000793ff4000f50 Exception <a 'java/lang/ClassNotFoundException'{0x00000000b19aa668}: sync_studio_tooling4_a5a8fe20s389l5gpmf3ihbqraBeanInfo> (0x00000000b19aa668) 
thrown [src/hotspot/share/classfile/systemDictionary.cpp, line 328]
Event: 7590.669 Thread 0x0000793ff4000f50 Exception <a 'java/lang/ClassNotFoundException'{0x00000000b19b3368}: sync_studio_tooling4_a5a8fe20s389l5gpmf3ihbqraCustomizer> (0x00000000b19b3368) 
thrown [src/hotspot/share/classfile/systemDictionary.cpp, line 328]
Event: 7590.681 Thread 0x0000793ff4000f50 Exception <a 'java/lang/ClassNotFoundException'{0x00000000b165bba0}: sync_studio_tooling4_a5a8fe20s389l5gpmf3ihbqra$_run_closure1BeanInfo> (0x00000000b165bba0) 
thrown [src/hotspot/share/classfile/systemDictionary.cpp, line 328]
Event: 7590.681 Thread 0x0000793ff4000f50 Exception <a 'java/lang/ClassNotFoundException'{0x00000000b1664080}: sync_studio_tooling4_a5a8fe20s389l5gpmf3ihbqra$_run_closure1Customizer> (0x00000000b1664080) 
thrown [src/hotspot/share/classfile/systemDictionary.cpp, line 328]
Event: 7590.700 Thread 0x0000793ff4000f50 Exception <a 'java/lang/ClassNotFoundException'{0x00000000b1360130}: sync_studio_tooling4_a5a8fe20s389l5gpmf3ihbqraBeanInfo> (0x00000000b1360130) 
thrown [src/hotspot/share/classfile/systemDictionary.cpp, line 328]
Event: 7590.700 Thread 0x0000793ff4000f50 Exception <a 'java/lang/ClassNotFoundException'{0x00000000b1368c70}: sync_studio_tooling4_a5a8fe20s389l5gpmf3ihbqraCustomizer> (0x00000000b1368c70) 
thrown [src/hotspot/share/classfile/systemDictionary.cpp, line 328]
Event: 7590.710 Thread 0x0000793ff4000f50 Exception <a 'java/lang/ClassNotFoundException'{0x00000000b1285808}: ijInit1_11vqlwagrmqhcgwnw0hsow9saBeanInfo> (0x00000000b1285808) 
thrown [src/hotspot/share/classfile/systemDictionary.cpp, line 328]
Event: 7590.711 Thread 0x0000793ff4000f50 Exception <a 'java/lang/ClassNotFoundException'{0x00000000b128e2f0}: ijInit1_11vqlwagrmqhcgwnw0hsow9saCustomizer> (0x00000000b128e2f0) 
thrown [src/hotspot/share/classfile/systemDictionary.cpp, line 328]
Event: 7590.715 Thread 0x0000793ff4000f50 Exception <a 'java/lang/ClassNotFoundException'{0x00000000b12ce818}: ijInit1_11vqlwagrmqhcgwnw0hsow9sa$_run_closure1BeanInfo> (0x00000000b12ce818) 
thrown [src/hotspot/share/classfile/systemDictionary.cpp, line 328]
Event: 7590.715 Thread 0x0000793ff4000f50 Exception <a 'java/lang/ClassNotFoundException'{0x00000000b12d3840}: ijInit1_11vqlwagrmqhcgwnw0hsow9sa$_run_closure1Customizer> (0x00000000b12d3840) 
thrown [src/hotspot/share/classfile/systemDictionary.cpp, line 328]
Event: 7590.735 Thread 0x0000793ff4000f50 Exception <a 'java/lang/ClassNotFoundException'{0x00000000b0aca290}: ijInit1_11vqlwagrmqhcgwnw0hsow9saBeanInfo> (0x00000000b0aca290) 
thrown [src/hotspot/share/classfile/systemDictionary.cpp, line 328]
Event: 7590.736 Thread 0x0000793ff4000f50 Exception <a 'java/lang/ClassNotFoundException'{0x00000000b0ad2d78}: ijInit1_11vqlwagrmqhcgwnw0hsow9saCustomizer> (0x00000000b0ad2d78) 
thrown [src/hotspot/share/classfile/systemDictionary.cpp, line 328]
Event: 7590.739 Thread 0x0000793ff4000f50 Exception <a 'java/lang/ClassNotFoundException'{0x00000000b0925550}: JetGradlePluginBeanInfo> (0x00000000b0925550) 
thrown [src/hotspot/share/classfile/systemDictionary.cpp, line 328]
Event: 7590.739 Thread 0x0000793ff4000f50 Exception <a 'java/lang/ClassNotFoundException'{0x00000000b092fe78}: JetGradlePluginCustomizer> (0x00000000b092fe78) 
thrown [src/hotspot/share/classfile/systemDictionary.cpp, line 328]
Event: 7590.743 Thread 0x0000793ff4000f50 Exception <a 'java/lang/ClassNotFoundException'{0x00000000b09d9e60}: com/intellij/gradle/toolingExtension/impl/model/utilDummyModel/DummyModelBeanInfo> (0x00000000b09d9e60) 
thrown [src/hotspot/share/classfile/systemDictionary.cpp, line 328]
Event: 7590.743 Thread 0x0000793ff4000f50 Exception <a 'java/lang/ClassNotFoundException'{0x00000000b09e23d8}: com/intellij/gradle/toolingExtension/impl/model/utilDummyModel/DummyModelCustomizer> (0x00000000b09e23d8) 
thrown [src/hotspot/share/classfile/systemDictionary.cpp, line 328]

VM Operations (20 events):
Event: 7321.644 Executing non-safepoint VM operation: HandshakeAllThreads (HandshakeForDeflation)
Event: 7321.644 Executing non-safepoint VM operation: HandshakeAllThreads (HandshakeForDeflation) done
Event: 7321.644 Executing non-safepoint VM operation: RendezvousGCThreads
Event: 7321.644 Executing non-safepoint VM operation: RendezvousGCThreads done
Event: 7381.658 Executing non-safepoint VM operation: HandshakeAllThreads (HandshakeForDeflation)
Event: 7381.658 Executing non-safepoint VM operation: HandshakeAllThreads (HandshakeForDeflation) done
Event: 7381.658 Executing non-safepoint VM operation: RendezvousGCThreads
Event: 7381.658 Executing non-safepoint VM operation: RendezvousGCThreads done
Event: 7441.671 Executing non-safepoint VM operation: HandshakeAllThreads (HandshakeForDeflation)
Event: 7441.671 Executing non-safepoint VM operation: HandshakeAllThreads (HandshakeForDeflation) done
Event: 7441.671 Executing non-safepoint VM operation: RendezvousGCThreads
Event: 7441.671 Executing non-safepoint VM operation: RendezvousGCThreads done
Event: 7501.686 Executing non-safepoint VM operation: HandshakeAllThreads (HandshakeForDeflation)
Event: 7501.686 Executing non-safepoint VM operation: HandshakeAllThreads (HandshakeForDeflation) done
Event: 7501.686 Executing non-safepoint VM operation: RendezvousGCThreads
Event: 7501.686 Executing non-safepoint VM operation: RendezvousGCThreads done
Event: 7561.700 Executing non-safepoint VM operation: HandshakeAllThreads (HandshakeForDeflation)
Event: 7561.700 Executing non-safepoint VM operation: HandshakeAllThreads (HandshakeForDeflation) done
Event: 7561.700 Executing non-safepoint VM operation: RendezvousGCThreads
Event: 7561.700 Executing non-safepoint VM operation: RendezvousGCThreads done

Memory protections (20 events):
Event: 7590.690 Protecting memory [0x0000793e9ab00000,0x0000793e9ab04000] with protection modes 0
Event: 7590.690 Protecting memory [0x0000793e9a900000,0x0000793e9a904000] with protection modes 0
Event: 7590.691 Protecting memory [0x000079409c0f0000,0x000079409c0f4000] with protection modes 0
Event: 7590.692 Protecting memory [0x0000793faa900000,0x0000793faa904000] with protection modes 0
Event: 7590.724 Protecting memory [0x000079409c8f0000,0x000079409c8f4000] with protection modes 0
Event: 7590.724 Protecting memory [0x0000793faba00000,0x0000793faba04000] with protection modes 0
Event: 7590.724 Protecting memory [0x0000793e9ba00000,0x0000793e9ba04000] with protection modes 0
Event: 7590.724 Protecting memory [0x000079409c5f0000,0x000079409c5f4000] with protection modes 0
Event: 7590.724 Protecting memory [0x0000793faa600000,0x0000793faa604000] with protection modes 0
Event: 7590.725 Protecting memory [0x000079409c9f0000,0x000079409c9f4000] with protection modes 0
Event: 7590.725 Protecting memory [0x0000793fab900000,0x0000793fab904000] with protection modes 0
Event: 7590.725 Protecting memory [0x0000793faa400000,0x0000793faa404000] with protection modes 0
Event: 7590.725 Protecting memory [0x0000793fab500000,0x0000793fab504000] with protection modes 0
Event: 7590.725 Protecting memory [0x0000793fabe00000,0x0000793fabe04000] with protection modes 0
Event: 7590.725 Protecting memory [0x000079409c2f0000,0x000079409c2f4000] with protection modes 0
Event: 7590.726 Protecting memory [0x0000793fab800000,0x0000793fab804000] with protection modes 0
Event: 7590.727 Protecting memory [0x0000793faa700000,0x0000793faa704000] with protection modes 0
Event: 7590.727 Protecting memory [0x00007940d8100000,0x00007940d8104000] with protection modes 0
Event: 7590.727 Protecting memory [0x00007940d8000000,0x00007940d8004000] with protection modes 0
Event: 7590.727 Protecting memory [0x000079409ff00000,0x000079409ff04000] with protection modes 0

Nmethod flushes (20 events):
Event: 7282.720 Thread 0x00007940fc178730 flushing  nmethod 0x00007940ecf41f08
Event: 7282.720 Thread 0x00007940fc178730 flushing  nmethod 0x00007940ecf4a908
Event: 7282.720 Thread 0x00007940fc178730 flushing  nmethod 0x00007940ecf4c008
Event: 7282.720 Thread 0x00007940fc178730 flushing  nmethod 0x00007940ecf4f188
Event: 7282.720 Thread 0x00007940fc178730 flushing  nmethod 0x00007940ed014b08
Event: 7282.720 Thread 0x00007940fc178730 flushing  nmethod 0x00007940ed16a208
Event: 7282.720 Thread 0x00007940fc178730 flushing  nmethod 0x00007940ed16d608
Event: 7282.720 Thread 0x00007940fc178730 flushing  nmethod 0x00007940ed16e108
Event: 7282.720 Thread 0x00007940fc178730 flushing  nmethod 0x00007940ed170288
Event: 7282.720 Thread 0x00007940fc178730 flushing  nmethod 0x00007940ed179608
Event: 7282.720 Thread 0x00007940fc178730 flushing  nmethod 0x00007940ed179988
Event: 7282.720 Thread 0x00007940fc178730 flushing  nmethod 0x00007940ed209988
Event: 7282.720 Thread 0x00007940fc178730 flushing  nmethod 0x00007940ed20ae88
Event: 7282.720 Thread 0x00007940fc178730 flushing  nmethod 0x00007940ed20b588
Event: 7282.720 Thread 0x00007940fc178730 flushing  nmethod 0x00007940ed20d688
Event: 7282.720 Thread 0x00007940fc178730 flushing  nmethod 0x00007940ed45b308
Event: 7282.720 Thread 0x00007940fc178730 flushing  nmethod 0x00007940ed46ce08
Event: 7282.720 Thread 0x00007940fc178730 flushing  nmethod 0x00007940ed796b88
Event: 7282.720 Thread 0x00007940fc178730 flushing  nmethod 0x00007940ed799808
Event: 7282.720 Thread 0x00007940fc178730 flushing  nmethod 0x00007940ed7bd588

Events (20 events):
Event: 7590.690 Thread 0x0000793ff4000f50 Thread added: 0x000079407c15b840
Event: 7590.690 Thread 0x0000793ff4000f50 Thread added: 0x000079407c112bb0
Event: 7590.691 Thread 0x0000793ff4000f50 Thread added: 0x000079407c113570
Event: 7590.692 Thread 0x0000793ff4000f50 Thread added: 0x000079407c1145b0
Event: 7590.724 Thread 0x0000793ff4000f50 Thread added: 0x000079407c1cc780
Event: 7590.724 Thread 0x0000793ff4000f50 Thread added: 0x000079407c1cda50
Event: 7590.724 Thread 0x0000793ff4000f50 Thread added: 0x000079407c1ceb50
Event: 7590.724 Thread 0x0000793ff4000f50 Thread added: 0x000079407c1cfc50
Event: 7590.724 Thread 0x0000793ff4000f50 Thread added: 0x000079407c1d0d60
Event: 7590.725 Thread 0x0000793ff4000f50 Thread added: 0x000079407c1d1e70
Event: 7590.725 Thread 0x0000793ff4000f50 Thread added: 0x000079407c1d2f90
Event: 7590.725 Thread 0x0000793ff4000f50 Thread added: 0x000079407c1d4880
Event: 7590.725 Thread 0x0000793ff4000f50 Thread added: 0x000079407c1d5830
Event: 7590.725 Thread 0x0000793ff4000f50 Thread added: 0x000079407c1d6a70
Event: 7590.725 Thread 0x0000793ff4000f50 Thread added: 0x000079407c1d7cc0
Event: 7590.726 Thread 0x0000793ff4000f50 Thread added: 0x000079407c1d92d0
Event: 7590.727 Thread 0x0000793ff4000f50 Thread added: 0x000079407c1da530
Event: 7590.727 Thread 0x0000793ff4000f50 Thread added: 0x000079407c1db790
Event: 7590.727 Thread 0x0000793ff4000f50 Thread added: 0x000079407c1dc890
Event: 7590.727 Thread 0x0000793ff4000f50 Thread added: 0x000079407c1ddff0


Dynamic libraries:
05000000-05001000 ---p 00000000 00:00 0 
05001000-06cec000 rw-p 00001000 fc:00 20459813                           /home/oppa-ai/.gradle/jdks/jetbrains_s_r_o_-25-amd64-linux.2/lib/server/classes.jsa
06cec000-07000000 ---p 00000000 00:00 0 
07000000-07030000 rw-p 00000000 00:00 0 
07030000-075b0000 rw-p 00000000 00:00 0 
075b0000-07ab0000 rw-p 00000000 00:00 0 
07ab0000-07af0000 rw-p 00000000 00:00 0 
07af0000-081b0000 rw-p 00000000 00:00 0 
081b0000-081f0000 rw-p 00000000 00:00 0 
081f0000-09520000 rw-p 00000000 00:00 0 
09520000-09530000 ---p 00000000 00:00 0 
09530000-09540000 rw-p 00000000 00:00 0 
09540000-09570000 ---p 00000000 00:00 0 
09570000-09590000 rw-p 00000000 00:00 0 
09590000-47000000 ---p 00000000 00:00 0 
80000000-b9c00000 rw-p 00000000 00:00 0 
b9c00000-f7b00000 ---p 00000000 00:00 0 
f7b00000-ffd00000 rw-p 00000000 00:00 0 
ffd00000-fff58000 rw-p 01d5b000 fc:00 20459813                           /home/oppa-ai/.gradle/jdks/jetbrains_s_r_o_-25-amd64-linux.2/lib/server/classes.jsa
fff58000-100000000 rw-p 00000000 00:00 0 
57d36098d000-57d36098e000 r--p 00000000 fc:00 20458943                   /home/oppa-ai/.gradle/jdks/jetbrains_s_r_o_-25-amd64-linux.2/bin/java
57d36098e000-57d36098f000 r-xp 00001000 fc:00 20458943                   /home/oppa-ai/.gradle/jdks/jetbrains_s_r_o_-25-amd64-linux.2/bin/java
57d36098f000-57d360990000 r--p 00002000 fc:00 20458943                   /home/oppa-ai/.gradle/jdks/jetbrains_s_r_o_-25-amd64-linux.2/bin/java
57d360990000-57d360991000 r--p 00002000 fc:00 20458943                   /home/oppa-ai/.gradle/jdks/jetbrains_s_r_o_-25-amd64-linux.2/bin/java
57d360991000-57d360992000 rw-p 00003000 fc:00 20458943                   /home/oppa-ai/.gradle/jdks/jetbrains_s_r_o_-25-amd64-linux.2/bin/java
57d3868ad000-57d386a36000 rw-p 00000000 00:00 0                          [heap]
793e4b000000-793e4bdf0000 rw-p 00000000 00:00 0 
793e4bdf0000-793e4be10000 ---p 00000000 00:00 0 
793e4be10000-793e4c7c0000 rw-p 00000000 00:00 0 
793e4c7c0000-793e4c7d0000 ---p 00000000 00:00 0 
793e4c7d0000-793e4c7e0000 rw-p 00000000 00:00 0 
793e4c7e0000-793e4c7f0000 ---p 00000000 00:00 0 
793e4c7f0000-793e4c820000 rw-p 00000000 00:00 0 
793e4c820000-793e4c830000 ---p 00000000 00:00 0 
793e4c830000-793e4c860000 rw-p 00000000 00:00 0 
793e4c860000-793e4c870000 ---p 00000000 00:00 0 
793e4c870000-793e4c930000 rw-p 00000000 00:00 0 
793e4c930000-793e4c950000 ---p 00000000 00:00 0 
793e4c950000-793e4c960000 rw-p 00000000 00:00 0 
793e4c960000-793e4c9b0000 ---p 00000000 00:00 0 
793e4c9b0000-793e4ca40000 rw-p 00000000 00:00 0 
793e4ca40000-793e4ca50000 ---p 00000000 00:00 0 
793e4ca50000-793e4ca80000 rw-p 00000000 00:00 0 
793e4ca80000-793e4caa0000 ---p 00000000 00:00 0 
793e4caa0000-793e4cad0000 rw-p 00000000 00:00 0 
793e4cad0000-793e4caf0000 ---p 00000000 00:00 0 
793e4caf0000-793e4d8f0000 rw-p 00000000 00:00 0 
793e4d8f0000-793e4d920000 ---p 00000000 00:00 0 
793e4d920000-793e4d930000 rw-p 00000000 00:00 0 
793e4d930000-793e4d970000 ---p 00000000 00:00 0 
793e4d970000-793e4da60000 rw-p 00000000 00:00 0 
793e4da60000-793e4da90000 ---p 00000000 00:00 0 
793e4da90000-793e4db60000 rw-p 00000000 00:00 0 
793e4db60000-793e4db90000 ---p 00000000 00:00 0 
793e4db90000-793e4dba0000 rw-p 00000000 00:00 0 
793e4dba0000-793e4dc10000 ---p 00000000 00:00 0 
793e4dc10000-793e4dc20000 rw-p 00000000 00:00 0 
793e4dc20000-793e4dc40000 ---p 00000000 00:00 0 
793e4dc40000-793e4dc50000 rw-p 00000000 00:00 0 
793e4dc50000-793e4dd80000 ---p 00000000 00:00 0 
793e4dd80000-793e4dd90000 rw-p 00000000 00:00 0 
793e4dd90000-793e4dda0000 ---p 00000000 00:00 0 
793e4dda0000-793e4de70000 rw-p 00000000 00:00 0 
793e4de70000-793e4f000000 ---p 00000000 00:00 0 
793e4f600000-793e53ed9000 r--s 00000000 fc:00 20459804                   /home/oppa-ai/.gradle/jdks/jetbrains_s_r_o_-25-amd64-linux.2/lib/modules
793e54000000-793e542f0000 rw-p 00000000 00:00 0 
793e542f0000-793e543f0000 rw-p 00000000 00:00 0 
793e543f0000-793e55370000 rw-p 00000000 00:00 0 
793e55370000-793e553f0000 rw-p 00000000 00:00 0 
793e553f0000-793e56890000 rw-p 00000000 00:00 0 
793e56890000-793e56e40000 rw-p 00000000 00:00 0 
793e56e40000-793e56e50000 ---p 00000000 00:00 0 
793e56e50000-793e57890000 rw-p 00000000 00:00 0 
793e57890000-793e578a0000 ---p 00000000 00:00 0 
793e578a0000-793e57ff0000 rw-p 00000000 00:00 0 
793e57ff0000-793e59546000 rw-p 00000000 00:00 0 
793e59546000-793e5c000000 ---p 00000000 00:00 0 
793e5c000000-793e5cc7f000 rw-p 00000000 00:00 0 
793e5cc7f000-793e60000000 ---p 00000000 00:00 0 
793e60000000-793e60156000 rw-p 00000000 00:00 0 
793e60156000-793e64000000 ---p 00000000 00:00 0 
793e64000000-793e6416f000 rw-p 00000000 00:00 0 
793e6416f000-793e68000000 ---p 00000000 00:00 0 
793e68000000-793e68591000 rw-p 00000000 00:00 0 
793e68591000-793e6c000000 ---p 00000000 00:00 0 
793e6c000000-793e6d8f7000 rw-p 00000000 00:00 0 
793e6d8f7000-793e70000000 ---p 00000000 00:00 0 
793e70000000-793e7016e000 rw-p 00000000 00:00 0 
793e7016e000-793e74000000 ---p 00000000 00:00 0 
793e74000000-793e75b65000 rw-p 00000000 00:00 0 
793e75b65000-793e78000000 ---p 00000000 00:00 0 
793e78000000-793e78151000 rw-p 00000000 00:00 0 
793e78151000-793e7c000000 ---p 00000000 00:00 0 
793e7c000000-793e7d203000 rw-p 00000000 00:00 0 
793e7d203000-793e80000000 ---p 00000000 00:00 0 
793e80000000-793e81d84000 rw-p 00000000 00:00 0 
793e81d84000-793e84000000 ---p 00000000 00:00 0 
793e84000000-793e856c3000 rw-p 00000000 00:00 0 
793e856c3000-793e88000000 ---p 00000000 00:00 0 
793e88000000-793e88164000 rw-p 00000000 00:00 0 
793e88164000-793e8c000000 ---p 00000000 00:00 0 
793e8c000000-793e8cfc0000 rw-p 00000000 00:00 0 
793e8cfc0000-793e90000000 ---p 00000000 00:00 0 
793e90000000-793e92e04000 rw-p 00000000 00:00 0 
793e92e04000-793e94000000 ---p 00000000 00:00 0 
793e94000000-793e963d4000 rw-p 00000000 00:00 0 
793e963d4000-793e98000000 ---p 00000000 00:00 0 
793e99800000-793e99804000 ---p 00000000 00:00 0 
793e99804000-793e99900000 rw-p 00000000 00:00 0 
793e99900000-793e99904000 ---p 00000000 00:00 0 
793e99904000-793e99a00000 rw-p 00000000 00:00 0 
793e99a00000-793e99a04000 ---p 00000000 00:00 0 
793e99a04000-793e99b00000 rw-p 00000000 00:00 0 
793e99b00000-793e99b04000 ---p 00000000 00:00 0 
793e99b04000-793e99c00000 rw-p 00000000 00:00 0 
793e99c00000-793e99c04000 ---p 00000000 00:00 0 
793e99c04000-793e99d00000 rw-p 00000000 00:00 0 
793e99d00000-793e99d04000 ---p 00000000 00:00 0 
793e99d04000-793e99e00000 rw-p 00000000 00:00 0 
793e99e00000-793e99e04000 ---p 00000000 00:00 0 
793e99e04000-793e99f00000 rw-p 00000000 00:00 0 
793e99f00000-793e99f04000 ---p 00000000 00:00 0 
793e99f04000-793e9a000000 rw-p 00000000 00:00 0 
793e9a000000-793e9a004000 ---p 00000000 00:00 0 
793e9a004000-793e9a100000 rw-p 00000000 00:00 0 
793e9a100000-793e9a104000 ---p 00000000 00:00 0 
793e9a104000-793e9a200000 rw-p 00000000 00:00 0 
793e9a200000-793e9a204000 ---p 00000000 00:00 0 
793e9a204000-793e9a300000 rw-p 00000000 00:00 0 
793e9a300000-793e9a304000 ---p 00000000 00:00 0 
793e9a304000-793e9a400000 rw-p 00000000 00:00 0 
793e9a400000-793e9a404000 ---p 00000000 00:00 0 
793e9a404000-793e9a500000 rw-p 00000000 00:00 0 
793e9a500000-793e9a504000 ---p 00000000 00:00 0 
793e9a504000-793e9a600000 rw-p 00000000 00:00 0 
793e9a600000-793e9a604000 ---p 00000000 00:00 0 
793e9a604000-793e9a700000 rw-p 00000000 00:00 0 
793e9a800000-793e9a804000 ---p 00000000 00:00 0 
793e9a804000-793e9a900000 rw-p 00000000 00:00 0 
793e9a900000-793e9a904000 ---p 00000000 00:00 0 
793e9a904000-793e9aa00000 rw-p 00000000 00:00 0 
793e9aa00000-793e9aa04000 ---p 00000000 00:00 0 
793e9aa04000-793e9ab00000 rw-p 00000000 00:00 0 
793e9ab00000-793e9ab04000 ---p 00000000 00:00 0 
793e9ab04000-793e9ac00000 rw-p 00000000 00:00 0 
793e9ac00000-793e9ac04000 ---p 00000000 00:00 0 
793e9ac04000-793e9ad00000 rw-p 00000000 00:00 0 
793e9b800000-793e9b804000 ---p 00000000 00:00 0 
793e9b804000-793e9b900000 rw-p 00000000 00:00 0 
793e9ba00000-793e9ba04000 ---p 00000000 00:00 0 
793e9ba04000-793e9bb00000 rw-p 00000000 00:00 0 
793e9c000000-793e9cd35000 rw-p 00000000 00:00 0 
793e9cd35000-793ea0000000 ---p 00000000 00:00 0 
793ea0000000-793ea0164000 rw-p 00000000 00:00 0 
793ea0164000-793ea4000000 ---p 00000000 00:00 0 
793ea4000000-793ea607b000 rw-p 00000000 00:00 0 
793ea607b000-793ea8000000 ---p 00000000 00:00 0 
793ea8000000-793ea8441000 rw-p 00000000 00:00 0 
793ea8441000-793eac000000 ---p 00000000 00:00 0 
793eac000000-793eadb8b000 rw-p 00000000 00:00 0 
793eadb8b000-793eb0000000 ---p 00000000 00:00 0 
793eb0000000-793eb1ae1000 rw-p 00000000 00:00 0 
793eb1ae1000-793eb4000000 ---p 00000000 00:00 0 
793eb4000000-793eb414e000 rw-p 00000000 00:00 0 
793eb414e000-793eb8000000 ---p 00000000 00:00 0 
793eb8000000-793eb9cfe000 rw-p 00000000 00:00 0 
793eb9cfe000-793ebc000000 ---p 00000000 00:00 0 
793ebc000000-793ebf2a3000 rw-p 00000000 00:00 0 
793ebf2a3000-793ec0000000 ---p 00000000 00:00 0 
793ec0000000-793ec1cd7000 rw-p 00000000 00:00 0 
793ec1cd7000-793ec4000000 ---p 00000000 00:00 0 
793ec4000000-793ec4983000 rw-p 00000000 00:00 0 
793ec4983000-793ec8000000 ---p 00000000 00:00 0 
793ec8000000-793ec9fd4000 rw-p 00000000 00:00 0 
793ec9fd4000-793ecc000000 ---p 00000000 00:00 0 
793ecc000000-793ecea4d000 rw-p 00000000 00:00 0 
793ecea4d000-793ed0000000 ---p 00000000 00:00 0 
793ed0000000-793ed3587000 rw-p 00000000 00:00 0 
793ed3587000-793ed4000000 ---p 00000000 00:00 0 
793ed4000000-793ed613e000 rw-p 00000000 00:00 0 
793ed613e000-793ed8000000 ---p 00000000 00:00 0 
793ed8000000-793eda11f000 rw-p 00000000 00:00 0 
793eda11f000-793edc000000 ---p 00000000 00:00 0 
793edc000000-793edde36000 rw-p 00000000 00:00 0 
793edde36000-793ee0000000 ---p 00000000 00:00 0 
793ee0000000-793ee01d3000 rw-p 00000000 00:00 0 
793ee01d3000-793ee4000000 ---p 00000000 00:00 0 
793ee4000000-793ee4e56000 rw-p 00000000 00:00 0 
793ee4e56000-793ee8000000 ---p 00000000 00:00 0 
793ee8000000-793ee92c3000 rw-p 00000000 00:00 0 
793ee92c3000-793eec000000 ---p 00000000 00:00 0 
793eec000000-793eed65a000 rw-p 00000000 00:00 0 
793eed65a000-793ef0000000 ---p 00000000 00:00 0 
793ef0000000-793ef1abf000 rw-p 00000000 00:00 0 
793ef1abf000-793ef4000000 ---p 00000000 00:00 0 
793ef4000000-793ef42a1000 rw-p 00000000 00:00 0 
793ef42a1000-793ef8000000 ---p 00000000 00:00 0 
793ef8000000-793ef8b5c000 rw-p 00000000 00:00 0 
793ef8b5c000-793efc000000 ---p 00000000 00:00 0 
793efc000000-793efc2d1000 rw-p 00000000 00:00 0 
793efc2d1000-793f00000000 ---p 00000000 00:00 0 
793f00000000-793f01980000 rw-p 00000000 00:00 0 
793f01980000-793f04000000 ---p 00000000 00:00 0 
793f04000000-793f04103000 rw-p 00000000 00:00 0 
793f04103000-793f08000000 ---p 00000000 00:00 0 
793f08000000-793f0a42b000 rw-p 00000000 00:00 0 
793f0a42b000-793f0c000000 ---p 00000000 00:00 0 
793f0c000000-793f0ce18000 rw-p 00000000 00:00 0 
793f0ce18000-793f10000000 ---p 00000000 00:00 0 
793f10000000-793f1017b000 rw-p 00000000 00:00 0 
793f1017b000-793f14000000 ---p 00000000 00:00 0 
793f14000000-793f14165000 rw-p 00000000 00:00 0 
793f14165000-793f18000000 ---p 00000000 00:00 0 
793f18000000-793f1915b000 rw-p 00000000 00:00 0 
793f1915b000-793f1c000000 ---p 00000000 00:00 0 
793f1c000000-793f1c6a6000 rw-p 00000000 00:00 0 
793f1c6a6000-793f20000000 ---p 00000000 00:00 0 
793f20000000-793f21d3c000 rw-p 00000000 00:00 0 
793f21d3c000-793f24000000 ---p 00000000 00:00 0 
793f24000000-793f24ab4000 rw-p 00000000 00:00 0 
793f24ab4000-793f28000000 ---p 00000000 00:00 0 
793f28000000-793f28149000 rw-p 00000000 00:00 0 
793f28149000-793f2c000000 ---p 00000000 00:00 0 
793f2c000000-793f2d243000 rw-p 00000000 00:00 0 
793f2d243000-793f30000000 ---p 00000000 00:00 0 
793f30000000-793f31e92000 rw-p 00000000 00:00 0 
793f31e92000-793f34000000 ---p 00000000 00:00 0 
793f34000000-793f34169000 rw-p 00000000 00:00 0 
793f34169000-793f38000000 ---p 00000000 00:00 0 
793f38000000-793f3a69f000 rw-p 00000000 00:00 0 
793f3a69f000-793f3c000000 ---p 00000000 00:00 0 
793f3c000000-793f3c164000 rw-p 00000000 00:00 0 
793f3c164000-793f40000000 ---p 00000000 00:00 0 
793f40000000-793f422b3000 rw-p 00000000 00:00 0 
793f422b3000-793f44000000 ---p 00000000 00:00 0 
793f44000000-793f45d1e000 rw-p 00000000 00:00 0 
793f45d1e000-793f48000000 ---p 00000000 00:00 0 
793f48000000-793f4877f000 rw-p 00000000 00:00 0 
793f4877f000-793f4c000000 ---p 00000000 00:00 0 
793f4c000000-793f4d33c000 rw-p 00000000 00:00 0 
793f4d33c000-793f50000000 ---p 00000000 00:00 0 
793f50000000-793f52093000 rw-p 00000000 00:00 0 
793f52093000-793f54000000 ---p 00000000 00:00 0 
793f54000000-793f543f0000 rw-p 00000000 00:00 0 
793f543f0000-793f58000000 ---p 00000000 00:00 0 
793f58000000-793f5814e000 rw-p 00000000 00:00 0 
793f5814e000-793f5c000000 ---p 00000000 00:00 0 
793f5c000000-793f5dfaa000 rw-p 00000000 00:00 0 
793f5dfaa000-793f60000000 ---p 00000000 00:00 0 
793f60000000-793f62578000 rw-p 00000000 00:00 0 
793f62578000-793f64000000 ---p 00000000 00:00 0 
793f64000000-793f65f97000 rw-p 00000000 00:00 0 
793f65f97000-793f68000000 ---p 00000000 00:00 0 
793f68000000-793f6816e000 rw-p 00000000 00:00 0 
793f6816e000-793f6c000000 ---p 00000000 00:00 0 
793f6c000000-793f6e003000 rw-p 00000000 00:00 0 
793f6e003000-793f70000000 ---p 00000000 00:00 0 
793f70000000-793f70187000 rw-p 00000000 00:00 0 
793f70187000-793f74000000 ---p 00000000 00:00 0 
793f74000000-793f775f2000 rw-p 00000000 00:00 0 
793f775f2000-793f78000000 ---p 00000000 00:00 0 
793f78000000-793f78163000 rw-p 00000000 00:00 0 
793f78163000-793f7c000000 ---p 00000000 00:00 0 
793f7c000000-793f7e4b8000 rw-p 00000000 00:00 0 
793f7e4b8000-793f80000000 ---p 00000000 00:00 0 
793f80000000-793f8015a000 rw-p 00000000 00:00 0 
793f8015a000-793f84000000 ---p 00000000 00:00 0 
793f84000000-793f848f0000 rw-p 00000000 00:00 0 
793f848f0000-793f849f0000 rw-p 00000000 00:00 0 
793f849f0000-793f85970000 rw-p 00000000 00:00 0 
793f85970000-793f859f0000 rw-p 00000000 00:00 0 
793f859f0000-793f85bf0000 rw-p 00000000 00:00 0 
793f85bf0000-793f85df0000 rw-p 00000000 00:00 0 
793f85df0000-793f877f0000 rw-p 00000000 00:00 0 
793f877f0000-793f87af0000 rw-p 00000000 00:00 0 
793f87af0000-793f87bf0000 rw-p 00000000 00:00 0 
793f87bf0000-793f87ff0000 rw-p 00000000 00:00 0 
793f87ff0000-793f89594000 rw-p 00000000 00:00 0 
793f89594000-793f8c000000 ---p 00000000 00:00 0 
793f8c000000-793f8daf0000 rw-p 00000000 00:00 0 
793f8daf0000-793f90000000 ---p 00000000 00:00 0 
793f90000000-793f90888000 rw-p 00000000 00:00 0 
793f90888000-793f94000000 ---p 00000000 00:00 0 
793f94000000-793f9495d000 rw-p 00000000 00:00 0 
793f9495d000-793f98000000 ---p 00000000 00:00 0 
793f98000000-793f98d99000 rw-p 00000000 00:00 0 
793f98d99000-793f9c000000 ---p 00000000 00:00 0 
793f9c000000-793f9c173000 rw-p 00000000 00:00 0 
793f9c173000-793fa0000000 ---p 00000000 00:00 0 
793fa0000000-793fa0cfd000 rw-p 00000000 00:00 0 
793fa0cfd000-793fa4000000 ---p 00000000 00:00 0 
793fa4000000-793fa62fe000 rw-p 00000000 00:00 0 
793fa62fe000-793fa8004000 ---p 00000000 00:00 0 
793fa8004000-793fa8100000 rw-p 00000000 00:00 0 
793fa8200000-793fa8204000 ---p 00000000 00:00 0 
793fa8204000-793fa8300000 rw-p 00000000 00:00 0 
793fa8700000-793fa8704000 ---p 00000000 00:00 0 
793fa8704000-793fa8800000 rw-p 00000000 00:00 0 
793fa8d00000-793fa8d04000 ---p 00000000 00:00 0 
793fa8d04000-793fa8e00000 rw-p 00000000 00:00 0 
793fa9200000-793fa9204000 ---p 00000000 00:00 0 
793fa9204000-793fa9300000 rw-p 00000000 00:00 0 
793fa9400000-793fa9404000 ---p 00000000 00:00 0 
793fa9404000-793fa9500000 rw-p 00000000 00:00 0 
793fa9500000-793fa9504000 ---p 00000000 00:00 0 
793fa9504000-793fa9600000 rw-p 00000000 00:00 0 
793fa9600000-793fa9604000 ---p 00000000 00:00 0 
793fa9604000-793fa9700000 rw-p 00000000 00:00 0 
793fa9900000-793fa9904000 ---p 00000000 00:00 0 
793fa9904000-793fa9a00000 rw-p 00000000 00:00 0 
793fa9b00000-793fa9b04000 ---p 00000000 00:00 0 
793fa9b04000-793fa9c00000 rw-p 00000000 00:00 0 
793fa9c00000-793fa9c04000 ---p 00000000 00:00 0 
793fa9c04000-793fa9d00000 rw-p 00000000 00:00 0 
793fa9d00000-793fa9d04000 ---p 00000000 00:00 0 
793fa9d04000-793fa9e00000 rw-p 00000000 00:00 0 
793fa9f00000-793fa9f04000 ---p 00000000 00:00 0 
793fa9f04000-793faa000000 rw-p 00000000 00:00 0 
793faa000000-793faa004000 ---p 00000000 00:00 0 
793faa004000-793faa100000 rw-p 00000000 00:00 0 
793faa200000-793faa204000 ---p 00000000 00:00 0 
793faa204000-793faa300000 rw-p 00000000 00:00 0 
793faa300000-793faa304000 ---p 00000000 00:00 0 
793faa304000-793faa400000 rw-p 00000000 00:00 0 
793faa400000-793faa404000 ---p 00000000 00:00 0 
793faa404000-793faa500000 rw-p 00000000 00:00 0 
793faa500000-793faa504000 ---p 00000000 00:00 0 
793faa504000-793faa600000 rw-p 00000000 00:00 0 
793faa600000-793faa604000 ---p 00000000 00:00 0 
793faa604000-793faa700000 rw-p 00000000 00:00 0 
793faa700000-793faa704000 ---p 00000000 00:00 0 
793faa704000-793faa800000 rw-p 00000000 00:00 0 
793faa900000-793faa904000 ---p 00000000 00:00 0 
793faa904000-793faaa00000 rw-p 00000000 00:00 0 
793faab00000-793faab04000 ---p 00000000 00:00 0 
793faab04000-793faac00000 rw-p 00000000 00:00 0 
793faac00000-793faac04000 ---p 00000000 00:00 0 
793faac04000-793faad00000 rw-p 00000000 00:00 0 
793faad00000-793faad04000 ---p 00000000 00:00 0 
793faad04000-793faae00000 rw-p 00000000 00:00 0 
793faaf00000-793faaf04000 ---p 00000000 00:00 0 
793faaf04000-793fab000000 rw-p 00000000 00:00 0 
793fab000000-793fab004000 ---p 00000000 00:00 0 
793fab004000-793fab100000 rw-p 00000000 00:00 0 
793fab100000-793fab104000 ---p 00000000 00:00 0 
793fab104000-793fab200000 rw-p 00000000 00:00 0 
793fab500000-793fab504000 ---p 00000000 00:00 0 
793fab504000-793fab600000 rw-p 00000000 00:00 0 
793fab600000-793fab604000 ---p 00000000 00:00 0 
793fab604000-793fab700000 rw-p 00000000 00:00 0 
793fab800000-793fab804000 ---p 00000000 00:00 0 
793fab804000-793fab900000 rw-p 00000000 00:00 0 
793fab900000-793fab904000 ---p 00000000 00:00 0 
793fab904000-793faba00000 rw-p 00000000 00:00 0 
793faba00000-793faba04000 ---p 00000000 00:00 0 
793faba04000-793fabb00000 rw-p 00000000 00:00 0 
793fabb00000-793fabb04000 ---p 00000000 00:00 0 
793fabb04000-793fabc00000 rw-p 00000000 00:00 0 
793fabe00000-793fabe04000 ---p 00000000 00:00 0 
793fabe04000-793fabf00000 rw-p 00000000 00:00 0 
793fabf00000-793fabf04000 ---p 00000000 00:00 0 
793fabf04000-793fac000000 rw-p 00000000 00:00 0 
793fac000000-793facd57000 rw-p 00000000 00:00 0 
793facd57000-793fb0000000 ---p 00000000 00:00 0 
793fb0000000-793fb106d000 rw-p 00000000 00:00 0 
793fb106d000-793fb4000000 ---p 00000000 00:00 0 
793fb4000000-793fb424d000 rw-p 00000000 00:00 0 
793fb424d000-793fb8000000 ---p 00000000 00:00 0 
793fb8000000-793fb811c000 rw-p 00000000 00:00 0 
793fb811c000-793fbc000000 ---p 00000000 00:00 0 
793fbc000000-793fbd4e9000 rw-p 00000000 00:00 0 
793fbd4e9000-793fc0000000 ---p 00000000 00:00 0 
793fc0000000-793fc20a9000 rw-p 00000000 00:00 0 
793fc20a9000-793fc4000000 ---p 00000000 00:00 0 
793fc4000000-793fc5229000 rw-p 00000000 00:00 0 
793fc5229000-793fc8000000 ---p 00000000 00:00 0 
793fc8000000-793fc9c55000 rw-p 00000000 00:00 0 
793fc9c55000-793fcc000000 ---p 00000000 00:00 0 
793fcc000000-793fccd12000 rw-p 00000000 00:00 0 
793fccd12000-793fd0000000 ---p 00000000 00:00 0 
793fd0000000-793fd2d40000 rw-p 00000000 00:00 0 
793fd2d40000-793fd4000000 ---p 00000000 00:00 0 
793fd4000000-793fd6b87000 rw-p 00000000 00:00 0 
793fd6b87000-793fd8000000 ---p 00000000 00:00 0 
793fd8000000-793fd8173000 rw-p 00000000 00:00 0 
793fd8173000-793fdc000000 ---p 00000000 00:00 0 
793fdc000000-793fdc442000 rw-p 00000000 00:00 0 
793fdc442000-793fe0000000 ---p 00000000 00:00 0 
793fe0000000-793fe1fa0000 rw-p 00000000 00:00 0 
793fe1fa0000-793fe4000000 ---p 00000000 00:00 0 
793fe4000000-793fe4ed5000 rw-p 00000000 00:00 0 
793fe4ed5000-793fe8000000 ---p 00000000 00:00 0 
793fe8000000-793fe8b06000 rw-p 00000000 00:00 0 
793fe8b06000-793fec000000 ---p 00000000 00:00 0 
793fec000000-793fec16d000 rw-p 00000000 00:00 0 
793fec16d000-793ff0000000 ---p 00000000 00:00 0 
793ff0000000-793ff127b000 rw-p 00000000 00:00 0 
793ff127b000-793ff4000000 ---p 00000000 00:00 0 
793ff4000000-793ff45aa000 rw-p 00000000 00:00 0 
793ff45aa000-793ff8000000 ---p 00000000 00:00 0 
793ff8000000-793ff8155000 rw-p 00000000 00:00 0 
793ff8155000-793ffc000000 ---p 00000000 00:00 0 
793ffc000000-793ffc115000 rw-p 00000000 00:00 0 
793ffc115000-794000000000 ---p 00000000 00:00 0 
794000000000-794000188000 rw-p 00000000 00:00 0 
794000188000-794004000000 ---p 00000000 00:00 0 
794004000000-794004109000 rw-p 00000000 00:00 0 
794004109000-794008000000 ---p 00000000 00:00 0 
794008000000-79400810b000 rw-p 00000000 00:00 0 
79400810b000-79400c000000 ---p 00000000 00:00 0 
79400c000000-79400c119000 rw-p 00000000 00:00 0 
79400c119000-794010000000 ---p 00000000 00:00 0 
794010000000-79401011c000 rw-p 00000000 00:00 0 
79401011c000-794014000000 ---p 00000000 00:00 0 
794014000000-79401411d000 rw-p 00000000 00:00 0 
79401411d000-794018000000 ---p 00000000 00:00 0 
794018000000-794018119000 rw-p 00000000 00:00 0 
794018119000-79401c000000 ---p 00000000 00:00 0 
79401c000000-79401c110000 rw-p 00000000 00:00 0 
79401c110000-794020000000 ---p 00000000 00:00 0 
794020000000-794020109000 rw-p 00000000 00:00 0 
794020109000-794024000000 ---p 00000000 00:00 0 
794024000000-794024833000 rw-p 00000000 00:00 0 
794024833000-794028000000 ---p 00000000 00:00 0 
794028000000-794028181000 rw-p 00000000 00:00 0 
794028181000-79402c000000 ---p 00000000 00:00 0 
79402c000000-79402f983000 rw-p 00000000 00:00 0 
79402f983000-794030000000 ---p 00000000 00:00 0 
794030000000-794030557000 rw-p 00000000 00:00 0 
794030557000-794034000000 ---p 00000000 00:00 0 
794034000000-794036413000 rw-p 00000000 00:00 0 
794036413000-794038000000 ---p 00000000 00:00 0 
794038000000-79403811b000 rw-p 00000000 00:00 0 
79403811b000-79403c000000 ---p 00000000 00:00 0 
79403c000000-79403c031000 rw-p 00000000 00:00 0 
79403c031000-794040000000 ---p 00000000 00:00 0 
794040000000-794041332000 rw-p 00000000 00:00 0 
794041332000-794044000000 ---p 00000000 00:00 0 
794044000000-79404404a000 rw-p 00000000 00:00 0 
79404404a000-794048000000 ---p 00000000 00:00 0 
794048000000-79404805c000 rw-p 00000000 00:00 0 
79404805c000-79404c000000 ---p 00000000 00:00 0 
79404c000000-79404c06e000 rw-p 00000000 00:00 0 
79404c06e000-794050000000 ---p 00000000 00:00 0 
794050000000-79405004a000 rw-p 00000000 00:00 0 
79405004a000-794054000000 ---p 00000000 00:00 0 
794054000000-79405418d000 rw-p 00000000 00:00 0 
79405418d000-794058000000 ---p 00000000 00:00 0 
794058000000-79405817e000 rw-p 00000000 00:00 0 
79405817e000-79405c000000 ---p 00000000 00:00 0 
79405c000000-79405c19c000 rw-p 00000000 00:00 0 
79405c19c000-794060000000 ---p 00000000 00:00 0 
794060000000-794060180000 rw-p 00000000 00:00 0 
794060180000-794064000000 ---p 00000000 00:00 0 
794064000000-794064189000 rw-p 00000000 00:00 0 
794064189000-794068000000 ---p 00000000 00:00 0 
794068000000-794068167000 rw-p 00000000 00:00 0 
794068167000-79406c000000 ---p 00000000 00:00 0 
79406c000000-79406c12b000 rw-p 00000000 00:00 0 
79406c12b000-794070000000 ---p 00000000 00:00 0 
794070000000-794070132000 rw-p 00000000 00:00 0 
794070132000-794074000000 ---p 00000000 00:00 0 
794074000000-794075519000 rw-p 00000000 00:00 0 
794075519000-794078000000 ---p 00000000 00:00 0 
794078000000-794078127000 rw-p 00000000 00:00 0 
794078127000-79407c000000 ---p 00000000 00:00 0 
79407c000000-79407cf84000 rw-p 00000000 00:00 0 
79407cf84000-794080000000 ---p 00000000 00:00 0 
794080000000-794080d77000 rw-p 00000000 00:00 0 
794080d77000-794084000000 ---p 00000000 00:00 0 
794084000000-794085a56000 rw-p 00000000 00:00 0 
794085a56000-794088000000 ---p 00000000 00:00 0 
794088000000-7940899c6000 rw-p 00000000 00:00 0 
7940899c6000-79408c000000 ---p 00000000 00:00 0 
79408c000000-79408c104000 rw-p 00000000 00:00 0 
79408c104000-794090000000 ---p 00000000 00:00 0 
794090000000-7940927ce000 rw-p 00000000 00:00 0 
7940927ce000-794094000000 ---p 00000000 00:00 0 
794094000000-794096621000 rw-p 00000000 00:00 0 
794096621000-794098000000 ---p 00000000 00:00 0 
794098000000-794098a0e000 rw-p 00000000 00:00 0 
794098a0e000-79409c000000 ---p 00000000 00:00 0 
79409c0f0000-79409c0f4000 ---p 00000000 00:00 0 
79409c0f4000-79409c1f0000 rw-p 00000000 00:00 0 
79409c2f0000-79409c2f4000 ---p 00000000 00:00 0 
79409c2f4000-79409c3f0000 rw-p 00000000 00:00 0 
79409c4f0000-79409c4f4000 ---p 00000000 00:00 0 
79409c4f4000-79409c5f0000 rw-p 00000000 00:00 0 
79409c5f0000-79409c5f4000 ---p 00000000 00:00 0 
79409c5f4000-79409c6f0000 rw-p 00000000 00:00 0 
79409c7f0000-79409c7f4000 ---p 00000000 00:00 0 
79409c7f4000-79409c8f0000 rw-p 00000000 00:00 0 
79409c8f0000-79409c8f4000 ---p 00000000 00:00 0 
79409c8f4000-79409c9f0000 rw-p 00000000 00:00 0 
79409c9f0000-79409c9f4000 ---p 00000000 00:00 0 
79409c9f4000-79409caf0000 rw-p 00000000 00:00 0 
79409cdf0000-79409cdf4000 ---p 00000000 00:00 0 
79409cdf4000-79409cef0000 rw-p 00000000 00:00 0 
79409d2f0000-79409d2f4000 ---p 00000000 00:00 0 
79409d2f4000-79409d3f0000 rw-p 00000000 00:00 0 
79409d3f0000-79409d3f4000 ---p 00000000 00:00 0 
79409d3f4000-79409d4f0000 rw-p 00000000 00:00 0 
79409d6f0000-79409d6f1000 ---p 00000000 00:00 0 
79409d6f1000-79409d7f1000 rw-p 00000000 00:00 0 
79409d7f1000-79409d7f2000 ---p 00000000 00:00 0 
79409d7f2000-79409d8f2000 rw-p 00000000 00:00 0 
79409d8f2000-79409d8f3000 ---p 00000000 00:00 0 
79409d8f3000-79409d9f3000 rw-p 00000000 00:00 0 
79409d9f3000-79409d9f4000 ---p 00000000 00:00 0 
79409d9f4000-79409daf4000 rw-p 00000000 00:00 0 
79409daf4000-79409daf5000 ---p 00000000 00:00 0 
79409daf5000-79409dbf5000 rw-p 00000000 00:00 0 
79409dbf5000-79409dbf6000 ---p 00000000 00:00 0 
79409dbf6000-79409dcf6000 rw-p 00000000 00:00 0 
79409dcf6000-79409dcfa000 ---p 00000000 00:00 0 
79409dcfa000-79409ddf6000 rw-p 00000000 00:00 0 
79409ddf6000-79409ddfa000 ---p 00000000 00:00 0 
79409ddfa000-79409def6000 rw-p 00000000 00:00 0 
79409def6000-79409defa000 ---p 00000000 00:00 0 
79409defa000-79409dff6000 rw-p 00000000 00:00 0 
79409e6f6000-79409e6fa000 ---p 00000000 00:00 0 
79409e6fa000-79409e7f6000 rw-p 00000000 00:00 0 
79409e7f6000-79409e7fa000 ---p 00000000 00:00 0 
79409e7fa000-79409e8f6000 rw-p 00000000 00:00 0 
79409e8f6000-79409e8fa000 ---p 00000000 00:00 0 
79409e8fa000-79409e9f6000 rw-p 00000000 00:00 0 
79409e9f6000-79409e9f7000 ---p 00000000 00:00 0 
79409e9f7000-79409eaf7000 rw-p 00000000 00:00 0 
79409eaf7000-79409eaf8000 ---p 00000000 00:00 0 
79409eaf8000-79409ebf8000 rw-p 00000000 00:00 0 
79409ebf8000-79409ebf9000 ---p 00000000 00:00 0 
79409ebf9000-79409ecf9000 rw-p 00000000 00:00 0 
79409ecf9000-79409ecfa000 ---p 00000000 00:00 0 
79409ecfa000-79409edfa000 rw-p 00000000 00:00 0 
79409edfa000-79409edfb000 ---p 00000000 00:00 0 
79409edfb000-79409eefb000 rw-p 00000000 00:00 0 
79409eefb000-79409eefc000 ---p 00000000 00:00 0 
79409eefc000-79409effc000 rw-p 00000000 00:00 0 
79409effc000-79409effd000 ---p 00000000 00:00 0 
79409effd000-79409f0fd000 rw-p 00000000 00:00 0 
79409f0fd000-79409f0fe000 ---p 00000000 00:00 0 
79409f0fe000-79409f1fe000 rw-p 00000000 00:00 0 
79409f1fe000-79409f1ff000 ---p 00000000 00:00 0 
79409f1ff000-79409f2ff000 rw-p 00000000 00:00 0 
79409f2ff000-79409f300000 ---p 00000000 00:00 0 
79409f300000-79409f400000 rw-p 00000000 00:00 0 
79409f400000-79409f405000 r-xp 00000000 fc:00 19277982                   /home/oppa-ai/.gradle/native/660c5614fbf4a5f2a75b1949f50a0caf5cd603558e7d8a26e50b933a0cfb79d1/linux-amd64/libnative-platform.so
79409f405000-79409f605000 ---p 00005000 fc:00 19277982                   /home/oppa-ai/.gradle/native/660c5614fbf4a5f2a75b1949f50a0caf5cd603558e7d8a26e50b933a0cfb79d1/linux-amd64/libnative-platform.so
79409f605000-79409f606000 r--p 00005000 fc:00 19277982                   /home/oppa-ai/.gradle/native/660c5614fbf4a5f2a75b1949f50a0caf5cd603558e7d8a26e50b933a0cfb79d1/linux-amd64/libnative-platform.so
79409f606000-79409f607000 rw-p 00006000 fc:00 19277982                   /home/oppa-ai/.gradle/native/660c5614fbf4a5f2a75b1949f50a0caf5cd603558e7d8a26e50b933a0cfb79d1/linux-amd64/libnative-platform.so
79409f6ff000-79409f700000 ---p 00000000 00:00 0 
79409f700000-79409f800000 rw-p 00000000 00:00 0 
79409f900000-79409f904000 ---p 00000000 00:00 0 
79409f904000-79409fa00000 rw-p 00000000 00:00 0 
79409fe00000-79409fe04000 ---p 00000000 00:00 0 
79409fe04000-79409ff00000 rw-p 00000000 00:00 0 
79409ff00000-79409ff04000 ---p 00000000 00:00 0 
79409ff04000-7940a0000000 rw-p 00000000 00:00 0 
7940a0000000-7940a1675000 rw-p 00000000 00:00 0 
7940a1675000-7940a4000000 ---p 00000000 00:00 0 
7940a4000000-7940a651c000 rw-p 00000000 00:00 0 
7940a651c000-7940a8000000 ---p 00000000 00:00 0 
7940a8000000-7940a8021000 rw-p 00000000 00:00 0 
7940a8021000-7940ac000000 ---p 00000000 00:00 0 
7940ac000000-7940afa9a000 rw-p 00000000 00:00 0 
7940afa9a000-7940b0000000 ---p 00000000 00:00 0 
7940b0000000-7940b0021000 rw-p 00000000 00:00 0 
7940b0021000-7940b4000000 ---p 00000000 00:00 0 
7940b4000000-7940b409d000 rw-p 00000000 00:00 0 
7940b409d000-7940b8000000 ---p 00000000 00:00 0 
7940b8000000-7940b83f0000 rw-p 00000000 00:00 0 
7940b83f0000-7940ba3f0000 rw-p 00000000 00:00 0 
7940ba3f0000-7940bb0f0000 rw-p 00000000 00:00 0 
7940bb0f0000-7940bb1f0000 rw-p 00000000 00:00 0 
7940bb1f0000-7940bb4f0000 rw-p 00000000 00:00 0 
7940bb4f0000-7940bb5f0000 rw-p 00000000 00:00 0 
7940bb5f0000-7940bbff0000 rw-p 00000000 00:00 0 
7940bbff0000-7940bc021000 rw-p 00000000 00:00 0 
7940bc021000-7940c0000000 ---p 00000000 00:00 0 
7940c0000000-7940c0021000 rw-p 00000000 00:00 0 
7940c0021000-7940c4000000 ---p 00000000 00:00 0 
7940c4000000-7940c4021000 rw-p 00000000 00:00 0 
7940c4021000-7940c8000000 ---p 00000000 00:00 0 
7940c8000000-7940c8081000 rw-p 00000000 00:00 0 
7940c8081000-7940cc000000 ---p 00000000 00:00 0 
7940cc000000-7940cc021000 rw-p 00000000 00:00 0 
7940cc021000-7940d0000000 ---p 00000000 00:00 0 
7940d0000000-7940d0021000 rw-p 00000000 00:00 0 
7940d0021000-7940d4000000 ---p 00000000 00:00 0 
7940d4000000-7940d4021000 rw-p 00000000 00:00 0 
7940d4021000-7940d8004000 ---p 00000000 00:00 0 
7940d8004000-7940d8100000 rw-p 00000000 00:00 0 
7940d8100000-7940d8104000 ---p 00000000 00:00 0 
7940d8104000-7940d8200000 rw-p 00000000 00:00 0 
7940d8200000-7940d8204000 ---p 00000000 00:00 0 
7940d8204000-7940d8300000 rw-p 00000000 00:00 0 
7940d8300000-7940d8304000 ---p 00000000 00:00 0 
7940d8304000-7940d8400000 rw-p 00000000 00:00 0 
7940d8400000-7940d8404000 ---p 00000000 00:00 0 
7940d8404000-7940d8500000 rw-p 00000000 00:00 0 
7940d8500000-7940d8504000 ---p 00000000 00:00 0 
7940d8504000-7940d8600000 rw-p 00000000 00:00 0 
7940d8600000-7940d8604000 ---p 00000000 00:00 0 
7940d8604000-7940d8700000 rw-p 00000000 00:00 0 
7940d8700000-7940d8704000 ---p 00000000 00:00 0 
7940d8704000-7940d8800000 rw-p 00000000 00:00 0 
7940d8800000-7940d8f28000 r--p 00000000 103:02 9699534                   /usr/lib/locale/locale-archive
7940d8fd7000-7940d90f1000 rw-p 00000000 00:00 0 
7940d90f1000-7940d90f2000 ---p 00000000 00:00 0 
7940d90f2000-7940d90f6000 ---p 00000000 00:00 0 
7940d90f6000-7940d91f2000 rw-p 00000000 00:00 0 
7940d91f2000-7940d91f3000 ---p 00000000 00:00 0 
7940d91f3000-7940d92f3000 rw-p 00000000 00:00 0 
7940d92f3000-7940d92f4000 ---p 00000000 00:00 0 
7940d92f4000-7940d93f4000 rw-p 00000000 00:00 0 
7940d93f4000-7940d93f5000 ---p 00000000 00:00 0 
7940d93f5000-7940d93f9000 ---p 00000000 00:00 0 
7940d93f9000-7940d94f5000 rw-p 00000000 00:00 0 
7940d94f5000-7940d94f6000 ---p 00000000 00:00 0 
7940d94f6000-7940d95f6000 rw-p 00000000 00:00 0 
7940d95f6000-7940d95f7000 ---p 00000000 00:00 0 
7940d95f7000-7940d96f7000 rw-p 00000000 00:00 0 
7940d96f7000-7940dc021000 rw-p 00000000 00:00 0 
7940dc021000-7940e0000000 ---p 00000000 00:00 0 
7940e0000000-7940e0021000 rw-p 00000000 00:00 0 
7940e0021000-7940e4000000 ---p 00000000 00:00 0 
7940e4000000-7940e405e000 rw-p 00000000 00:00 0 
7940e405e000-7940e8000000 ---p 00000000 00:00 0 
7940e806a000-7940e80a6000 r--p 00000000 fc:00 19278000                   /home/oppa-ai/.gradle/native/0.2.8/x86_64-linux-gnu/libgradle-fileevents.so
7940e80a6000-7940e80ee000 r-xp 0003b000 fc:00 19278000                   /home/oppa-ai/.gradle/native/0.2.8/x86_64-linux-gnu/libgradle-fileevents.so
7940e80ee000-7940e80f7000 r--p 00082000 fc:00 19278000                   /home/oppa-ai/.gradle/native/0.2.8/x86_64-linux-gnu/libgradle-fileevents.so
7940e80f7000-7940e80f8000 rw-p 0008a000 fc:00 19278000                   /home/oppa-ai/.gradle/native/0.2.8/x86_64-linux-gnu/libgradle-fileevents.so
7940e80f8000-7940e85ff000 rw-p 00000000 00:00 0 
7940e85ff000-7940ed88f000 rwxp 00000000 00:00 0 
7940ed88f000-7940efa5f000 ---p 00000000 00:00 0 
7940efa5f000-7940eff2f000 rwxp 00000000 00:00 0 
7940eff2f000-7940f01a0000 ---p 00000000 00:00 0 
7940f01a0000-7940f1da0000 rwxp 00000000 00:00 0 
7940f1da0000-7940f7600000 ---p 00000000 00:00 0 
7940f7600000-7940fbed9000 r--s 00000000 fc:00 20459804                   /home/oppa-ai/.gradle/jdks/jetbrains_s_r_o_-25-amd64-linux.2/lib/modules
7940fbeff000-7940fdb2e000 rw-p 00000000 00:00 0 
7940fdb2e000-794100000000 ---p 00000000 00:00 0 
79410000c000-79410000d000 r--p 00000000 fc:00 20459571                   /home/oppa-ai/.gradle/jdks/jetbrains_s_r_o_-25-amd64-linux.2/lib/librmi.so
79410000d000-79410000e000 r-xp 00001000 fc:00 20459571                   /home/oppa-ai/.gradle/jdks/jetbrains_s_r_o_-25-amd64-linux.2/lib/librmi.so
79410000e000-79410000f000 r--p 00002000 fc:00 20459571                   /home/oppa-ai/.gradle/jdks/jetbrains_s_r_o_-25-amd64-linux.2/lib/librmi.so
79410000f000-794100010000 r--p 00002000 fc:00 20459571                   /home/oppa-ai/.gradle/jdks/jetbrains_s_r_o_-25-amd64-linux.2/lib/librmi.so
794100010000-794100011000 rw-p 00000000 00:00 0 
794100011000-794100015000 ---p 00000000 00:00 0 
794100015000-794100033000 rw-p 00000000 00:00 0 
794100033000-79410003a000 r--s 00000000 103:02 9710966                   /usr/lib/x86_64-linux-gnu/gconv/gconv-modules.cache
79410003a000-79410003b000 r--p 00000000 fc:00 20459575                   /home/oppa-ai/.gradle/jdks/jetbrains_s_r_o_-25-amd64-linux.2/lib/libsimdsort.so
79410003b000-794100074000 r-xp 00001000 fc:00 20459575                   /home/oppa-ai/.gradle/jdks/jetbrains_s_r_o_-25-amd64-linux.2/lib/libsimdsort.so
794100074000-79410007a000 r--p 0003a000 fc:00 20459575                   /home/oppa-ai/.gradle/jdks/jetbrains_s_r_o_-25-amd64-linux.2/lib/libsimdsort.so
79410007a000-79410007b000 r--p 0003f000 fc:00 20459575                   /home/oppa-ai/.gradle/jdks/jetbrains_s_r_o_-25-amd64-linux.2/lib/libsimdsort.so
79410007b000-7941000fd000 rw-p 00000000 00:00 0 
7941000fd000-7941000fe000 ---p 00000000 00:00 0 
7941000fe000-7941001fe000 rw-p 00000000 00:00 0 
7941001fe000-7941001ff000 ---p 00000000 00:00 0 
7941001ff000-7941002ff000 rw-p 00000000 00:00 0 
7941002ff000-794100300000 ---p 00000000 00:00 0 
794100300000-794100400000 rw-p 00000000 00:00 0 
794100400000-794101270000 rw-p 00000000 00:00 0 
794101270000-7941021ec000 ---p 00000000 00:00 0 
7941021ec000-7941023fc000 rw-p 00000000 00:00 0 
7941023fc000-7941025ce000 rw-p 00000000 00:00 0 
7941025ce000-7941027bd000 ---p 00000000 00:00 0 
7941027bd000-7941029ce000 rw-p 00000000 00:00 0 
7941029ce000-794102bbd000 ---p 00000000 00:00 0 
794102bbd000-794102c00000 rw-p 00000000 00:00 0 
794102c04000-794102c05000 r--p 00000000 fc:00 20459537                   /home/oppa-ai/.gradle/jdks/jetbrains_s_r_o_-25-amd64-linux.2/lib/libextnet.so
794102c05000-794102c06000 r-xp 00001000 fc:00 20459537                   /home/oppa-ai/.gradle/jdks/jetbrains_s_r_o_-25-amd64-linux.2/lib/libextnet.so
794102c06000-794102c07000 r--p 00002000 fc:00 20459537                   /home/oppa-ai/.gradle/jdks/jetbrains_s_r_o_-25-amd64-linux.2/lib/libextnet.so
794102c07000-794102c08000 r--p 00002000 fc:00 20459537                   /home/oppa-ai/.gradle/jdks/jetbrains_s_r_o_-25-amd64-linux.2/lib/libextnet.so
794102c08000-794102c09000 rw-p 00000000 00:00 0 
794102c09000-794102c0b000 r--p 00000000 fc:00 20459561                   /home/oppa-ai/.gradle/jdks/jetbrains_s_r_o_-25-amd64-linux.2/lib/libmanagement_ext.so
794102c0b000-794102c0e000 r-xp 00002000 fc:00 20459561                   /home/oppa-ai/.gradle/jdks/jetbrains_s_r_o_-25-amd64-linux.2/lib/libmanagement_ext.so
794102c0e000-794102c0f000 r--p 00005000 fc:00 20459561                   /home/oppa-ai/.gradle/jdks/jetbrains_s_r_o_-25-amd64-linux.2/lib/libmanagement_ext.so
794102c0f000-794102c10000 ---p 00006000 fc:00 20459561                   /home/oppa-ai/.gradle/jdks/jetbrains_s_r_o_-25-amd64-linux.2/lib/libmanagement_ext.so
794102c10000-794102c11000 r--p 00006000 fc:00 20459561                   /home/oppa-ai/.gradle/jdks/jetbrains_s_r_o_-25-amd64-linux.2/lib/libmanagement_ext.so
794102c11000-794102c12000 rw-p 00000000 00:00 0 
794102c12000-794102c16000 r--p 00000000 fc:00 20459578                   /home/oppa-ai/.gradle/jdks/jetbrains_s_r_o_-25-amd64-linux.2/lib/libverify.so
794102c16000-794102c1e000 r-xp 00004000 fc:00 20459578                   /home/oppa-ai/.gradle/jdks/jetbrains_s_r_o_-25-amd64-linux.2/lib/libverify.so
794102c1e000-794102c20000 r--p 0000c000 fc:00 20459578                   /home/oppa-ai/.gradle/jdks/jetbrains_s_r_o_-25-amd64-linux.2/lib/libverify.so
794102c20000-794102c22000 r--p 0000d000 fc:00 20459578                   /home/oppa-ai/.gradle/jdks/jetbrains_s_r_o_-25-amd64-linux.2/lib/libverify.so
794102c22000-794102c23000 rw-p 00000000 00:00 0 
794102c23000-794102c25000 r--p 00000000 fc:00 20459566                   /home/oppa-ai/.gradle/jdks/jetbrains_s_r_o_-25-amd64-linux.2/lib/libnet.so
794102c25000-794102c2d000 r-xp 00002000 fc:00 20459566                   /home/oppa-ai/.gradle/jdks/jetbrains_s_r_o_-25-amd64-linux.2/lib/libnet.so
794102c2d000-794102c2f000 r--p 0000a000 fc:00 20459566                   /home/oppa-ai/.gradle/jdks/jetbrains_s_r_o_-25-amd64-linux.2/lib/libnet.so
794102c2f000-794102c30000 r--p 0000b000 fc:00 20459566                   /home/oppa-ai/.gradle/jdks/jetbrains_s_r_o_-25-amd64-linux.2/lib/libnet.so
794102c30000-794103c7e000 rw-p 00000000 00:00 0 
794103c7e000-794103d2e000 ---p 00000000 00:00 0 
794103d2e000-794103dd4000 rw-p 00000000 00:00 0 
794103dd4000-794103e17000 ---p 00000000 00:00 0 
794103e17000-794103e1b000 ---p 00000000 00:00 0 
794103e1b000-794103f17000 rw-p 00000000 00:00 0 
794103f17000-794103f27000 r--p 00000000 103:02 9710982                   /usr/lib/x86_64-linux-gnu/libm.so.6
794103f27000-794103fa6000 r-xp 00010000 103:02 9710982                   /usr/lib/x86_64-linux-gnu/libm.so.6
794103fa6000-794103ffe000 r--p 0008f000 103:02 9710982                   /usr/lib/x86_64-linux-gnu/libm.so.6
794103ffe000-794103fff000 r--p 000e7000 103:02 9710982                   /usr/lib/x86_64-linux-gnu/libm.so.6
794103fff000-794104000000 rw-p 000e8000 103:02 9710982                   /usr/lib/x86_64-linux-gnu/libm.so.6
794104000000-7941042dd000 r--p 00000000 fc:00 20459816                   /home/oppa-ai/.gradle/jdks/jetbrains_s_r_o_-25-amd64-linux.2/lib/server/libjvm.so
7941042dd000-79410528d000 r-xp 002dd000 fc:00 20459816                   /home/oppa-ai/.gradle/jdks/jetbrains_s_r_o_-25-amd64-linux.2/lib/server/libjvm.so
79410528d000-7941055ab000 r--p 0128d000 fc:00 20459816                   /home/oppa-ai/.gradle/jdks/jetbrains_s_r_o_-25-amd64-linux.2/lib/server/libjvm.so
7941055ab000-7941055ac000 ---p 015ab000 fc:00 20459816                   /home/oppa-ai/.gradle/jdks/jetbrains_s_r_o_-25-amd64-linux.2/lib/server/libjvm.so
7941055ac000-794105695000 r--p 015ab000 fc:00 20459816                   /home/oppa-ai/.gradle/jdks/jetbrains_s_r_o_-25-amd64-linux.2/lib/server/libjvm.so
794105695000-7941056c1000 rw-p 01694000 fc:00 20459816                   /home/oppa-ai/.gradle/jdks/jetbrains_s_r_o_-25-amd64-linux.2/lib/server/libjvm.so
7941056c1000-79410574d000 rw-p 00000000 00:00 0 
79410574d000-794105754000 r--p 00000000 fc:00 20459569                   /home/oppa-ai/.gradle/jdks/jetbrains_s_r_o_-25-amd64-linux.2/lib/libnio.so
794105754000-79410575d000 r-xp 00007000 fc:00 20459569                   /home/oppa-ai/.gradle/jdks/jetbrains_s_r_o_-25-amd64-linux.2/lib/libnio.so
79410575d000-794105761000 r--p 00010000 fc:00 20459569                   /home/oppa-ai/.gradle/jdks/jetbrains_s_r_o_-25-amd64-linux.2/lib/libnio.so
794105761000-794105762000 ---p 00014000 fc:00 20459569                   /home/oppa-ai/.gradle/jdks/jetbrains_s_r_o_-25-amd64-linux.2/lib/libnio.so
794105762000-794105763000 r--p 00014000 fc:00 20459569                   /home/oppa-ai/.gradle/jdks/jetbrains_s_r_o_-25-amd64-linux.2/lib/libnio.so
794105763000-794105764000 rw-p 00015000 fc:00 20459569                   /home/oppa-ai/.gradle/jdks/jetbrains_s_r_o_-25-amd64-linux.2/lib/libnio.so
794105764000-7941057bf000 rw-p 00000000 00:00 0 
7941057d2000-7941057d3000 r--p 00000000 103:02 9706411                   /usr/lib/x86_64-linux-gnu/libnss_mdns4_minimal.so.2
7941057d3000-7941057d5000 r-xp 00001000 103:02 9706411                   /usr/lib/x86_64-linux-gnu/libnss_mdns4_minimal.so.2
7941057d5000-7941057d6000 r--p 00003000 103:02 9706411                   /usr/lib/x86_64-linux-gnu/libnss_mdns4_minimal.so.2
7941057d6000-7941057d7000 r--p 00003000 103:02 9706411                   /usr/lib/x86_64-linux-gnu/libnss_mdns4_minimal.so.2
7941057d7000-7941057d8000 rw-p 00004000 103:02 9706411                   /usr/lib/x86_64-linux-gnu/libnss_mdns4_minimal.so.2
794105800000-794105828000 r--p 00000000 103:02 9710979                   /usr/lib/x86_64-linux-gnu/libc.so.6
794105828000-7941059b0000 r-xp 00028000 103:02 9710979                   /usr/lib/x86_64-linux-gnu/libc.so.6
7941059b0000-7941059ff000 r--p 001b0000 103:02 9710979                   /usr/lib/x86_64-linux-gnu/libc.so.6
7941059ff000-794105a03000 r--p 001fe000 103:02 9710979                   /usr/lib/x86_64-linux-gnu/libc.so.6
794105a03000-794105a05000 rw-p 00202000 103:02 9710979                   /usr/lib/x86_64-linux-gnu/libc.so.6
794105a05000-794105a12000 rw-p 00000000 00:00 0 
794105a16000-794105a18000 r--p 00000000 fc:00 20459559                   /home/oppa-ai/.gradle/jdks/jetbrains_s_r_o_-25-amd64-linux.2/lib/libmanagement.so
794105a18000-794105a19000 r-xp 00002000 fc:00 20459559                   /home/oppa-ai/.gradle/jdks/jetbrains_s_r_o_-25-amd64-linux.2/lib/libmanagement.so
794105a19000-794105a1a000 r--p 00003000 fc:00 20459559                   /home/oppa-ai/.gradle/jdks/jetbrains_s_r_o_-25-amd64-linux.2/lib/libmanagement.so
794105a1a000-794105a1b000 r--p 00003000 fc:00 20459559                   /home/oppa-ai/.gradle/jdks/jetbrains_s_r_o_-25-amd64-linux.2/lib/libmanagement.so
794105a1b000-794105a1c000 rw-p 00000000 00:00 0 
794105a1c000-794105a1e000 r--p 00000000 fc:00 20459582                   /home/oppa-ai/.gradle/jdks/jetbrains_s_r_o_-25-amd64-linux.2/lib/libzip.so
794105a1e000-794105a22000 r-xp 00002000 fc:00 20459582                   /home/oppa-ai/.gradle/jdks/jetbrains_s_r_o_-25-amd64-linux.2/lib/libzip.so
794105a22000-794105a24000 r--p 00006000 fc:00 20459582                   /home/oppa-ai/.gradle/jdks/jetbrains_s_r_o_-25-amd64-linux.2/lib/libzip.so
794105a24000-794105a25000 r--p 00007000 fc:00 20459582                   /home/oppa-ai/.gradle/jdks/jetbrains_s_r_o_-25-amd64-linux.2/lib/libzip.so
794105a25000-794105a30000 rw-p 00000000 00:00 0 
794105a30000-794105a35000 ---p 00000000 00:00 0 
794105a35000-794105a3d000 rw-s 00000000 103:02 6291502                   /tmp/hsperfdata_oppa-ai/93213
794105a3d000-794105a49000 r--p 00000000 fc:00 20459546                   /home/oppa-ai/.gradle/jdks/jetbrains_s_r_o_-25-amd64-linux.2/lib/libjava.so
794105a49000-794105a57000 r-xp 0000c000 fc:00 20459546                   /home/oppa-ai/.gradle/jdks/jetbrains_s_r_o_-25-amd64-linux.2/lib/libjava.so
794105a57000-794105a5c000 r--p 0001a000 fc:00 20459546                   /home/oppa-ai/.gradle/jdks/jetbrains_s_r_o_-25-amd64-linux.2/lib/libjava.so
794105a5c000-794105a5d000 ---p 0001f000 fc:00 20459546                   /home/oppa-ai/.gradle/jdks/jetbrains_s_r_o_-25-amd64-linux.2/lib/libjava.so
794105a5d000-794105a5e000 r--p 0001f000 fc:00 20459546                   /home/oppa-ai/.gradle/jdks/jetbrains_s_r_o_-25-amd64-linux.2/lib/libjava.so
794105a5e000-794105a5f000 rw-p 00020000 fc:00 20459546                   /home/oppa-ai/.gradle/jdks/jetbrains_s_r_o_-25-amd64-linux.2/lib/libjava.so
794105a5f000-794105a60000 rw-p 00000000 00:00 0 
794105a60000-794105a62000 r--p 00000000 fc:00 20459541                   /home/oppa-ai/.gradle/jdks/jetbrains_s_r_o_-25-amd64-linux.2/lib/libinstrument.so
794105a62000-794105a68000 r-xp 00002000 fc:00 20459541                   /home/oppa-ai/.gradle/jdks/jetbrains_s_r_o_-25-amd64-linux.2/lib/libinstrument.so
794105a68000-794105a6b000 r--p 00008000 fc:00 20459541                   /home/oppa-ai/.gradle/jdks/jetbrains_s_r_o_-25-amd64-linux.2/lib/libinstrument.so
794105a6b000-794105a6c000 r--p 0000a000 fc:00 20459541                   /home/oppa-ai/.gradle/jdks/jetbrains_s_r_o_-25-amd64-linux.2/lib/libinstrument.so
794105a6c000-794105a6d000 rw-p 0000b000 fc:00 20459541                   /home/oppa-ai/.gradle/jdks/jetbrains_s_r_o_-25-amd64-linux.2/lib/libinstrument.so
794105a6d000-794105a6e000 r--p 00000000 103:02 9710993                   /usr/lib/x86_64-linux-gnu/librt.so.1
794105a6e000-794105a6f000 r-xp 00001000 103:02 9710993                   /usr/lib/x86_64-linux-gnu/librt.so.1
794105a6f000-794105a70000 r--p 00002000 103:02 9710993                   /usr/lib/x86_64-linux-gnu/librt.so.1
794105a70000-794105a71000 r--p 00002000 103:02 9710993                   /usr/lib/x86_64-linux-gnu/librt.so.1
794105a71000-794105a72000 rw-p 00003000 103:02 9710993                   /usr/lib/x86_64-linux-gnu/librt.so.1
794105a72000-794105a75000 rw-p 00000000 00:00 0 
794105a75000-794105a76000 r--p 00000000 103:02 9710991                   /usr/lib/x86_64-linux-gnu/libpthread.so.0
794105a76000-794105a77000 r-xp 00001000 103:02 9710991                   /usr/lib/x86_64-linux-gnu/libpthread.so.0
794105a77000-794105a78000 r--p 00002000 103:02 9710991                   /usr/lib/x86_64-linux-gnu/libpthread.so.0
794105a78000-794105a79000 r--p 00002000 103:02 9710991                   /usr/lib/x86_64-linux-gnu/libpthread.so.0
794105a79000-794105a7a000 rw-p 00003000 103:02 9710991                   /usr/lib/x86_64-linux-gnu/libpthread.so.0
794105a7a000-794105a7c000 rw-p 00000000 00:00 0 
794105a7c000-794105a7d000 r--p 00000000 103:02 9710981                   /usr/lib/x86_64-linux-gnu/libdl.so.2
794105a7d000-794105a7e000 r-xp 00001000 103:02 9710981                   /usr/lib/x86_64-linux-gnu/libdl.so.2
794105a7e000-794105a7f000 r--p 00002000 103:02 9710981                   /usr/lib/x86_64-linux-gnu/libdl.so.2
794105a7f000-794105a80000 r--p 00002000 103:02 9710981                   /usr/lib/x86_64-linux-gnu/libdl.so.2
794105a80000-794105a81000 rw-p 00003000 103:02 9710981                   /usr/lib/x86_64-linux-gnu/libdl.so.2
794105a81000-794105a83000 r--p 00000000 103:02 9699405                   /usr/lib/x86_64-linux-gnu/libz.so.1.3
794105a83000-794105a95000 r-xp 00002000 103:02 9699405                   /usr/lib/x86_64-linux-gnu/libz.so.1.3
794105a95000-794105a9b000 r--p 00014000 103:02 9699405                   /usr/lib/x86_64-linux-gnu/libz.so.1.3
794105a9b000-794105a9c000 r--p 0001a000 103:02 9699405                   /usr/lib/x86_64-linux-gnu/libz.so.1.3
794105a9c000-794105a9d000 rw-p 0001b000 103:02 9699405                   /usr/lib/x86_64-linux-gnu/libz.so.1.3
794105aa1000-794105aa2000 ---p 00000000 00:00 0 
794105aa2000-794105aa3000 r--p 00000000 00:00 0 
794105aa3000-794105aa4000 ---p 00000000 00:00 0 
794105aa4000-794105aa7000 r--p 00000000 fc:00 20459551                   /home/oppa-ai/.gradle/jdks/jetbrains_s_r_o_-25-amd64-linux.2/lib/libjimage.so
794105aa7000-794105abb000 r-xp 00003000 fc:00 20459551                   /home/oppa-ai/.gradle/jdks/jetbrains_s_r_o_-25-amd64-linux.2/lib/libjimage.so
794105abb000-794105ac1000 r--p 00017000 fc:00 20459551                   /home/oppa-ai/.gradle/jdks/jetbrains_s_r_o_-25-amd64-linux.2/lib/libjimage.so
794105ac1000-794105ac2000 ---p 0001d000 fc:00 20459551                   /home/oppa-ai/.gradle/jdks/jetbrains_s_r_o_-25-amd64-linux.2/lib/libjimage.so
794105ac2000-794105ac4000 r--p 0001d000 fc:00 20459551                   /home/oppa-ai/.gradle/jdks/jetbrains_s_r_o_-25-amd64-linux.2/lib/libjimage.so
794105ac4000-794105ac5000 rw-p 0001f000 fc:00 20459551                   /home/oppa-ai/.gradle/jdks/jetbrains_s_r_o_-25-amd64-linux.2/lib/libjimage.so
794105ac5000-794105ac7000 r--p 00000000 fc:00 20459552                   /home/oppa-ai/.gradle/jdks/jetbrains_s_r_o_-25-amd64-linux.2/lib/libjli.so
794105ac7000-794105ad1000 r-xp 00002000 fc:00 20459552                   /home/oppa-ai/.gradle/jdks/jetbrains_s_r_o_-25-amd64-linux.2/lib/libjli.so
794105ad1000-794105ad4000 r--p 0000c000 fc:00 20459552                   /home/oppa-ai/.gradle/jdks/jetbrains_s_r_o_-25-amd64-linux.2/lib/libjli.so
794105ad4000-794105ad5000 ---p 0000f000 fc:00 20459552                   /home/oppa-ai/.gradle/jdks/jetbrains_s_r_o_-25-amd64-linux.2/lib/libjli.so
794105ad5000-794105ad6000 r--p 0000f000 fc:00 20459552                   /home/oppa-ai/.gradle/jdks/jetbrains_s_r_o_-25-amd64-linux.2/lib/libjli.so
794105ad6000-794105ad7000 rw-p 00010000 fc:00 20459552                   /home/oppa-ai/.gradle/jdks/jetbrains_s_r_o_-25-amd64-linux.2/lib/libjli.so
794105ad7000-794105ad9000 rw-p 00000000 00:00 0 
794105ad9000-794105ada000 r--p 00000000 103:02 9710975                   /usr/lib/x86_64-linux-gnu/ld-linux-x86-64.so.2
794105ada000-794105b05000 r-xp 00001000 103:02 9710975                   /usr/lib/x86_64-linux-gnu/ld-linux-x86-64.so.2
794105b05000-794105b0f000 r--p 0002c000 103:02 9710975                   /usr/lib/x86_64-linux-gnu/ld-linux-x86-64.so.2
794105b0f000-794105b11000 r--p 00036000 103:02 9710975                   /usr/lib/x86_64-linux-gnu/ld-linux-x86-64.so.2
794105b11000-794105b13000 rw-p 00038000 103:02 9710975                   /usr/lib/x86_64-linux-gnu/ld-linux-x86-64.so.2
7ffcfbade000-7ffcfbb00000 rw-p 00000000 00:00 0                          [stack]
7ffcfbbdc000-7ffcfbbe0000 r--p 00000000 00:00 0                          [vvar]
7ffcfbbe0000-7ffcfbbe2000 r-xp 00000000 00:00 0                          [vdso]
ffffffffff600000-ffffffffff601000 --xp 00000000 00:00 0                  [vsyscall]
Total number of mappings: 796

JVMTI agents:
/home/oppa-ai/.gradle/wrapper/dists/gradle-9.7.1-bin/1w1c7tv4s851m17nbqdsro2tv/gradle-9.7.1/lib/agents/gradle-instrumentation-agent-9.7.1.jar path:none, loaded, initialized, instrumentlib options:none


VM Arguments:
jvm_args: --add-opens=java.base/java.lang=ALL-UNNAMED --add-opens=java.base/java.lang.invoke=ALL-UNNAMED --add-opens=java.base/java.util=ALL-UNNAMED --add-opens=java.prefs/java.util.prefs=ALL-UNNAMED --add-exports=jdk.compiler/com.sun.tools.javac.api=ALL-UNNAMED --add-exports=jdk.compiler/com.sun.tools.javac.util=ALL-UNNAMED --add-opens=java.base/java.nio.charset=ALL-UNNAMED --add-opens=java.base/java.net=ALL-UNNAMED --add-opens=java.base/java.util.concurrent=ALL-UNNAMED --add-opens=java.base/java.util.concurrent.atomic=ALL-UNNAMED --add-opens=java.xml/javax.xml.namespace=ALL-UNNAMED --add-opens=java.base/java.time=ALL-UNNAMED --enable-native-access=ALL-UNNAMED -Xmx2048m -Dfile.encoding=UTF-8 -Duser.country=US -Duser.language=en -Duser.variant -javaagent:/home/oppa-ai/.gradle/wrapper/dists/gradle-9.7.1-bin/1w1c7tv4s851m17nbqdsro2tv/gradle-9.7.1/lib/agents/gradle-instrumentation-agent-9.7.1.jar -Dawt.toolkit.name=XToolkit 
java_command: org.gradle.launcher.daemon.bootstrap.GradleDaemon 9.7.1
java_class_path (initial): /home/oppa-ai/.gradle/wrapper/dists/gradle-9.7.1-bin/1w1c7tv4s851m17nbqdsro2tv/gradle-9.7.1/lib/gradle-daemon-main-9.7.1.jar
Launcher Type: SUN_STANDARD

[Global flags]
     intx CICompilerCount                          = 12                                        {product} {ergonomic}
     uint ConcGCThreads                            = 4                                         {product} {ergonomic}
     uint G1ConcRefinementThreads                  = 15                                        {product} {ergonomic}
   size_t G1HeapRegionSize                         = 1048576                                   {product} {ergonomic}
   size_t InitialHeapSize                          = 522190848                                 {product} {ergonomic}
   size_t MarkStackSize                            = 4194304                                   {product} {ergonomic}
   size_t MarkStackSizeMax                         = 536870912                                 {product} {ergonomic}
   size_t MaxHeapSize                              = 2147483648                                {product} {command line}
   size_t MaxNewSize                               = 1287651328                                {product} {ergonomic}
   size_t MinHeapDeltaBytes                        = 1048576                                   {product} {ergonomic}
   size_t MinHeapSize                              = 8388608                                   {product} {ergonomic}
    uintx NonNMethodCodeHeapSize                   = 7606272                                {pd product} {ergonomic}
    uintx NonProfiledCodeHeapSize                  = 122028032                              {pd product} {ergonomic}
    uintx ProfiledCodeHeapSize                     = 122028032                              {pd product} {ergonomic}
    uintx ReservedCodeCacheSize                    = 251662336                              {pd product} {ergonomic}
     bool SegmentedCodeCache                       = true                                      {product} {ergonomic}
   size_t SoftMaxHeapSize                          = 2147483648                             {manageable} {ergonomic}
     bool UseCompressedOops                        = true                           {product lp64_product} {ergonomic}
     bool UseG1GC                                  = true                                      {product} {ergonomic}

Logging:
Log output configuration:
 #0: stdout all=warning uptime,level,tags foldmultilines=false
 #1: stderr all=off uptime,level,tags foldmultilines=false

Release file:
JAVA_VERSION="25.0.4.1"
MODULES="java.base java.datatransfer java.xml java.prefs java.desktop gluegen.rt java.compiler java.instrument java.logging java.management java.security.sasl java.naming java.rmi java.management.rmi java.net.http java.scripting java.security.jgss java.transaction.xa java.sql java.sql.rowset java.xml.crypto java.se java.smartcardio jogl.all jcef jdk.accessibility jdk.internal.jvmstat jdk.attach jdk.charsets jdk.internal.opt jdk.zipfs jdk.compiler jdk.crypto.cryptoki jdk.crypto.ec jdk.dynalink jdk.internal.ed jdk.editpad jdk.internal.vm.ci jdk.graal.compiler jdk.graal.compiler.management jdk.hotspot.agent jdk.httpserver jdk.incubator.vector jdk.internal.le jdk.internal.md jdk.jartool jdk.javadoc jdk.jcmd jdk.management jdk.management.agent jdk.jconsole jdk.jdeps jdk.jdwp.agent jdk.jdi jdk.jfr jdk.jlink jdk.jpackage jdk.jshell jdk.jsobject jdk.jstatd jdk.localedata jdk.management.jfr jdk.naming.dns jdk.naming.rmi jdk.net jdk.nio.mapmode jdk.sctp jdk.security.auth jdk.security.jgss jdk.unsupported jdk.unsupported.desktop jdk.xml.dom"
IMPLEMENTOR="JetBrains s.r.o."
IMPLEMENTOR_VERSION="JBRSDK-25.0.4.1+1-583.48-jcef"
JAVA_RUNTIME_VERSION="25.0.4.1+1-b583.48"
LIBC="gnu"
OS_ARCH="x86_64"
OS_NAME="Linux"
SOURCE=".:git:868e6eaecc70+ jcef_git:git:4a605f44671a"
JCEF_VERSION="150.0.14.1214+g3f4e03e"
JCEF_COMMIT_HASH="3f4e03e099488e0e2ae264041986a9a1e19536a7"
JCEF_VERSION_DETAILED=150.0.14-g7c1aa68-chromium-150.0.7871.129-api-1.21-263-b10

Environment Variables:
PATH=/home/oppa-ai/.local/bin:/usr/local/sbin:/usr/local/bin:/usr/sbin:/usr/bin:/sbin:/bin:/usr/games:/usr/local/games:/snap/bin
USERNAME=oppa-ai
LD_LIBRARY_PATH=
SHELL=/bin/bash
DISPLAY=:0
LANG=en_US.UTF-8
LC_ALL=en_US.UTF-8
TERM=

Active Locale:
LC_ALL=en_US.UTF-8
LC_COLLATE=en_US.UTF-8
LC_CTYPE=en_US.UTF-8
LC_MESSAGES=en_US.UTF-8
LC_MONETARY=en_US.UTF-8
LC_NUMERIC=en_US.UTF-8
LC_TIME=en_US.UTF-8

Signal Handlers:
   SIGSEGV: crash_handler in libjvm.so, mask=11100100010111111101111111111110, flags=SA_RESTART|SA_SIGINFO, unblocked
    SIGBUS: crash_handler in libjvm.so, mask=11100100010111111101111111111110, flags=SA_RESTART|SA_SIGINFO, unblocked
    SIGFPE: crash_handler in libjvm.so, mask=11100100010111111101111111111110, flags=SA_RESTART|SA_SIGINFO, unblocked
   SIGPIPE: javaSignalHandler in libjvm.so, mask=11100100010111111101111111111110, flags=SA_RESTART|SA_SIGINFO, blocked
   SIGXFSZ: javaSignalHandler in libjvm.so, mask=11100100010111111101111111111110, flags=SA_RESTART|SA_SIGINFO, blocked
    SIGILL: crash_handler in libjvm.so, mask=11100100010111111101111111111110, flags=SA_RESTART|SA_SIGINFO, unblocked
   SIGUSR2: SR_handler in libjvm.so, mask=00000000000000000000000000000000, flags=SA_RESTART|SA_SIGINFO, blocked
    SIGHUP: UserHandler in libjvm.so, mask=11100100010111111101111111111110, flags=SA_RESTART|SA_SIGINFO, blocked
    SIGINT: UserHandler in libjvm.so, mask=11100100010111111101111111111110, flags=SA_RESTART|SA_SIGINFO, blocked
   SIGTERM: UserHandler in libjvm.so, mask=11100100010111111101111111111110, flags=SA_RESTART|SA_SIGINFO, blocked
   SIGQUIT: UserHandler in libjvm.so, mask=11100100010111111101111111111110, flags=SA_RESTART|SA_SIGINFO, blocked
   SIGTRAP: crash_handler in libjvm.so, mask=11100100010111111101111111111110, flags=SA_RESTART|SA_SIGINFO, unblocked


Compilation memory statistics disabled.

Periodic native trim disabled

JNI global refs:
JNI global refs: 44, weak refs: 47

JNI global refs memory usage: 859, weak refs: 1937

Process memory usage:
Resident Set Size: 3280032K (10% of 32573184K total physical memory with 17956620K free physical memory)

OOME stack traces (most recent first):
Classloader memory used:
Loader java.net.URLClassLoader                                                         : 98286 K
Loader org.gradle.internal.classloader.VisitableURLClassLoader$InstrumentingVisitableURLClassLoader: 83602 K
Loader org.gradle.internal.classloader.VisitableURLClassLoader                         : 53484 K
Loader bootstrap                                                                       : 16469 K
Loader org.gradle.initialization.MixInLegacyTypesClassLoader                           : 14594 K
Loader org.gradle.internal.classloader.VisitableURLClassLoader                         : 8509 K
Loader jdk.internal.jrtfs.JrtFileSystemProvider$JrtFsLoader                            : 326 K
Loader jdk.internal.loader.ClassLoaders$PlatformClassLoader                            : 223 K
Loader jdk.internal.loader.ClassLoaders$AppClassLoader                                 : 188 K
Loader org.gradle.groovy.scripts.internal.DefaultScriptCompilationHandler$ScriptClassLoader: 89312 B
Loader sun.reflect.misc.MethodUtil                                                     : 3064 B

Classes loaded by more than one classloader:
Class com.google.common.collect.UnmodifiableListIterator                              : loaded 7 times (x 97B)
Class com.google.common.collect.Iterators$ArrayItr                                    : loaded 7 times (x 99B)
Class com.google.common.collect.UnmodifiableIterator                                  : loaded 7 times (x 82B)
Class com.google.common.collect.Iterators$SingletonIterator                           : loaded 7 times (x 83B)
Class com.google.common.collect.Iterators                                             : loaded 7 times (x 73B)
Class com.google.common.collect.Lists$StringAsImmutableList                           : loaded 7 times (x 209B)
Class com.google.common.collect.AbstractIterator                                      : loaded 7 times (x 84B)
Class com.google.common.collect.AbstractIndexedListIterator                           : loaded 7 times (x 98B)
Class com.google.common.collect.Iterators$1                                           : loaded 7 times (x 83B)
Class com.google.common.collect.Iterators$4                                           : loaded 7 times (x 84B)
Class com.google.common.collect.Iterators$5                                           : loaded 7 times (x 84B)
Class com.google.common.collect.ImmutableCollection                                   : loaded 7 times (x 127B)
Class com.google.common.collect.Lists                                                 : loaded 7 times (x 73B)
Class com.google.common.collect.Iterators$9                                           : loaded 7 times (x 83B)
Class com.google.common.base.Preconditions                                            : loaded 7 times (x 73B)
Class com.google.common.collect.PeekingIterator                                       : loaded 7 times (x 72B)
Class com.google.common.collect.ImmutableList                                         : loaded 7 times (x 208B)
Class com.google.common.collect.Iterators$MergingIterator                             : loaded 7 times (x 83B)
Class org.jetbrains.plugins.gradle.model.ClasspathEntryModel                          : loaded 5 times (x 72B)
Class com.intellij.gradle.toolingExtension.util.GradleVersionUtil                     : loaded 5 times (x 73B)
Class com.google.common.base.Objects                                                  : loaded 5 times (x 73B)
Class com.google.common.collect.Multimap                                              : loaded 5 times (x 72B)
Class com.google.common.base.ExtraObjectsMethodsForWeb                                : loaded 5 times (x 73B)
Class Program                                                                         : loaded 5 times (x 74B)
Class com.intellij.gradle.toolingExtension.impl.model.utilDummyModel.DummyModel       : loaded 5 times (x 72B)
Class org.jetbrains.plugins.gradle.model.GradleBuildScriptClasspathModel              : loaded 5 times (x 72B)
Class org.jetbrains.plugins.gradle.tooling.ModelBuilderService$Parameter              : loaded 5 times (x 72B)
Class com.intellij.gradle.toolingExtension.impl.model.dependencyDownloadPolicyModel.GradleDependencyDownloadPolicy: loaded 5 times (x 72B)
Class com.android.ide.gradle.model.builder.AndroidStudioToolingPluginKt               : loaded 4 times (x 73B)
Class com.android.ide.gradle.model.dependencies.DeclaredDependencies                  : loaded 4 times (x 72B)
Class com.google.gson.Gson$FutureTypeAdapter                                          : loaded 4 times (x 78B)
Class com.google.gson.internal.bind.ObjectTypeAdapter$1                               : loaded 4 times (x 78B)
Class com.amazon.ion.impl.bin.IonManagedBinaryWriter$UserState$1                      : loaded 4 times (x 87B)
Class org.jetbrains.plugins.gradle.tooling.serialization.internal.IdeaProjectSerializationService$ReadContext: loaded 4 times (x 74B)
Class com.intellij.gradle.toolingExtension.impl.model.dependencyGraphModel.GradleDependencyGraphModelBuilder: loaded 4 times (x 84B)
Class com.intellij.gradle.toolingExtension.impl.util.collectionUtil.GradleCollectionVisitor: loaded 4 times (x 72B)
Class com.amazon.ion.impl.bin.IonManagedBinaryWriter$UserState$2                      : loaded 4 times (x 87B)
Class com.amazon.ion.impl._Private_IonValue                                           : loaded 4 times (x 72B)
Class com.intellij.gradle.toolingExtension.impl.model.sourceSetModel.GradleSourceSetSerialisationService$Companion: loaded 4 times (x 73B)
Class com.google.gson.JsonObject                                                      : loaded 4 times (x 95B)
Class com.amazon.ion.impl.bin.IonManagedBinaryWriter$UserState$3                      : loaded 4 times (x 87B)
Class com.amazon.ion.util.GzipStreamInterceptor                                       : loaded 4 times (x 87B)
Class com.amazon.ion.IonException                                                     : loaded 4 times (x 86B)
Class [Lio.opentelemetry.api.trace.ImmutableTraceFlags;                               : loaded 4 times (x 71B)
Class org.jetbrains.plugins.gradle.tooling.util.IntObjectMap$ObjectFactory            : loaded 4 times (x 72B)
Class com.intellij.openapi.externalSystem.model.project.dependencies.ProjectDependencyNode: loaded 4 times (x 72B)
Class com.google.gson.stream.MalformedJsonException                                   : loaded 4 times (x 84B)
Class org.jetbrains.plugins.gradle.model.UnresolvedExternalDependency                 : loaded 4 times (x 72B)
Class com.amazon.ion.impl.bin.IonManagedBinaryWriter$UserState$4                      : loaded 4 times (x 87B)
Class com.amazon.ion.system.IonBinaryWriterBuilder                                    : loaded 4 times (x 101B)
Class io.opentelemetry.context.ContextStorageProvider                                 : loaded 4 times (x 72B)
Class org.jetbrains.plugins.gradle.model.AnnotationProcessingModel                    : loaded 4 times (x 72B)
Class org.jetbrains.plugins.gradle.model.GradleExtensions                             : loaded 4 times (x 72B)
Class com.google.gson.internal.bind.TypeAdapters$30                                   : loaded 4 times (x 78B)
Class com.google.gson.internal.bind.JsonTreeReader                                    : loaded 4 times (x 99B)
Class com.google.gson.TypeAdapterFactory                                              : loaded 4 times (x 72B)
Class com.intellij.util.ThrowableConsumer                                             : loaded 4 times (x 72B)
Class io.opentelemetry.api.internal.OtelEncodingUtils                                 : loaded 4 times (x 73B)
Class org.jetbrains.kotlin.idea.gradleTooling.KotlinMPPGradleModelBinaryBuilder       : loaded 4 times (x 88B)
Class com.google.gson.internal.bind.JsonAdapterAnnotationTypeAdapterFactory$DummyTypeAdapterFactory: loaded 4 times (x 77B)
Class com.google.gson.internal.bind.TypeAdapters$31                                   : loaded 4 times (x 78B)
Class com.google.gson.JsonSyntaxException                                             : loaded 4 times (x 84B)
Class org.jetbrains.kotlin.idea.gradleTooling.AndroidAwareGradleModelProvider$Companion: loaded 4 times (x 73B)
Class [Lcom.amazon.ion.impl.bin.IonRawBinaryWriter$StreamCloseMode;                   : loaded 4 times (x 71B)
Class com.amazon.ion.impl.lite.IonSymbolLite                                          : loaded 4 times (x 249B)
Class com.amazon.ion.impl.bin.IonManagedBinaryWriter$ImportedSymbolResolverMode$1     : loaded 4 times (x 82B)
Class io.opentelemetry.api.GlobalOpenTelemetry                                        : loaded 4 times (x 73B)
Class com.intellij.util.containers.IntObjectHashMap$ArrayProducer                     : loaded 4 times (x 72B)
Class org.jetbrains.plugins.gradle.tooling.builder.ExternalTestsModelBuilderImpl      : loaded 4 times (x 80B)
Class com.google.gson.internal.bind.TypeAdapters$32                                   : loaded 4 times (x 78B)
Class com.amazon.ion.impl.bin.IonManagedBinaryWriter$ImportedSymbolResolverMode$2     : loaded 4 times (x 82B)
Class io.opentelemetry.context.Scope                                                  : loaded 4 times (x 72B)
Class com.android.ide.gradle.model.builder.GradlePluginModelBuilder                   : loaded 4 times (x 77B)
Class org.jetbrains.kotlin.idea.projectModel.KotlinTaskProperties                     : loaded 4 times (x 72B)
Class com.google.gson.internal.bind.ObjectTypeAdapter                                 : loaded 4 times (x 76B)
Class org.jetbrains.plugins.gradle.tooling.serialization.internal.IdeaProjectSerializationService: loaded 4 times (x 79B)
Class com.intellij.openapi.externalSystem.model.project.dependencies.DependencyNode   : loaded 4 times (x 72B)
Class com.amazon.ion.impl.lite.IonSystemLite                                          : loaded 4 times (x 277B)
Class com.amazon.ion.util.InputStreamInterceptor                                      : loaded 4 times (x 72B)
Class com.amazon.ion.impl.bin.IonRawBinaryWriter$PreallocationMode                    : loaded 4 times (x 83B)
Class com.amazon.ion.impl.bin._Private_IonRawWriter                                   : loaded 4 times (x 72B)
Class com.amazon.ion.IonWriter                                                        : loaded 4 times (x 72B)
Class com.google.gson.internal.bind.TypeAdapters                                      : loaded 4 times (x 73B)
Class com.google.gson.FormattingStyle                                                 : loaded 4 times (x 80B)
Class com.google.gson.FieldNamingPolicy                                               : loaded 4 times (x 87B)
Class com.amazon.ion.impl._Private_IonContainer                                       : loaded 4 times (x 72B)
Class com.intellij.gradle.toolingExtension.impl.model.buildScriptClasspathModel.GradleBuildScriptClasspathSerializationService$ReadContext: loaded 4 times (x 74B)
Class org.jetbrains.kotlin.idea.gradleTooling.KotlinMPPGradleModelBuilder             : loaded 4 times (x 88B)
Class com.intellij.gradle.toolingExtension.impl.model.utilTurnOffDefaultTasksModel.TurnOffDefaultTasksModelBuilder: loaded 4 times (x 88B)
Class com.google.gson.JsonArray                                                       : loaded 4 times (x 102B)
Class com.google.gson.FieldNamingStrategy                                             : loaded 4 times (x 72B)
Class com.amazon.ion.impl.SharedSymbolTable                                           : loaded 4 times (x 95B)
Class com.amazon.ion.impl.bin.IonRawBinaryWriter                                      : loaded 4 times (x 170B)
Class com.amazon.ion.SymbolToken                                                      : loaded 4 times (x 72B)
Class com.android.ide.gradle.model.builder.LegacyV1AgpVersionModelBuilder             : loaded 4 times (x 77B)
Class com.amazon.ion.impl.lite.IonBoolLite                                            : loaded 4 times (x 181B)
Class com.intellij.openapi.externalSystem.model.project.dependencies.UnknownDependencyNode: loaded 4 times (x 89B)
Class org.jetbrains.kotlin.idea.gradleTooling.model.kapt.KaptGradleModel              : loaded 4 times (x 72B)
Class org.jetbrains.kotlin.idea.gradleTooling.KotlinDslScriptAdditionalTask           : loaded 4 times (x 72B)
Class org.jetbrains.plugins.gradle.tooling.builder.DependencyAccessorsModelBuilder    : loaded 4 times (x 83B)
Class com.amazon.ion.IonTimestamp                                                     : loaded 4 times (x 72B)
Class com.amazon.ion.impl.bin.PooledBlockAllocatorProvider$PooledBlockAllocator       : loaded 4 times (x 83B)
Class com.intellij.platform.diagnostic.telemetry.rt.context.TelemetryContextGetter    : loaded 4 times (x 77B)
Class org.jetbrains.plugins.gradle.tooling.serialization.GradleExtensionsSerializationService: loaded 4 times (x 79B)
Class com.amazon.ion.IonDatagram                                                      : loaded 4 times (x 72B)
Class com.amazon.ion.impl.bin.IonManagedBinaryWriter$ImportedSymbolResolverMode$1$1   : loaded 4 times (x 80B)
Class com.amazon.ion.impl._Private_ByteTransferSink                                   : loaded 4 times (x 72B)
Class com.intellij.openapi.externalSystem.model.project.dependencies.ResolutionState  : loaded 4 times (x 81B)
Class com.android.ide.gradle.model.artifacts.builder.AdditionalClassifierArtifactsModelBuilder: loaded 4 times (x 81B)
Class com.google.gson.LongSerializationPolicy                                         : loaded 4 times (x 82B)
Class org.jetbrains.plugins.gradle.model.ExternalLibraryDependency                    : loaded 4 times (x 72B)
Class com.amazon.ion.IonValue                                                         : loaded 4 times (x 72B)
Class org.jetbrains.kotlin.idea.gradleTooling.model.samWithReceiver.SamWithReceiverModelBuilderService: loaded 4 times (x 87B)
Class com.intellij.gradle.toolingExtension.impl.model.sourceSetModel.GradleSourceSetModelBuilder: loaded 4 times (x 88B)
Class com.google.gson.internal.bind.DefaultDateTypeAdapter                            : loaded 4 times (x 76B)
Class com.google.gson.GsonBuilder                                                     : loaded 4 times (x 74B)
Class com.amazon.ion.impl.bin.IonRawBinaryWriter$ContainerType                        : loaded 4 times (x 81B)
Class com.amazon.ion.impl._Private_IonTextWriterBuilder$Mutable                       : loaded 4 times (x 103B)
Class com.google.gson.internal.Primitives                                             : loaded 4 times (x 73B)
Class com.google.gson.stream.JsonWriter                                               : loaded 4 times (x 100B)
Class org.jetbrains.kotlin.idea.gradleTooling.KotlinSourceSetContainer                : loaded 4 times (x 72B)
Class io.opentelemetry.context.ContextStorageWrappers                                 : loaded 4 times (x 73B)
Class io.opentelemetry.context.propagation.DefaultContextPropagators                  : loaded 4 times (x 77B)
Class org.jetbrains.plugins.gradle.model.IntelliJSettings                             : loaded 4 times (x 72B)
Class com.android.ide.gradle.model.GradlePropertiesModel                              : loaded 4 times (x 72B)
Class com.google.gson.internal.bind.TypeAdapterRuntimeTypeWrapper                     : loaded 4 times (x 76B)
Class com.amazon.ion.impl.IonWriterSystem                                             : loaded 4 times (x 172B)
Class com.amazon.ion.impl.bin.Symbols$2                                               : loaded 4 times (x 109B)
Class com.amazon.ion.impl.bin._Private_IonManagedWriter                               : loaded 4 times (x 72B)
Class com.amazon.ion.impl.lite.IonContainerLite                                       : loaded 4 times (x 250B)
Class com.amazon.ion.IonBufferConfiguration$OversizedSymbolTableHandler               : loaded 4 times (x 72B)
Class com.amazon.ion.system.IonWriterBuilder                                          : loaded 4 times (x 76B)
Class org.jetbrains.plugins.gradle.tooling.serialization.ToolingStreamApiUtils        : loaded 4 times (x 73B)
Class com.amazon.ion.facet.Faceted                                                    : loaded 4 times (x 72B)
Class com.google.gson.internal.bind.MapTypeAdapterFactory$Adapter                     : loaded 4 times (x 76B)
Class com.google.gson.internal.sql.SqlTimeTypeAdapter$1                               : loaded 4 times (x 77B)
Class com.amazon.ion.impl.bin.utf8.Poolable                                           : loaded 4 times (x 81B)
Class com.amazon.ion.IonSymbol                                                        : loaded 4 times (x 72B)
Class io.opentelemetry.api.trace.SpanContext                                          : loaded 4 times (x 72B)
Class io.opentelemetry.api.trace.DefaultTracer$NoopSpanBuilder                        : loaded 4 times (x 93B)
Class org.jetbrains.plugins.gradle.tooling.serialization.AnnotationProcessingModelSerializationService$WriteContext: loaded 4 times (x 74B)
Class org.jetbrains.plugins.gradle.tooling.builder.ProjectExtensionsDataBuilderImpl   : loaded 4 times (x 80B)
Class org.jetbrains.kotlin.idea.gradleTooling.KotlinGradlePluginVersion               : loaded 4 times (x 72B)
Class com.intellij.compose.ide.plugin.gradleTooling.rt.ComposeResourcesModel          : loaded 4 times (x 72B)
Class com.intellij.gradle.toolingExtension.impl.util.collectionUtil.GradleCollections : loaded 4 times (x 73B)
Class com.amazon.ion.impl.lite.IonStructLite                                          : loaded 4 times (x 300B)
Class com.amazon.ion.impl._Private_ReaderWriter                                       : loaded 4 times (x 72B)
Class com.amazon.ion.impl.bin.AbstractSymbolTable                                     : loaded 4 times (x 109B)
Class com.amazon.ion.Decimal                                                          : loaded 4 times (x 136B)
Class com.amazon.ion.impl.bin._Private_IonManagedBinaryWriterBuilder$AllocatorMode$1  : loaded 4 times (x 82B)
Class org.jetbrains.plugins.gradle.tooling.serialization.ProjectDependenciesSerializationService$WriteContext: loaded 4 times (x 74B)
Class org.jetbrains.plugins.gradle.tooling.serialization.ProjectDependenciesSerializationService: loaded 4 times (x 79B)
Class org.jetbrains.kotlin.tooling.core.KotlinToolingVersion                          : loaded 4 times (x 77B)
Class com.google.gson.internal.bind.DefaultDateTypeAdapter$DateType                   : loaded 4 times (x 75B)
Class com.amazon.ion.impl.lite.IonFloatLite                                           : loaded 4 times (x 189B)
Class com.amazon.ion.impl._Private_IonTextWriterBuilder                               : loaded 4 times (x 103B)
Class com.amazon.ion.impl.bin._Private_IonManagedBinaryWriterBuilder$AllocatorMode$2  : loaded 4 times (x 82B)
Class io.opentelemetry.api.trace.DefaultTracerProvider                                : loaded 4 times (x 81B)
Class com.google.gson.internal.bind.ReflectiveTypeAdapterFactory$1                    : loaded 4 times (x 76B)
Class org.jetbrains.plugins.gradle.ExternalDependencyId                               : loaded 4 times (x 72B)
Class com.amazon.ion.impl._Private_IonReaderBuilder                                   : loaded 4 times (x 99B)
Class com.amazon.ion.IonMutableCatalog                                                : loaded 4 times (x 72B)
Class gnu.trove.THash                                                                 : loaded 4 times (x 83B)
Class com.intellij.gradle.toolingExtension.impl.model.buildScriptClasspathModel.GradleBuildScriptClasspathSerializationService$WriteContext: loaded 4 times (x 74B)
Class com.google.gson.internal.bind.ReflectiveTypeAdapterFactory$2                    : loaded 4 times (x 80B)
Class [Lio.opentelemetry.context.ThreadLocalContextStorage$NoopScope;                 : loaded 4 times (x 71B)
Class io.opentelemetry.context.ThreadLocalContextStorage$NoopScope                    : loaded 4 times (x 87B)
Class org.jetbrains.kotlin.idea.gradleTooling.KotlinMPPGradleModelBuilder$Companion   : loaded 4 times (x 73B)
Class com.intellij.gradle.toolingExtension.impl.model.projectModel.GradleExternalProjectModelBuilder: loaded 4 times (x 88B)
Class com.google.gson.ToNumberStrategy                                                : loaded 4 times (x 72B)
Class com.google.gson.TypeAdapter                                                     : loaded 4 times (x 75B)
Class com.amazon.ion.impl.bin.PooledBlockAllocatorProvider$PooledBlockAllocator$1     : loaded 4 times (x 81B)
Class com.amazon.ion.impl.lite.IonStringLite                                          : loaded 4 times (x 215B)
Class io.opentelemetry.context.ImplicitContextKeyed                                   : loaded 4 times (x 72B)
Class com.amazon.ion.impl.bin.Block                                                   : loaded 4 times (x 81B)
Class io.opentelemetry.context.DefaultContextKey                                      : loaded 4 times (x 74B)
Class org.jetbrains.kotlin.idea.gradleTooling.MultiplatformModelImportingChecker      : loaded 4 times (x 72B)
Class com.intellij.openapi.externalSystem.model.ExternalSystemException               : loaded 4 times (x 87B)
Class org.jetbrains.plugins.gradle.model.ExternalTask                                 : loaded 4 times (x 72B)
Class com.amazon.ion.impl.bin.utf8.Utf8StringEncoderPool$1                            : loaded 4 times (x 78B)
Class com.amazon.ion.impl.lite.IonLoaderLite                                          : loaded 4 times (x 84B)
Class com.amazon.ion.impl.lite.IonContext                                             : loaded 4 times (x 72B)
Class com.amazon.ion.impl.IonWriterSystemText                                         : loaded 4 times (x 191B)
Class [Lcom.amazon.ion.impl.bin.IonManagedBinaryWriter$ImportedSymbolResolverMode;    : loaded 4 times (x 71B)
Class com.amazon.ion.ValueFactory                                                     : loaded 4 times (x 72B)
Class io.opentelemetry.api.internal.IncubatingUtil                                    : loaded 4 times (x 73B)
Class io.opentelemetry.api.GlobalOpenTelemetry$ObfuscatedOpenTelemetry                : loaded 4 times (x 94B)
Class org.jetbrains.plugins.gradle.tooling.builder.ProjectRepositoriesModelBuilder    : loaded 4 times (x 80B)
Class com.google.gson.internal.ObjectConstructor                                      : loaded 4 times (x 72B)
Class com.amazon.ion.impl.bin.IonManagedBinaryWriter$SymbolResolver                   : loaded 4 times (x 72B)
Class com.amazon.ion.impl._Private_SymbolToken                                        : loaded 4 times (x 72B)
Class com.amazon.ion.impl.bin._Private_IonManagedBinaryWriterBuilder$AllocatorMode    : loaded 4 times (x 82B)
Class org.jetbrains.plugins.gradle.model.GradleTaskModel                              : loaded 4 times (x 72B)
Class org.jetbrains.plugins.gradle.tooling.util.ObjectCollector                       : loaded 4 times (x 74B)
Class com.intellij.openapi.externalSystem.model.project.dependencies.ArtifactDependencyNodeImpl: loaded 4 times (x 97B)
Class [Lcom.amazon.ion.util.GzipStreamInterceptor;                                    : loaded 4 times (x 71B)
Class com.amazon.ion.impl._Private_IonReaderBuilder$Mutable                           : loaded 4 times (x 99B)
Class com.intellij.openapi.externalSystem.model.project.IExternalSystemSourceType     : loaded 4 times (x 72B)
Class org.jetbrains.plugins.gradle.tooling.builder.IntelliJSettingsBuilder            : loaded 4 times (x 80B)
Class io.opentelemetry.api.trace.TraceStateBuilder                                    : loaded 4 times (x 72B)
Class com.intellij.openapi.externalSystem.model.project.dependencies.ProjectDependencies: loaded 4 times (x 72B)
Class org.jetbrains.plugins.gradle.tooling.serialization.ProjectDependenciesSerializationService$ReadContext: loaded 4 times (x 74B)
Class com.android.ide.gradle.model.artifacts.AdditionalClassifierArtifactsModel       : loaded 4 times (x 72B)
Class [Lcom.google.gson.ToNumberPolicy;                                               : loaded 4 times (x 71B)
Class com.google.gson.ToNumberPolicy                                                  : loaded 4 times (x 85B)
Class com.amazon.ion.IonBufferConfiguration                                           : loaded 4 times (x 74B)
Class com.amazon.ion.impl.bin.Symbols                                                 : loaded 4 times (x 73B)
Class org.jetbrains.plugins.gradle.tooling.serialization.RepositoriesModelSerializationService: loaded 4 times (x 84B)
Class com.intellij.gradle.toolingExtension.impl.model.dependencyDownloadPolicyModel.GradleDependencyDownloadPolicyBuilder: loaded 4 times (x 88B)
Class [Lcom.amazon.ion.impl.bin.AbstractIonWriter$WriteValueOptimization;             : loaded 4 times (x 71B)
Class io.opentelemetry.api.internal.AutoValue_ImmutableSpanContext                    : loaded 4 times (x 94B)
Class org.jetbrains.plugins.gradle.tooling.serialization.RepositoriesModelSerializationService$ReadContext: loaded 4 times (x 74B)
Class org.jetbrains.plugins.gradle.tooling.builder.MavenRepositoriesModelBuilder      : loaded 4 times (x 83B)
Class com.amazon.ion.impl.bin.IonManagedBinaryWriter$UserState                        : loaded 4 times (x 87B)
Class com.amazon.ion.impl._Private_IonWriter                                          : loaded 4 times (x 72B)
Class com.amazon.ion.impl.bin._Private_IonManagedBinaryWriterBuilder                  : loaded 4 times (x 74B)
Class com.intellij.gradle.toolingExtension.impl.model.projectModel.GradleExternalProjectSerializationService$WriteContext: loaded 4 times (x 75B)
Class org.jetbrains.kotlin.idea.gradleTooling.PrepareKotlinIdeaImportTaskModelBuilder$Companion: loaded 4 times (x 73B)
Class org.jetbrains.plugins.gradle.tooling.ModelBuilderService                        : loaded 4 times (x 72B)
Class com.google.gson.internal.bind.ArrayTypeAdapter$1                                : loaded 4 times (x 77B)
Class com.google.gson.internal.bind.JsonTreeWriter                                    : loaded 4 times (x 100B)
Class [Lcom.amazon.ion.SymbolToken;                                                   : loaded 4 times (x 71B)
Class io.opentelemetry.api.trace.ImmutableTraceFlags                                  : loaded 4 times (x 79B)
Class org.jetbrains.kotlin.idea.gradleTooling.model.kapt.KaptModelBuilderService      : loaded 4 times (x 88B)
Class com.intellij.gradle.toolingExtension.impl.model.sourceSetArtifactIndex.GradleSourceSetArtifactIndexBuilder: loaded 4 times (x 88B)
Class org.jetbrains.plugins.gradle.model.ExternalProjectDependency                    : loaded 4 times (x 72B)
Class org.jetbrains.plugins.gradle.tooling.serialization.KotlinDslScriptsModelSerializationService: loaded 4 times (x 83B)
Class com.amazon.ion.system.IonSystemBuilder$Mutable                                  : loaded 4 times (x 77B)
Class com.amazon.ion.impl.bin.IonManagedBinaryWriter$SymbolResolverBuilder            : loaded 4 times (x 72B)
Class org.jetbrains.kotlin.idea.gradleTooling.KotlinGradleModel                       : loaded 4 times (x 72B)
Class [Lio.opentelemetry.api.trace.TraceFlags;                                        : loaded 4 times (x 71B)
Class [Lio.opentelemetry.context.ContextStorage;                                      : loaded 4 times (x 71B)
Class com.intellij.platform.diagnostic.telemetry.rt.context.TelemetryContext          : loaded 4 times (x 135B)
Class org.jetbrains.plugins.gradle.tooling.serialization.ExternalTestsSerializationService$WriteContext: loaded 4 times (x 74B)
Class org.jetbrains.kotlin.idea.gradleTooling.model.noarg.NoArgModelBuilderService    : loaded 4 times (x 87B)
Class com.google.gson.internal.bind.ReflectiveTypeAdapterFactory                      : loaded 4 times (x 77B)
Class com.google.gson.internal.sql.SqlTimestampTypeAdapter                            : loaded 4 times (x 78B)
Class com.amazon.ion.impl.bin.IonManagedBinaryWriter$LocalSymbolTableView             : loaded 4 times (x 121B)
Class com.amazon.ion.impl.bin.IonRawBinaryWriter$ThrowingRunnable                     : loaded 4 times (x 72B)
Class io.opentelemetry.context.ThreadLocalContextStorage                              : loaded 4 times (x 87B)
Class com.android.ide.gradle.model.composites.BuildMap                                : loaded 4 times (x 72B)
Class com.google.gson.internal.sql.SqlDateTypeAdapter$1                               : loaded 4 times (x 77B)
Class com.amazon.ion.UnknownSymbolException                                           : loaded 4 times (x 87B)
Class com.intellij.compose.ide.plugin.gradleTooling.rt.ComposeResourcesModelBuilder   : loaded 4 times (x 80B)
Class org.jetbrains.kotlin.idea.gradleTooling.model.assignment.AssignmentModelBuilderService: loaded 4 times (x 87B)
Class io.opentelemetry.context.Context                                                : loaded 4 times (x 72B)
Class org.jetbrains.plugins.gradle.model.IntelliJProjectSettings                      : loaded 4 times (x 72B)
Class com.android.ide.gradle.model.builder.LegacyAndroidGradlePluginPropertiesModelBuilder: loaded 4 times (x 82B)
Class org.jetbrains.plugins.gradle.tooling.builder.VersionCatalogsModelBuilder        : loaded 4 times (x 88B)
Class com.intellij.openapi.externalSystem.model.project.dependencies.AbstractDependencyNode: loaded 4 times (x 89B)
Class com.intellij.gradle.toolingExtension.impl.model.utilDummyModel.DummyModelBuilder: loaded 4 times (x 88B)
Class com.google.gson.internal.bind.ReflectiveTypeAdapterFactory$Adapter              : loaded 4 times (x 79B)
Class com.google.gson.internal.bind.TypeAdapters$10                                   : loaded 4 times (x 77B)
Class org.jetbrains.plugins.gradle.model.ExternalDependency                           : loaded 4 times (x 72B)
Class com.intellij.util.containers.IntObjectHashMap                                   : loaded 4 times (x 74B)
Class com.google.gson.internal.bind.TypeAdapters$11                                   : loaded 4 times (x 77B)
Class [Lcom.google.gson.FieldNamingPolicy;                                            : loaded 4 times (x 71B)
Class com.amazon.ion.impl.bin.IonManagedBinaryWriter$SymbolState$1                    : loaded 4 times (x 82B)
Class com.amazon.ion.impl.LocalSymbolTableAsStruct$Factory                            : loaded 4 times (x 81B)
Class [Lcom.amazon.ion.IonType;                                                       : loaded 4 times (x 71B)
Class org.jetbrains.plugins.gradle.model.VersionCatalogsModel                         : loaded 4 times (x 72B)
Class com.intellij.gradle.toolingExtension.impl.model.sourceSetDependencyModel.GradleSourceSetDependencySerialisationService$SourceSetDependencyModelReadContext: loaded 4 times (x 74B)
Class com.intellij.gradle.toolingExtension.impl.model.dependencyModel.DependencyReadContext: loaded 4 times (x 74B)
Class com.google.gson.internal.bind.TypeAdapters$12                                   : loaded 4 times (x 77B)
Class [Lcom.google.gson.ToNumberStrategy;                                             : loaded 4 times (x 71B)
Class org.jetbrains.plugins.gradle.model.ProjectImportModelProvider                   : loaded 4 times (x 72B)
Class org.jetbrains.plugins.gradle.model.ExternalSourceSet                            : loaded 4 times (x 72B)
Class com.amazon.ion.impl.bin.IonManagedBinaryWriter$SymbolState$2                    : loaded 4 times (x 82B)
Class com.amazon.ion.IonNull                                                          : loaded 4 times (x 72B)
Class com.intellij.gradle.toolingExtension.impl.model.warmUp.GradleTaskWarmUpRequest  : loaded 4 times (x 72B)
Class com.google.gson.internal.bind.TypeAdapters$13                                   : loaded 4 times (x 77B)
Class com.amazon.ion.impl.bin.IonRawBinaryWriter$ContainerInfo                        : loaded 4 times (x 76B)
Class com.amazon.ion.impl.bin.IonManagedBinaryWriter$SymbolState$3                    : loaded 4 times (x 82B)
Class com.amazon.ion.impl.bin.IonRawBinaryWriter$StreamFlushMode                      : loaded 4 times (x 81B)
Class com.amazon.ion.IonBinaryWriter                                                  : loaded 4 times (x 72B)
Class com.intellij.gradle.toolingExtension.impl.model.sourceSetArtifactIndex.GradleSourceSetArtifactBuildRequest: loaded 4 times (x 72B)
Class com.android.ide.gradle.model.dependencies.DeclaredDependenciesModelBuilder$Companion: loaded 4 times (x 73B)
Class com.google.gson.internal.bind.NumberTypeAdapter$1                               : loaded 4 times (x 78B)
Class com.google.gson.internal.bind.TypeAdapters$1                                    : loaded 4 times (x 77B)
Class com.google.gson.internal.bind.TypeAdapters$14                                   : loaded 4 times (x 77B)
Class com.amazon.ion.impl.bin.IonManagedBinaryWriter$SymbolState$4                    : loaded 4 times (x 82B)
Class [Lcom.amazon.ion.util.InputStreamInterceptor;                                   : loaded 4 times (x 71B)
Class org.jetbrains.plugins.gradle.tooling.serialization.internal.IdeaProjectSerializationService$WriteContext$1: loaded 4 times (x 85B)
Class org.jetbrains.plugins.gradle.model.ExternalProject                              : loaded 4 times (x 72B)
Class com.android.ide.gradle.model.builder.AndroidStudioToolingPlugin                 : loaded 4 times (x 77B)
Class org.jetbrains.kotlin.idea.gradleTooling.model.annotation.AnnotationBasedPluginModelBuilderService: loaded 4 times (x 87B)
Class com.intellij.gradle.toolingExtension.impl.model.taskModel.GradleTaskModelBuilder: loaded 4 times (x 88B)
Class com.google.gson.Strictness                                                      : loaded 4 times (x 81B)
Class com.google.gson.internal.bind.TypeAdapters$2                                    : loaded 4 times (x 77B)
Class com.google.gson.internal.bind.TypeAdapters$15                                   : loaded 4 times (x 77B)
Class com.google.gson.internal.sql.SqlTypesSupport$1                                  : loaded 4 times (x 76B)
Class com.amazon.ion.impl.bin.utf8.Pool                                               : loaded 4 times (x 76B)
Class org.jetbrains.plugins.gradle.tooling.serialization.internal.IdeaProjectSerializationService$WriteContext$2: loaded 4 times (x 85B)
Class com.google.gson.internal.bind.TypeAdapters$16                                   : loaded 4 times (x 77B)
Class com.google.gson.internal.bind.TypeAdapters$3                                    : loaded 4 times (x 77B)
Class com.google.gson.internal.sql.SqlTypesSupport$2                                  : loaded 4 times (x 76B)
Class com.amazon.ion.impl._Private_IonSymbol                                          : loaded 4 times (x 72B)
Class com.amazon.ion.impl.lite.IonValueLite                                           : loaded 4 times (x 150B)
Class com.amazon.ion.IonContainer                                                     : loaded 4 times (x 72B)
Class com.amazon.ion.impl.bin.PooledBlockAllocatorProvider                            : loaded 4 times (x 75B)
Class [Lio.opentelemetry.context.Scope;                                               : loaded 4 times (x 71B)
Class org.jetbrains.plugins.gradle.tooling.serialization.AnnotationProcessingModelSerializationService$ReadContext: loaded 4 times (x 74B)
Class org.jetbrains.plugins.gradle.tooling.serialization.internal.IdeaProjectSerializationService$WriteContext$3: loaded 4 times (x 85B)
Class gnu.trove.TObjectHash$NULL                                                      : loaded 4 times (x 73B)
Class com.google.gson.internal.bind.TypeAdapters$17                                   : loaded 4 times (x 77B)
Class com.google.gson.internal.bind.TypeAdapters$4                                    : loaded 4 times (x 77B)
Class org.jetbrains.kotlin.idea.gradleTooling.AndroidAwareGradleModelProvider         : loaded 4 times (x 81B)
Class com.intellij.gradle.toolingExtension.impl.telemetry.GradleOpenTelemetry         : loaded 4 times (x 74B)
Class org.jetbrains.plugins.gradle.tooling.serialization.internal.IdeaProjectSerializationService$WriteContext$4: loaded 4 times (x 85B)
Class com.intellij.gradle.toolingExtension.impl.model.sourceSetDependencyModel.GradleSourceSetDependencySerialisationService$Companion: loaded 4 times (x 73B)
Class org.jetbrains.plugins.gradle.tooling.builder.ProjectExtensionsDataBuilderImpl$Companion: loaded 4 times (x 73B)
Class [Lorg.jetbrains.kotlin.tooling.core.KotlinToolingVersion$Maturity;              : loaded 4 times (x 71B)
Class com.google.gson.annotations.JsonAdapter                                         : loaded 4 times (x 72B)
Class com.google.gson.internal.bind.SerializationDelegatingTypeAdapter                : loaded 4 times (x 76B)
Class com.google.gson.internal.bind.TypeAdapters$18                                   : loaded 4 times (x 77B)
Class com.google.gson.internal.bind.TypeAdapters$5                                    : loaded 4 times (x 77B)
Class com.amazon.ion.BufferConfiguration$Builder                                      : loaded 4 times (x 80B)
Class com.intellij.gradle.toolingExtension.util.GradleVersionSpecificsUtil            : loaded 4 times (x 73B)
Class io.opentelemetry.context.ContextStorage                                         : loaded 4 times (x 72B)
Class org.jetbrains.plugins.gradle.tooling.serialization.internal.IdeaProjectSerializationService$WriteContext$5: loaded 4 times (x 85B)
Class com.intellij.gradle.toolingExtension.impl.model.sourceSetDependencyModel.GradleSourceSetDependencySerialisationService$SourceSetDependencyModelWriteContext: loaded 4 times (x 74B)
Class com.google.gson.internal.bind.ReflectiveTypeAdapterFactory$FieldReflectionAdapter: loaded 4 times (x 79B)
Class com.google.gson.internal.bind.TypeAdapters$19                                   : loaded 4 times (x 77B)
Class com.google.gson.internal.bind.TypeAdapters$6                                    : loaded 4 times (x 77B)
Class com.amazon.ion.impl.bin.IntList                                                 : loaded 4 times (x 79B)
Class com.amazon.ion.impl.lite._Private_LiteDomTrampoline                             : loaded 4 times (x 73B)
Class com.amazon.ion.IonType                                                          : loaded 4 times (x 81B)
Class org.jetbrains.plugins.gradle.tooling.serialization.internal.IdeaProjectSerializationService$WriteContext$6: loaded 4 times (x 85B)
Class org.jetbrains.plugins.gradle.tooling.util.IntObjectMap                          : loaded 4 times (x 75B)
Class org.jetbrains.kotlin.tooling.core.KotlinToolingVersionKt                        : loaded 4 times (x 73B)
Class com.google.gson.annotations.SerializedName                                      : loaded 4 times (x 72B)
Class com.google.gson.internal.bind.TypeAdapters$7                                    : loaded 4 times (x 77B)
Class com.amazon.ion.impl.lite.ValueFactoryLite                                       : loaded 4 times (x 220B)
Class org.jetbrains.plugins.gradle.model.RepositoryModels                             : loaded 4 times (x 72B)
Class org.jetbrains.plugins.gradle.tooling.serialization.internal.IdeaProjectSerializationService$WriteContext$7: loaded 4 times (x 85B)
Class com.google.gson.internal.bind.CollectionTypeAdapterFactory$Adapter              : loaded 4 times (x 76B)
Class com.google.gson.internal.bind.TypeAdapters$8                                    : loaded 4 times (x 77B)
Class com.amazon.ion.impl.bin.WriteBuffer                                             : loaded 4 times (x 80B)
Class com.amazon.ion.impl.bin.IonManagedBinaryWriter                                  : loaded 4 times (x 167B)
Class org.jetbrains.plugins.gradle.tooling.serialization.internal.IdeaProjectSerializationService$WriteContext$8: loaded 4 times (x 85B)
Class gnu.trove.TObjectIntProcedure                                                   : loaded 4 times (x 72B)
Class org.jetbrains.plugins.gradle.tooling.ModelBuilderService$ParameterizedModelBuilderService: loaded 4 times (x 72B)
Class org.jetbrains.plugins.gradle.tooling.builder.EarModelBuilderImpl                : loaded 4 times (x 88B)
Class com.google.gson.internal.bind.TypeAdapters$9                                    : loaded 4 times (x 77B)
Class com.amazon.ion.impl.lite.IonBlobLite                                            : loaded 4 times (x 222B)
Class com.amazon.ion.impl.LocalSymbolTable                                            : loaded 4 times (x 129B)
Class org.jetbrains.plugins.gradle.tooling.serialization.SerializationService         : loaded 4 times (x 72B)
Class org.jetbrains.kotlin.idea.gradleTooling.KotlinDslScriptTaskModelBuilder$Companion: loaded 4 times (x 73B)
Class com.intellij.gradle.toolingExtension.impl.javaModel.manifestModel.JavaGradleManifestModelBuilder: loaded 4 times (x 88B)
Class com.google.gson.JsonParseException                                              : loaded 4 times (x 84B)
Class com.amazon.ion.IonList                                                          : loaded 4 times (x 72B)
Class org.jetbrains.plugins.gradle.tooling.serialization.internal.adapter.Supplier    : loaded 4 times (x 72B)
Class com.amazon.ion.IonSystem                                                        : loaded 4 times (x 72B)
Class com.amazon.ion.impl.bin.IonManagedBinaryWriter$ImportedSymbolContext            : loaded 4 times (x 74B)
Class com.intellij.gradle.toolingExtension.impl.model.sourceSetDependencyModel.GradleSourceSetDependencyModelBuilder: loaded 4 times (x 88B)
Class com.intellij.gradle.toolingExtension.impl.model.sourceSetModel.GradleSourceSetSerialisationService: loaded 4 times (x 79B)
Class org.jetbrains.plugins.gradle.tooling.AbstractModelBuilderService                : loaded 4 times (x 88B)
Class com.amazon.ion.impl.lite.IonIntLite                                             : loaded 4 times (x 191B)
Class com.amazon.ion.impl._Private_IonReaderBuilder$TwoElementInputStream             : loaded 4 times (x 94B)
Class com.amazon.ion.util._Private_FastAppendable                                     : loaded 4 times (x 72B)
Class [Lcom.amazon.ion.impl.bin.IonRawBinaryWriter$PreallocationMode;                 : loaded 4 times (x 71B)
Class io.opentelemetry.context.propagation.TextMapGetter                              : loaded 4 times (x 72B)
Class com.google.gson.internal.sql.SqlDateTypeAdapter                                 : loaded 4 times (x 76B)
Class com.amazon.ion.impl.lite.IonSexpLite                                            : loaded 4 times (x 492B)
Class com.amazon.ion.impl.lite.IonListLite                                            : loaded 4 times (x 492B)
Class com.amazon.ion.IonFloat                                                         : loaded 4 times (x 72B)
Class io.opentelemetry.context.ThreadLocalContextStorage$ScopeImpl                    : loaded 4 times (x 81B)
Class org.jetbrains.plugins.gradle.tooling.builder.WarModelBuilderImpl                : loaded 4 times (x 88B)
Class com.intellij.gradle.toolingExtension.impl.modelBuilder.ExtraModelBuilder        : loaded 4 times (x 87B)
Class com.amazon.ion.impl.LocalSymbolTable$Factory                                    : loaded 4 times (x 79B)
Class com.amazon.ion.impl.bin.IonManagedBinaryWriter$ImportedSymbolResolverMode       : loaded 4 times (x 82B)
Class com.intellij.gradle.toolingExtension.impl.model.buildScriptClasspathModel.GradleBuildScriptClasspathSerializationService: loaded 4 times (x 79B)
Class com.intellij.gradle.toolingExtension.impl.model.buildScriptClasspathModel.GradleBuildScriptClasspathModelBuilder: loaded 4 times (x 88B)
Class com.google.gson.internal.bind.ReflectiveTypeAdapterFactory$RecordAdapter        : loaded 4 times (x 79B)
Class com.amazon.ion.impl.LocalSymbolTableAsStruct                                    : loaded 4 times (x 134B)
Class com.amazon.ion.impl.lite.IonTimestampLite                                       : loaded 4 times (x 195B)
Class org.jetbrains.plugins.gradle.model.FileCollectionDependency                     : loaded 4 times (x 72B)
Class io.opentelemetry.api.trace.SpanBuilder                                          : loaded 4 times (x 72B)
Class io.opentelemetry.api.DefaultOpenTelemetry                                       : loaded 4 times (x 91B)
Class com.google.gson.internal.reflect.ReflectionHelper$RecordNotSupportedHelper      : loaded 4 times (x 80B)
Class com.google.gson.JsonIOException                                                 : loaded 4 times (x 84B)
Class com.amazon.ion.IonString                                                        : loaded 4 times (x 72B)
Class io.opentelemetry.context.propagation.TextMapPropagator                          : loaded 4 times (x 72B)
Class org.jetbrains.plugins.gradle.model.GradleSourceSetDependencyModel               : loaded 4 times (x 72B)
Class com.android.ide.gradle.model.builder.GradlePropertiesModelBuilder               : loaded 4 times (x 77B)
Class com.android.ide.gradle.model.LegacyV1AgpVersionModel                            : loaded 4 times (x 72B)
Class com.amazon.ion.BufferConfiguration                                              : loaded 4 times (x 74B)
Class com.amazon.ion.system.SimpleCatalog                                             : loaded 4 times (x 93B)
Class io.opentelemetry.context.ArrayBasedContext                                      : loaded 4 times (x 102B)
Class com.intellij.gradle.toolingExtension.impl.model.taskModel.GradleTaskSerialisationService: loaded 4 times (x 78B)
Class com.google.gson.LongSerializationPolicy$1                                       : loaded 4 times (x 82B)
Class org.jetbrains.plugins.gradle.tooling.util.IntObjectMap$1                        : loaded 4 times (x 79B)
Class com.google.gson.LongSerializationPolicy$2                                       : loaded 4 times (x 82B)
Class [Lcom.amazon.ion.impl.bin.IonRawBinaryWriter$StreamFlushMode;                   : loaded 4 times (x 71B)
Class com.amazon.ion.UnsupportedIonVersionException                                   : loaded 4 times (x 87B)
Class io.opentelemetry.api.trace.SpanId                                               : loaded 4 times (x 73B)
Class com.intellij.openapi.externalSystem.model.project.dependencies.ArtifactDependencyNode: loaded 4 times (x 72B)
Class com.amazon.ion.impl.bin.IonManagedBinaryWriter$SymbolState                      : loaded 4 times (x 82B)
Class com.amazon.ion.IonStruct                                                        : loaded 4 times (x 72B)
Class org.jetbrains.kotlin.idea.gradleTooling.KotlinDslScriptTaskModelBuilder         : loaded 4 times (x 88B)
Class com.google.gson.reflect.TypeToken                                               : loaded 4 times (x 77B)
Class [Lcom.google.gson.Strictness;                                                   : loaded 4 times (x 71B)
Class [Lio.opentelemetry.context.ThreadLocalContextStorage;                           : loaded 4 times (x 71B)
Class org.jetbrains.plugins.gradle.tooling.builder.IntelliJProjectSettingsBuilder     : loaded 4 times (x 80B)
Class com.google.gson.internal.sql.SqlTimestampTypeAdapter$1                          : loaded 4 times (x 77B)
Class com.google.gson.JsonPrimitive                                                   : loaded 4 times (x 95B)
Class com.amazon.ion.impl.IonWriterSystemTextMarkup                                   : loaded 4 times (x 193B)
Class com.amazon.ion.impl.bin.BlockAllocator                                          : loaded 4 times (x 82B)
Class org.jetbrains.kotlin.idea.gradleTooling.KotlinGradleModelBuilder                : loaded 4 times (x 88B)
Class [Lcom.google.gson.ReflectionAccessFilter$FilterResult;                          : loaded 4 times (x 71B)
Class com.google.gson.JsonElement                                                     : loaded 4 times (x 94B)
Class com.amazon.ion.system.IonWriterBuilderBase                                      : loaded 4 times (x 85B)
Class io.opentelemetry.api.trace.Tracer                                               : loaded 4 times (x 72B)
Class com.android.ide.gradle.model.composites.BuildMapModelBuilder                    : loaded 4 times (x 77B)
Class com.intellij.gradle.toolingExtension.impl.model.warmUp.GradleTaskWarmUpService  : loaded 4 times (x 88B)
Class com.intellij.gradle.toolingExtension.impl.modelBuilder.DefaultModelBuilderContext: loaded 4 times (x 79B)
Class com.google.gson.internal.bind.CollectionTypeAdapterFactory                      : loaded 4 times (x 77B)
Class io.opentelemetry.api.trace.ArrayBasedTraceState                                 : loaded 4 times (x 88B)
Class io.opentelemetry.context.ContextKey                                             : loaded 4 times (x 72B)
Class io.opentelemetry.context.propagation.TextMapSetter                              : loaded 4 times (x 72B)
Class org.jetbrains.kotlin.idea.gradleTooling.model.allopen.AllOpenModelBuilderService: loaded 4 times (x 87B)
Class [Lcom.amazon.ion.SymbolTable;                                                   : loaded 4 times (x 71B)
Class com.amazon.ion.impl.bin.IonBinaryWriterAdapter$Factory                          : loaded 4 times (x 72B)
Class com.amazon.ion.impl.BlockedBuffer$BufferedOutputStream                          : loaded 4 times (x 92B)
Class org.jetbrains.plugins.gradle.tooling.serialization.ExternalTestsSerializationService$ReadContext: loaded 4 times (x 74B)
Class org.jetbrains.kotlin.idea.gradleTooling.PrepareKotlinIdeaImportTaskModelBuilder : loaded 4 times (x 88B)
Class com.google.gson.internal.bind.TreeTypeAdapter                                   : loaded 4 times (x 77B)
Class com.google.gson.internal.sql.SqlTimeTypeAdapter                                 : loaded 4 times (x 76B)
Class com.amazon.ion.impl.bin.AbstractIonWriter$WriteValueOptimization                : loaded 4 times (x 81B)
Class com.google.gson.internal.bind.TypeAdapters$20                                   : loaded 4 times (x 77B)
Class com.amazon.ion.impl.bin.BlockAllocatorProvider                                  : loaded 4 times (x 74B)
Class io.opentelemetry.api.trace.ArrayBasedTraceStateBuilder                          : loaded 4 times (x 79B)
Class org.jetbrains.plugins.gradle.tooling.serialization.internal.IdeaProjectSerializationService$WriteContext: loaded 4 times (x 74B)
Class com.intellij.gradle.toolingExtension.impl.model.sourceSetDependencyModel.GradleSourceSetDependencySerialisationService: loaded 4 times (x 79B)
Class org.jetbrains.plugins.gradle.model.GradleSourceSetModel                         : loaded 4 times (x 72B)
Class com.android.ide.gradle.model.dependencies.Coordinates                           : loaded 4 times (x 72B)
Class com.google.gson.internal.bind.TypeAdapters$21                                   : loaded 4 times (x 77B)
Class com.google.gson.FieldNamingPolicy$1                                             : loaded 4 times (x 87B)
Class com.amazon.ion.impl.lite.IonSequenceLite                                        : loaded 4 times (x 434B)
Class com.amazon.ion.impl._Private_Utils$1                                            : loaded 4 times (x 100B)
Class com.amazon.ion.impl.SymbolTableAsStruct                                         : loaded 4 times (x 72B)
Class io.opentelemetry.api.trace.TracerProvider                                       : loaded 4 times (x 72B)
Class com.google.gson.internal.bind.TypeAdapters$22                                   : loaded 4 times (x 77B)
Class com.google.gson.FieldNamingPolicy$2                                             : loaded 4 times (x 87B)
Class com.google.gson.internal.Excluder$1                                             : loaded 4 times (x 76B)
Class com.amazon.ion.impl.bin.AbstractIonWriter                                       : loaded 4 times (x 162B)
Class io.opentelemetry.api.trace.AutoValue_ArrayBasedTraceState                       : loaded 4 times (x 89B)
Class gnu.trove.TObjectHash                                                           : loaded 4 times (x 96B)
Class org.jetbrains.plugins.gradle.tooling.util.ObjectCollector$Processor             : loaded 4 times (x 72B)
Class com.intellij.gradle.toolingExtension.impl.model.dependencyGraphModel.GradleDependencyReportGenerator: loaded 4 times (x 75B)
Class com.google.gson.internal.bind.TypeAdapters$23                                   : loaded 4 times (x 77B)
Class com.google.gson.FieldNamingPolicy$3                                             : loaded 4 times (x 87B)
Class com.amazon.ion.system.IonReaderBuilder                                          : loaded 4 times (x 97B)
Class io.opentelemetry.api.trace.TraceState                                           : loaded 4 times (x 72B)
Class org.jetbrains.plugins.gradle.model.AnnotationProcessingConfig                   : loaded 4 times (x 72B)
Class com.amazon.ion.IonReader                                                        : loaded 4 times (x 72B)
Class gnu.trove.Equality                                                              : loaded 4 times (x 72B)
Class com.google.gson.internal.bind.TypeAdapters$24                                   : loaded 4 times (x 77B)
Class com.google.gson.FieldNamingPolicy$4                                             : loaded 4 times (x 87B)
Class com.amazon.ion.IonClob                                                          : loaded 4 times (x 72B)
Class io.opentelemetry.context.LazyStorage                                            : loaded 4 times (x 73B)
Class org.jetbrains.kotlin.tooling.core.KotlinToolingVersion$Maturity                 : loaded 4 times (x 81B)
Class com.google.gson.internal.bind.TypeAdapters$25                                   : loaded 4 times (x 77B)
Class com.google.gson.FieldNamingPolicy$5                                             : loaded 4 times (x 87B)
Class com.amazon.ion.impl.lite.IonLobLite                                             : loaded 4 times (x 187B)
Class com.amazon.ion.impl.lite.IonTextLite                                            : loaded 4 times (x 184B)
Class com.amazon.ion.IonNumber                                                        : loaded 4 times (x 72B)
Class gnu.trove.TObjectHashingStrategy                                                : loaded 4 times (x 72B)
Class com.intellij.openapi.externalSystem.model.project.dependencies.ComponentDependencies: loaded 4 times (x 72B)
Class org.jetbrains.plugins.gradle.tooling.ModelBuilderService$Ex                     : loaded 4 times (x 72B)
Class com.google.gson.internal.bind.ArrayTypeAdapter                                  : loaded 4 times (x 76B)
Class com.google.gson.internal.bind.TypeAdapters$26                                   : loaded 4 times (x 77B)
Class com.google.gson.FieldNamingPolicy$6                                             : loaded 4 times (x 87B)
Class [Lcom.amazon.ion.impl.bin.IonManagedBinaryWriter$UserState;                     : loaded 4 times (x 71B)
Class com.amazon.ion.impl.bin.utf8.Utf8StringEncoder                                  : loaded 4 times (x 82B)
Class com.amazon.ion.IonBool                                                          : loaded 4 times (x 72B)
Class com.google.gson.internal.reflect.ReflectionHelper                               : loaded 4 times (x 73B)
Class com.google.gson.internal.bind.TypeAdapters$27                                   : loaded 4 times (x 77B)
Class com.google.gson.FieldNamingPolicy$7                                             : loaded 4 times (x 87B)
Class com.amazon.ion.IonLoader                                                        : loaded 4 times (x 72B)
Class io.opentelemetry.context.propagation.NoopTextMapPropagator                      : loaded 4 times (x 78B)
Class com.intellij.gradle.toolingExtension.model.repositoryModel.ProjectRepositoriesModel: loaded 4 times (x 72B)
Class org.jetbrains.plugins.gradle.model.GradleProperty                               : loaded 4 times (x 72B)
Class gnu.trove.TObjectCanonicalHashingStrategy                                       : loaded 4 times (x 80B)
Class [Lcom.google.gson.LongSerializationPolicy;                                      : loaded 4 times (x 71B)
Class com.amazon.ion.impl._Private_Utils                                              : loaded 4 times (x 73B)
Class org.jetbrains.plugins.gradle.tooling.builder.AnnotationProcessingModelBuilder   : loaded 4 times (x 88B)
Class com.google.gson.internal.bind.MapTypeAdapterFactory                             : loaded 4 times (x 77B)
Class com.google.gson.internal.bind.TypeAdapters$29                                   : loaded 4 times (x 78B)
Class com.google.gson.JsonNull                                                        : loaded 4 times (x 94B)
Class io.opentelemetry.api.trace.Span                                                 : loaded 4 times (x 72B)
Class com.intellij.gradle.toolingExtension.impl.model.projectModel.GradleExternalProjectSerializationService$ReadContext: loaded 4 times (x 75B)
Class com.intellij.gradle.toolingExtension.impl.model.dependencyModel.DependencyWriteContext: loaded 4 times (x 74B)
Class org.jetbrains.plugins.gradle.model.GradleConfiguration                          : loaded 4 times (x 72B)
Class com.amazon.ion.impl.bin.utf8.Utf8StringEncoderPool                              : loaded 4 times (x 76B)
Class com.amazon.ion.impl._Private_IonSystem                                          : loaded 4 times (x 72B)
Class com.amazon.ion.BufferConfiguration$OversizedValueHandler                        : loaded 4 times (x 72B)
Class com.google.gson.internal.bind.DefaultDateTypeAdapter$DateType$1                 : loaded 4 times (x 75B)
Class com.amazon.ion.IonDecimal                                                       : loaded 4 times (x 72B)
Class io.opentelemetry.api.OpenTelemetry                                              : loaded 4 times (x 72B)
Class org.jetbrains.plugins.gradle.model.tests.ExternalTestsModel                     : loaded 4 times (x 72B)
Class com.google.gson.internal.LazilyParsedNumber                                     : loaded 4 times (x 80B)
Class com.amazon.ion.impl.bin.IonRawBinaryWriter$StreamCloseMode                      : loaded 4 times (x 81B)
Class com.amazon.ion.impl._Private_IonBinaryWriterBuilder$Mutable                     : loaded 4 times (x 117B)
Class io.opentelemetry.api.trace.PropagatedSpan                                       : loaded 4 times (x 114B)
Class com.intellij.gradle.toolingExtension.impl.model.projectModel.GradleExternalProjectSerializationService: loaded 4 times (x 79B)
Class com.android.ide.gradle.model.builder.LegacyAndroidGradlePluginPropertiesModelBuilder$Companion$maybeRegister$1: loaded 4 times (x 77B)
Class com.android.ide.gradle.model.builder.LegacyAndroidGradlePluginPropertiesModelBuilder$Companion: loaded 4 times (x 73B)
Class com.google.gson.stream.JsonReader                                               : loaded 4 times (x 99B)
Class com.amazon.ion.impl.bin.IonRawBinaryWriter$PatchPoint                           : loaded 4 times (x 74B)
Class com.amazon.ion.IonBlob                                                          : loaded 4 times (x 72B)
Class com.amazon.ion.IonLob                                                           : loaded 4 times (x 72B)
Class com.amazon.ion.IonSequence                                                      : loaded 4 times (x 72B)
Class io.opentelemetry.api.trace.TraceFlags                                           : loaded 4 times (x 72B)
Class org.jetbrains.plugins.gradle.tooling.serialization.ExternalTestsSerializationService: loaded 4 times (x 79B)
Class com.android.ide.gradle.model.builder.LegacyAndroidGradlePluginPropertiesModelBuilder$Companion$maybeRegister$2: loaded 4 times (x 77B)
Class org.jetbrains.kotlin.idea.gradleTooling.model.parcelize.ParcelizeModelBuilderService: loaded 4 times (x 83B)
Class com.google.gson.internal.reflect.ReflectionHelper$RecordSupportedHelper         : loaded 4 times (x 80B)
Class com.amazon.ion.system.IonTextWriterBuilder                                      : loaded 4 times (x 99B)
Class com.amazon.ion.impl.bin.IonManagedBinaryWriter$ImportedSymbolResolverMode$1$1$1 : loaded 4 times (x 78B)
Class com.amazon.ion.impl._Private_LocalSymbolTableFactory                            : loaded 4 times (x 72B)
Class org.jetbrains.plugins.gradle.tooling.serialization.AnnotationProcessingModelSerializationService: loaded 4 times (x 79B)
Class com.android.ide.gradle.model.builder.LegacyAndroidGradlePluginPropertiesModelBuilder$Companion$maybeRegister$3: loaded 4 times (x 77B)
Class org.jetbrains.kotlin.idea.gradleTooling.OrphanSourceSetImportingChecker         : loaded 4 times (x 76B)
Class com.google.gson.internal.bind.JsonAdapterAnnotationTypeAdapterFactory           : loaded 4 times (x 77B)
Class com.amazon.ion.impl.lite.IonNullLite                                            : loaded 4 times (x 178B)
Class org.jetbrains.plugins.gradle.model.DependencyAccessorsModel                     : loaded 4 times (x 72B)
Class [Lcom.intellij.openapi.externalSystem.model.project.dependencies.ResolutionState;: loaded 4 times (x 71B)
Class gnu.trove.TObjectIntHashMap                                                     : loaded 4 times (x 111B)
Class com.android.ide.gradle.model.builder.LegacyAndroidGradlePluginPropertiesModelBuilder$Companion$maybeRegister$4: loaded 4 times (x 77B)
Class org.jetbrains.kotlin.idea.gradleTooling.model.lombok.LombokModelBuilderService  : loaded 4 times (x 89B)
Class com.google.gson.internal.bind.NumberTypeAdapter                                 : loaded 4 times (x 76B)
Class com.amazon.ion.impl.lite.IonClobLite                                            : loaded 4 times (x 223B)
Class com.amazon.ion.impl._Private_ValueFactory                                       : loaded 4 times (x 72B)
Class com.amazon.ion.impl.bin.IonRawBinaryWriter$PreallocationMode$1                  : loaded 4 times (x 83B)
Class [Lcom.amazon.ion.impl.bin._Private_IonManagedBinaryWriterBuilder$AllocatorMode; : loaded 4 times (x 71B)
Class org.jetbrains.kotlin.idea.gradleTooling.KotlinMPPGradleModel                    : loaded 4 times (x 72B)
Class io.opentelemetry.context.propagation.ContextPropagators                         : loaded 4 times (x 72B)
Class com.android.ide.gradle.model.builder.LegacyAndroidGradlePluginPropertiesModelBuilder$Companion$maybeRegister$5: loaded 4 times (x 77B)
Class com.google.gson.ToNumberPolicy$1                                                : loaded 4 times (x 85B)
Class [Lcom.google.gson.FieldNamingStrategy;                                          : loaded 4 times (x 71B)
Class com.google.gson.internal.Excluder                                               : loaded 4 times (x 77B)
Class com.amazon.ion.IonInt                                                           : loaded 4 times (x 72B)
Class com.amazon.ion.impl.bin.IonRawBinaryWriter$PreallocationMode$2                  : loaded 4 times (x 83B)
Class org.jetbrains.kotlin.idea.gradleTooling.PrepareKotlinIdeImportTaskModel         : loaded 4 times (x 72B)
Class org.jetbrains.kotlin.idea.gradleTooling.AbstractKotlinGradleModelBuilder$Companion: loaded 4 times (x 73B)
Class com.android.ide.gradle.model.GradlePluginModel                                  : loaded 4 times (x 72B)
Class com.google.gson.internal.ReflectionAccessFilterHelper                           : loaded 4 times (x 73B)
Class com.google.gson.internal.reflect.ReflectionHelper$RecordHelper                  : loaded 4 times (x 77B)
Class com.google.gson.ToNumberPolicy$2                                                : loaded 4 times (x 85B)
Class com.amazon.ion.impl.bin.IonRawBinaryWriter$PreallocationMode$3                  : loaded 4 times (x 83B)
Class org.jetbrains.plugins.gradle.model.GradleExtension                              : loaded 4 times (x 72B)
Class com.google.gson.internal.bind.ReflectiveTypeAdapterFactory$FieldsData           : loaded 4 times (x 74B)
Class com.google.gson.ToNumberPolicy$3                                                : loaded 4 times (x 85B)
Class com.amazon.ion.impl.lite.IonDecimalLite                                         : loaded 4 times (x 191B)
Class com.amazon.ion.IonBufferConfiguration$Builder                                   : loaded 4 times (x 80B)
Class com.google.gson.ToNumberPolicy$4                                                : loaded 4 times (x 85B)
Class [Lcom.amazon.ion.impl.bin.IonRawBinaryWriter$ContainerType;                     : loaded 4 times (x 71B)
Class com.android.ide.gradle.model.dependencies.DeclaredDependenciesModelBuilder      : loaded 4 times (x 77B)
Class org.jetbrains.plugins.gradle.tooling.builder.ScalaModelBuilderImpl              : loaded 4 times (x 83B)
Class org.jetbrains.plugins.gradle.tooling.ModelBuilderContext                        : loaded 4 times (x 72B)
Class com.google.gson.internal.sql.SqlTypesSupport                                    : loaded 4 times (x 73B)
Class com.google.gson.Gson                                                            : loaded 4 times (x 74B)
Class com.amazon.ion.impl.bin.utf8.Utf8StringEncoder$Result                           : loaded 4 times (x 76B)
Class com.amazon.ion.impl.bin.utf8.Pool$Allocator                                     : loaded 4 times (x 72B)
Class com.amazon.ion.IonText                                                          : loaded 4 times (x 72B)
Class com.amazon.ion.impl.SymbolTokenImpl                                             : loaded 4 times (x 83B)
Class com.amazon.ion.SubstituteSymbolTableException                                   : loaded 4 times (x 86B)
Class io.opentelemetry.api.trace.SpanContextKey                                       : loaded 4 times (x 73B)
Class org.jetbrains.plugins.gradle.model.scala.ScalaModel                             : loaded 4 times (x 72B)
Class com.intellij.openapi.externalSystem.model.project.dependencies.ProjectDependencyNodeImpl: loaded 4 times (x 95B)
Class com.google.gson.Gson$1                                                          : loaded 4 times (x 78B)
Class com.amazon.ion.impl.bin.IonManagedBinaryWriter$ImportDescriptor                 : loaded 4 times (x 78B)
Class com.amazon.ion.SymbolTable                                                      : loaded 4 times (x 72B)
Class org.jetbrains.plugins.gradle.javaModel.JavaGradleManifestModel                  : loaded 4 times (x 72B)
Class org.jetbrains.plugins.gradle.tooling.serialization.GradleExtensionsSerializationService$WriteContext: loaded 4 times (x 74B)
Class com.intellij.gradle.toolingExtension.impl.model.taskModel.GradleTaskSerialisationService$Companion: loaded 4 times (x 73B)
Class com.google.gson.Gson$2                                                          : loaded 4 times (x 78B)
Class [Lcom.amazon.ion.impl.bin.IonManagedBinaryWriter$SymbolState;                   : loaded 4 times (x 71B)
Class com.amazon.ion.impl._Private_IonWriterBase                                      : loaded 4 times (x 164B)
Class com.amazon.ion.system.IonSystemBuilder                                          : loaded 4 times (x 77B)
Class com.amazon.ion.IonCatalog                                                       : loaded 4 times (x 72B)
Class io.opentelemetry.api.trace.TraceId                                              : loaded 4 times (x 73B)
Class com.intellij.gradle.toolingExtension.impl.model.utilTurnOffDefaultTasksModel.TurnOffDefaultTasks: loaded 4 times (x 72B)
Class com.intellij.gradle.toolingExtension.impl.model.sourceSetModel.GradleSourceSetSerialisationService$SourceSetModelReadContext: loaded 4 times (x 74B)
Class com.google.gson.internal.bind.ReflectiveTypeAdapterFactory$BoundField           : loaded 4 times (x 77B)
Class com.google.gson.Gson$3                                                          : loaded 4 times (x 77B)
Class io.opentelemetry.api.internal.ImmutableSpanContext                              : loaded 4 times (x 93B)
Class com.intellij.gradle.toolingExtension.impl.model.sourceSetModel.GradleSourceSetSerialisationService$SourceSetModelWriteContext: loaded 4 times (x 74B)
Class com.google.gson.internal.bind.DefaultDateTypeAdapter$1                          : loaded 4 times (x 77B)
Class com.google.gson.Gson$4                                                          : loaded 4 times (x 78B)
Class com.google.gson.internal.ConstructorConstructor                                 : loaded 4 times (x 74B)
Class com.amazon.ion.impl.lite.ContainerlessContext                                   : loaded 4 times (x 82B)
Class io.opentelemetry.api.trace.DefaultTracer                                        : loaded 4 times (x 76B)
Class org.jetbrains.plugins.gradle.tooling.serialization.GradleExtensionsSerializationService$ReadContext: loaded 4 times (x 74B)
Class org.jetbrains.kotlin.idea.gradleTooling.AbstractKotlinGradleModelBuilder        : loaded 4 times (x 83B)
Class com.android.ide.gradle.model.LegacyAndroidGradlePluginProperties                : loaded 4 times (x 72B)
Class com.google.gson.ReflectionAccessFilter$FilterResult                             : loaded 4 times (x 81B)
Class com.google.gson.Gson$5                                                          : loaded 4 times (x 78B)
Class gnu.trove.PrimeFinder                                                           : loaded 4 times (x 73B)
Class com.amazon.ion.UnexpectedEofException                                           : loaded 4 times (x 86B)
Class com.amazon.ion.IonSexp                                                          : loaded 4 times (x 72B)
Class com.amazon.ion.ReadOnlyValueException                                           : loaded 4 times (x 86B)
Class com.amazon.ion.impl._Private_LocalSymbolTable                                   : loaded 4 times (x 72B)
Class com.amazon.ion.BufferConfiguration$DataHandler                                  : loaded 4 times (x 72B)
Class com.amazon.ion.impl._Private_IonBinaryWriterBuilder                             : loaded 4 times (x 117B)
Class org.jetbrains.plugins.gradle.tooling.serialization.RepositoriesModelSerializationService$WriteContext: loaded 4 times (x 74B)
Class com.google.gson.internal.bind.JsonElementTypeAdapter                            : loaded 3 times (x 77B)
Class org.jetbrains.plugins.gradle.tooling.Message                                    : loaded 3 times (x 74B)
Class kotlin.text.StringsKt__StringsKt                                                : loaded 3 times (x 73B)
Class kotlin.text.MatchGroupCollection                                                : loaded 3 times (x 72B)
Class kotlin.text.MatcherMatchResult                                                  : loaded 3 times (x 82B)
Class kotlin.sequences.FlatteningSequence                                             : loaded 3 times (x 77B)
Class kotlin.NotImplementedError                                                      : loaded 3 times (x 84B)
Class com.intellij.gradle.toolingExtension.impl.model.utilTurnOffDefaultTasksModel.DefaultTurnOffDefaultTasks: loaded 3 times (x 73B)
Class com.google.common.base.CharMatcher$IsEither                                     : loaded 3 times (x 114B)
Class kotlin.sequences.FilteringSequence$iterator$1                                   : loaded 3 times (x 81B)
Class kotlin.jvm.internal.CollectionToArray                                           : loaded 3 times (x 73B)
Class kotlin.io.FilesKt__FileTreeWalkKt                                               : loaded 3 times (x 73B)
Class kotlin.sequences.SequencesKt__SequenceBuilderKt                                 : loaded 3 times (x 73B)
Class kotlin.collections.CollectionsKt__ReversedViewsKt                               : loaded 3 times (x 73B)
Class com.intellij.gradle.toolingExtension.impl.model.utilDummyModel.DefaultDummyModel: loaded 3 times (x 75B)
Class com.google.common.collect.ImmutableList$1                                       : loaded 3 times (x 99B)
Class com.intellij.gradle.toolingExtension.impl.modelBuilder.DefaultMessageReportBuilder: loaded 3 times (x 96B)
Class com.intellij.gradle.toolingExtension.impl.model.dependencyModel.GradleDependencyResolver: loaded 3 times (x 74B)
Class kotlin.ranges.IntProgression$Companion                                          : loaded 3 times (x 73B)
Class org.jetbrains.kotlin.idea.gradleTooling.reflect.KotlinCompilerArgumentsResolverReflectionKt: loaded 3 times (x 73B)
Class org.jetbrains.plugins.gradle.model.ear.EarConfiguration                         : loaded 3 times (x 72B)
Class kotlin.sequences.TransformingSequence                                           : loaded 3 times (x 77B)
Class org.jetbrains.kotlin.idea.gradleTooling.model.noarg.NoArgModel                  : loaded 3 times (x 72B)
Class [Lcom.intellij.openapi.externalSystem.model.project.ExternalSystemSourceType;   : loaded 3 times (x 71B)
Class org.jetbrains.plugins.gradle.tooling.DefaultMessageBuilder                      : loaded 3 times (x 86B)
Class kotlin.text.MatcherMatchResult$groupValues$1                                    : loaded 3 times (x 200B)
Class kotlin.sequences.SequencesKt___SequencesKt                                      : loaded 3 times (x 73B)
Class kotlin.collections.AbstractList$Companion                                       : loaded 3 times (x 73B)
Class org.jetbrains.kotlin.tooling.core.Interner                                      : loaded 3 times (x 72B)
Class kotlin.sequences.SequencesKt___SequencesKt$flatMap$2                            : loaded 3 times (x 131B)
Class kotlin.text.StringsKt__AppendableKt                                             : loaded 3 times (x 73B)
Class com.google.common.collect.ImmutableRangeSet                                     : loaded 3 times (x 117B)
Class org.jetbrains.plugins.gradle.tooling.Message$FilePosition                       : loaded 3 times (x 77B)
Class org.jetbrains.kotlin.idea.gradleTooling.model.allopen.AllOpenModel              : loaded 3 times (x 72B)
Class com.intellij.util.ExceptionUtilRt$1                                             : loaded 3 times (x 131B)
Class com.intellij.gradle.toolingExtension.impl.model.dependencyModel.GradleDependencyTraverser$Itr: loaded 3 times (x 85B)
Class org.jetbrains.plugins.gradle.tooling.serialization.internal.adapter.InternalProjectIdentifier: loaded 3 times (x 78B)
Class kotlin.text.StringsKt__StringNumberConversionsJVMKt                             : loaded 3 times (x 73B)
Class kotlin.text.MatchResult                                                         : loaded 3 times (x 72B)
Class kotlin.sequences.SequenceScope                                                  : loaded 3 times (x 75B)
Class kotlin.sequences.Sequence                                                       : loaded 3 times (x 72B)
Class org.jetbrains.kotlin.idea.gradleTooling.reflect.KotlinMultiplatformImportReflection: loaded 3 times (x 72B)
Class kotlin.collections.CollectionsKt___CollectionsKt$asSequence$$inlined$Sequence$1 : loaded 3 times (x 77B)
Class com.intellij.compose.ide.plugin.gradleTooling.rt.ComposeResourcesExtension$Companion: loaded 3 times (x 73B)
Class com.intellij.gradle.toolingExtension.impl.model.sourceSetModel.GradleSourceSetResolutionContext: loaded 3 times (x 75B)
Class com.android.ide.gradle.model.impl.GradlePluginModelImpl$Companion               : loaded 3 times (x 73B)
Class com.intellij.gradle.toolingExtension.impl.util.GradleIdeaPluginUtil             : loaded 3 times (x 73B)
Class org.jetbrains.plugins.gradle.tooling.serialization.GradleExtensionsSerializationService$1: loaded 3 times (x 78B)
Class org.jetbrains.kotlin.idea.gradleTooling.reflect.ReflectionReceiver              : loaded 3 times (x 72B)
Class com.intellij.gradle.toolingExtension.impl.util.GradleProjectUtil                : loaded 3 times (x 73B)
Class kotlin.text.StringsKt__RegexExtensionsJVMKt                                     : loaded 3 times (x 73B)
Class kotlin.collections.ArraysKt___ArraysJvmKt                                       : loaded 3 times (x 73B)
Class kotlin.collections.CollectionsKt__CollectionsKt                                 : loaded 3 times (x 73B)
Class org.jetbrains.plugins.gradle.tooling.serialization.GradleExtensionsSerializationService$2: loaded 3 times (x 78B)
Class org.jetbrains.kotlin.idea.gradleTooling.reflect.ParameterList                   : loaded 3 times (x 171B)
Class kotlin.text.Regex$Companion                                                     : loaded 3 times (x 73B)
Class com.android.ide.gradle.model.composites.BuildMapImpl                            : loaded 3 times (x 77B)
Class com.android.ide.gradle.model.dependencies.DeclaredDependenciesImpl              : loaded 3 times (x 78B)
Class org.jetbrains.plugins.gradle.tooling.serialization.GradleExtensionsSerializationService$3: loaded 3 times (x 78B)
Class org.jetbrains.kotlin.idea.gradleTooling.KotlinTaskPropertiesImpl                : loaded 3 times (x 80B)
Class com.google.common.collect.ImmutableCollection$Builder                           : loaded 3 times (x 78B)
Class com.google.common.collect.ImmutableRangeSet$AsSet                               : loaded 3 times (x 302B)
Class kotlin.jvm.internal.FunctionReference                                           : loaded 3 times (x 128B)
Class [Lkotlin.coroutines.intrinsics.CoroutineSingletons;                             : loaded 3 times (x 71B)
Class kotlin.jvm.internal.FunctionBase                                                : loaded 3 times (x 72B)
Class kotlin.enums.EnumEntriesList                                                    : loaded 3 times (x 225B)
Class org.jetbrains.kotlin.idea.gradleTooling.ModelBuilderUtilsKt                     : loaded 3 times (x 73B)
Class kotlin.comparisons.ComparisonsKt___ComparisonsJvmKt                             : loaded 3 times (x 73B)
Class com.google.common.base.Joiner                                                   : loaded 3 times (x 82B)
Class kotlin.collections.CollectionsKt__IteratorsJVMKt                                : loaded 3 times (x 73B)
Class kotlin.Result                                                                   : loaded 3 times (x 74B)
Class org.jetbrains.plugins.gradle.tooling.serialization.ExternalTestsSerializationService$1: loaded 3 times (x 78B)
Class org.jetbrains.kotlin.idea.gradleTooling.reflect.KotlinCompilerArgumentsResolverReflection: loaded 3 times (x 72B)
Class org.jetbrains.kotlin.tooling.core.InternerImpl$Store$Strong                     : loaded 3 times (x 78B)
Class kotlin.sequences.TransformingSequence$iterator$1                                : loaded 3 times (x 81B)
Class kotlin.Pair                                                                     : loaded 3 times (x 74B)
Class com.intellij.compose.ide.plugin.gradleTooling.rt.ComposeResourcesExtension      : loaded 3 times (x 74B)
Class com.intellij.gradle.toolingExtension.impl.util.javaPluginUtil.JavaPluginUtil    : loaded 3 times (x 73B)
Class com.google.common.collect.ImmutableList$Builder                                 : loaded 3 times (x 79B)
Class kotlin.collections.CollectionsKt__MutableCollectionsKt                          : loaded 3 times (x 73B)
Class org.jetbrains.kotlin.idea.gradleTooling.reflect.KotlinExtensionReflection$Companion: loaded 3 times (x 73B)
Class org.jetbrains.kotlin.idea.gradleTooling.reflect.KotlinExtensionReflection       : loaded 3 times (x 74B)
Class com.intellij.gradle.toolingExtension.impl.util.javaPluginUtil.JavaPluginAccessor: loaded 3 times (x 72B)
Class kotlin.io.TerminateException                                                    : loaded 3 times (x 84B)
Class kotlin.io.FilesKt__FilePathComponentsKt                                         : loaded 3 times (x 73B)
Class com.google.common.collect.RegularImmutableAsList                                : loaded 3 times (x 219B)
Class com.google.common.collect.ImmutableRangeSet$1                                   : loaded 3 times (x 212B)
Class kotlin.reflect.KCallable                                                        : loaded 3 times (x 72B)
Class kotlin.collections.AbstractIterator                                             : loaded 3 times (x 85B)
Class kotlin.text.CharsKt                                                             : loaded 3 times (x 73B)
Class com.google.common.collect.Range                                                 : loaded 3 times (x 88B)
Class org.jetbrains.kotlin.idea.gradleTooling.reflect.ParameterList$Companion         : loaded 3 times (x 73B)
Class com.google.gson.TypeAdapter$NullSafeTypeAdapter                                 : loaded 3 times (x 76B)
Class org.jetbrains.kotlin.idea.gradleTooling.reflect.ReflectionReceiver$Static       : loaded 3 times (x 79B)
Class org.jetbrains.plugins.gradle.model.DefaultDependencyAccessorsModel              : loaded 3 times (x 78B)
Class com.google.common.base.CharMatcher$And                                          : loaded 3 times (x 115B)
Class kotlin.collections.MapsKt__MapsJVMKt                                            : loaded 3 times (x 73B)
Class kotlin.collections.EmptyList                                                    : loaded 3 times (x 176B)
Class org.jetbrains.kotlin.idea.gradleTooling.reflect.KotlinAndroidSourceSetInfoReflection: loaded 3 times (x 72B)
Class org.jetbrains.kotlin.idea.gradleTooling.reflect.ReflectionReceiver$Instance     : loaded 3 times (x 79B)
Class org.jetbrains.kotlin.idea.gradleTooling.reflect.KotlinMultiplatformImportReflectionImpl: loaded 3 times (x 78B)
Class org.jetbrains.kotlin.idea.gradleTooling.ResolveCompilerArgumentsKt              : loaded 3 times (x 73B)
Class org.jetbrains.plugins.gradle.tooling.internal.DefaultRepositoryModels           : loaded 3 times (x 78B)
Class org.jetbrains.kotlin.idea.gradleTooling.model.lombok.LombokModel                : loaded 3 times (x 72B)
Class org.jetbrains.kotlin.idea.gradleTooling.reflect.ReflectionLogger                : loaded 3 times (x 72B)
Class kotlin.jvm.internal.KotlinGenericDeclaration                                    : loaded 3 times (x 72B)
Class kotlin.ResultKt                                                                 : loaded 3 times (x 73B)
Class kotlin.collections.ArraysKt__ArraysKt                                           : loaded 3 times (x 73B)
Class kotlin.Result$Failure                                                           : loaded 3 times (x 74B)
Class com.intellij.gradle.toolingExtension.impl.model.sourceSetArtifactIndex.GradleSourceSetArtifactModel: loaded 3 times (x 78B)
Class kotlin.collections.SetsKt__SetsJVMKt                                            : loaded 3 times (x 73B)
Class kotlin.Function                                                                 : loaded 3 times (x 72B)
Class org.jetbrains.kotlin.idea.gradleTooling.KotlinGradleModelImpl                   : loaded 3 times (x 87B)
Class com.intellij.gradle.toolingExtension.impl.util.GradleObjectUtil                 : loaded 3 times (x 73B)
Class kotlin.io.FileAlreadyExistsException                                            : loaded 3 times (x 84B)
Class kotlin.internal.ProgressionUtilKt                                               : loaded 3 times (x 73B)
Class kotlin.ranges.ClosedRange                                                       : loaded 3 times (x 72B)
Class com.intellij.gradle.toolingExtension.impl.model.dependencyModel.auxiliary.AuxiliaryArtifactResolver: loaded 3 times (x 72B)
Class org.jetbrains.plugins.gradle.tooling.serialization.internal.adapter.InternalBuildIdentifier: loaded 3 times (x 77B)
Class org.jetbrains.plugins.gradle.tooling.builder.EarModelBuilderImplKt              : loaded 3 times (x 73B)
Class kotlin.text.StringsKt__StringsJVMKt                                             : loaded 3 times (x 73B)
Class kotlin.collections.IntIterator                                                  : loaded 3 times (x 84B)
Class com.google.common.collect.NullnessCasts                                         : loaded 3 times (x 73B)
Class com.google.gson.internal.Streams$AppendableWriter$CurrentWrite                  : loaded 3 times (x 92B)
Class kotlin.text.StringsKt__IndentKt                                                 : loaded 3 times (x 73B)
Class com.google.common.collect.SingletonImmutableList                                : loaded 3 times (x 209B)
Class kotlin.collections.SetsKt                                                       : loaded 3 times (x 73B)
Class org.jetbrains.kotlin.idea.gradleTooling.reflect.KotlinSourceSetReflection       : loaded 3 times (x 72B)
Class com.intellij.gradle.toolingExtension.impl.javaModel.manifestModel.DefaultJavaGradleManifestModel: loaded 3 times (x 78B)
Class com.intellij.openapi.externalSystem.model.project.ExternalSystemSourceType      : loaded 3 times (x 87B)
Class com.google.common.collect.ImmutableList$ReverseImmutableList                    : loaded 3 times (x 209B)
Class kotlin.reflect.KFunction                                                        : loaded 3 times (x 72B)
Class kotlin.collections.ArrayDeque                                                   : loaded 3 times (x 209B)
Class kotlin.collections.MapsKt__MapsKt                                               : loaded 3 times (x 73B)
Class org.jetbrains.kotlin.idea.gradleTooling.reflect.KotlinLanguageSettingsReflection: loaded 3 times (x 72B)
Class org.jetbrains.plugins.gradle.DefaultExternalDependencyId                        : loaded 3 times (x 82B)
Class com.google.common.collect.SingletonImmutableSet                                 : loaded 3 times (x 148B)
Class kotlin.Metadata                                                                 : loaded 3 times (x 72B)
Class kotlin.UninitializedPropertyAccessException                                     : loaded 3 times (x 84B)
Class com.android.ide.gradle.model.impl.GradlePropertiesModelImpl                     : loaded 3 times (x 82B)
Class org.jetbrains.kotlin.idea.gradleTooling.model.annotation.AnnotationBasedPluginModel: loaded 3 times (x 72B)
Class com.intellij.gradle.toolingExtension.impl.model.dependencyDownloadPolicyModel.GradleDependencyDownloadPolicyCache: loaded 3 times (x 77B)
Class org.jetbrains.plugins.gradle.tooling.MessageReporter                            : loaded 3 times (x 72B)
Class com.google.gson.internal.bind.EnumTypeAdapter$1                                 : loaded 3 times (x 77B)
Class com.google.common.collect.SortedIterable                                        : loaded 3 times (x 72B)
Class org.jetbrains.plugins.gradle.tooling.MessageBuilder                             : loaded 3 times (x 72B)
Class com.google.common.base.CharMatcher$ForPredicate                                 : loaded 3 times (x 115B)
Class kotlin.text.RegexKt                                                             : loaded 3 times (x 73B)
Class kotlin.coroutines.intrinsics.IntrinsicsKt__IntrinsicsKt                         : loaded 3 times (x 73B)
Class com.google.common.base.CharMatcher$AnyOf                                        : loaded 3 times (x 115B)
Class kotlin.io.FilesKt__UtilsKt                                                      : loaded 3 times (x 73B)
Class kotlin.collections.CollectionsKt__CollectionsJVMKt                              : loaded 3 times (x 73B)
Class com.android.ide.gradle.model.dependencies.CoordinatesImpl                       : loaded 3 times (x 79B)
Class org.jetbrains.plugins.gradle.model.DefaultExternalLibraryDependency             : loaded 3 times (x 113B)
Class com.google.common.collect.ImmutableSet$CachingAsList                            : loaded 3 times (x 150B)
Class kotlin.sequences.SequencesKt                                                    : loaded 3 times (x 73B)
Class kotlin.collections.CollectionsKt__IteratorsKt                                   : loaded 3 times (x 73B)
Class com.intellij.gradle.toolingExtension.impl.model.repositoryModel.DefaultProjectRepositoriesModel: loaded 3 times (x 78B)
Class kotlin.text.StringsKt                                                           : loaded 3 times (x 73B)
Class com.google.common.collect.ImmutableAsList                                       : loaded 3 times (x 211B)
Class kotlin.coroutines.jvm.internal.RestrictedContinuationImpl                       : loaded 3 times (x 89B)
Class org.jetbrains.plugins.gradle.model.DefaultGradleProperty                        : loaded 3 times (x 80B)
Class org.jetbrains.kotlin.idea.gradleTooling.GetAdditionalVisibleSourceSetsKt        : loaded 3 times (x 73B)
Class [Lkotlin.Pair;                                                                  : loaded 3 times (x 71B)
Class kotlin.text.StringsKt__StringNumberConversionsKt                                : loaded 3 times (x 73B)
Class kotlin.io.FilesKt__FileReadWriteKt                                              : loaded 3 times (x 73B)
Class kotlin.text.MatchNamedGroupCollection                                           : loaded 3 times (x 72B)
Class kotlin.jvm.internal.markers.KMutableList                                        : loaded 3 times (x 72B)
Class com.google.common.collect.ImmutableSortedSet                                    : loaded 3 times (x 302B)
Class com.android.ide.gradle.model.builder.LegacyAndroidGradlePluginPropertiesModelBuilder$PluginType: loaded 3 times (x 81B)
Class com.intellij.gradle.toolingExtension.impl.model.dependencyModel.auxiliary.AuxiliaryArtifactResolverImpl: loaded 3 times (x 78B)
Class com.google.common.base.CharMatcher$IsNot                                        : loaded 3 times (x 114B)
Class org.jetbrains.kotlin.tooling.core.InternerImpl$Store                            : loaded 3 times (x 72B)
Class com.google.common.collect.RegularImmutableSortedSet                             : loaded 3 times (x 302B)
Class kotlin.jvm.internal.CallableReference                                           : loaded 3 times (x 112B)
Class com.google.gson.internal.bind.EnumTypeAdapter                                   : loaded 3 times (x 78B)
Class com.intellij.gradle.toolingExtension.impl.model.buildScriptClasspathModel.GradleBuildScriptClasspathSerializationService$1: loaded 3 times (x 78B)
Class com.intellij.gradle.toolingExtension.impl.modelBuilder.DefaultMessageReporter   : loaded 3 times (x 77B)
Class kotlin.ranges.IntRange                                                          : loaded 3 times (x 95B)
Class com.google.common.base.Function                                                 : loaded 3 times (x 72B)
Class kotlin.enums.EnumEntries                                                        : loaded 3 times (x 72B)
Class org.jetbrains.kotlin.idea.gradleTooling.reflect.TypeToken                       : loaded 3 times (x 74B)
Class com.google.gson.internal.bind.TypeAdapters$32$1                                 : loaded 3 times (x 76B)
Class com.google.common.collect.RegularImmutableList                                  : loaded 3 times (x 209B)
Class com.google.gson.internal.GsonTypes                                              : loaded 3 times (x 73B)
Class org.jetbrains.kotlin.idea.gradleTooling.AndroidAwareGradleModelProvider$Result  : loaded 3 times (x 74B)
Class org.jetbrains.kotlin.idea.gradleTooling.reflect.ReflectionKt                    : loaded 3 times (x 73B)
Class [Lcom.android.ide.gradle.model.builder.LegacyAndroidGradlePluginPropertiesModelBuilder$PluginType;: loaded 3 times (x 71B)
Class org.jetbrains.kotlin.idea.gradleTooling.reflect.KotlinSourceSetReflectionImpl$Companion: loaded 3 times (x 73B)
Class com.intellij.gradle.toolingExtension.impl.model.buildScriptClasspathModel.DefaultGradleBuildScriptClasspathModel: loaded 3 times (x 85B)
Class com.intellij.gradle.toolingExtension.impl.model.sourceSetDependencyModel.GradleSourceSetDependencyResolver: loaded 3 times (x 74B)
Class org.jetbrains.plugins.gradle.model.DefaultExternalProject                       : loaded 3 times (x 97B)
Class kotlin.io.FileSystemException                                                   : loaded 3 times (x 84B)
Class kotlin.jvm.internal.DefaultConstructorMarker                                    : loaded 3 times (x 73B)
Class org.jetbrains.kotlin.tooling.core.InternerImpl                                  : loaded 3 times (x 78B)
Class org.jetbrains.kotlin.idea.gradleTooling.reflect.Parameter                       : loaded 3 times (x 74B)
Class org.jetbrains.kotlin.idea.gradleTooling.PrepareKotlinIdeaImportTaskModelBuilder$KotlinNativePlatformDependenciesKt: loaded 3 times (x 73B)
Class kotlin.text.StringsKt__RegexExtensionsKt                                        : loaded 3 times (x 73B)
Class kotlin.collections.EmptyIterator                                                : loaded 3 times (x 91B)
Class org.jetbrains.kotlin.idea.gradleTooling.KotlinGradlePluginVersionImpl           : loaded 3 times (x 80B)
Class org.jetbrains.plugins.gradle.tooling.serialization.RepositoriesModelSerializationService$1: loaded 3 times (x 78B)
Class kotlin.io.FilePathComponents                                                    : loaded 3 times (x 74B)
Class kotlin.sequences.SequencesKt__SequencesJVMKt                                    : loaded 3 times (x 73B)
Class kotlin.coroutines.jvm.internal.RestrictedSuspendLambda                          : loaded 3 times (x 93B)
Class kotlin.collections.AbstractList                                                 : loaded 3 times (x 199B)
Class kotlin.collections.AbstractCollection                                           : loaded 3 times (x 119B)
Class org.jetbrains.kotlin.idea.gradleTooling.reflect.KotlinMultiplatformImportReflectionImpl$Companion: loaded 3 times (x 73B)
Class kotlin.text.StringsKt__StringBuilderJVMKt                                       : loaded 3 times (x 73B)
Class com.google.common.collect.ImmutableRangeSet$Builder                             : loaded 3 times (x 79B)
Class kotlin.text.Regex                                                               : loaded 3 times (x 74B)
Class kotlin.sequences.SequencesKt__SequenceBuilderKt$sequence$$inlined$Sequence$1    : loaded 3 times (x 77B)
Class kotlin.Triple                                                                   : loaded 3 times (x 74B)
Class [Lorg.jetbrains.plugins.gradle.tooling.Message$Kind;                            : loaded 3 times (x 71B)
Class org.jetbrains.plugins.gradle.model.DefaultUnresolvedExternalDependency          : loaded 3 times (x 113B)
Class com.intellij.util.ExceptionUtilRt                                               : loaded 3 times (x 73B)
Class org.jetbrains.kotlin.idea.gradleTooling.reflect.KotlinSwiftExportReflection     : loaded 3 times (x 72B)
Class kotlin.comparisons.ComparisonsKt__ComparisonsKt                                 : loaded 3 times (x 73B)
Class kotlin.ranges.RangesKt__RangesKt                                                : loaded 3 times (x 73B)
Class kotlin.collections.SetsKt___SetsKt                                              : loaded 3 times (x 73B)
Class kotlin.sequences.SequencesKt__SequencesKt                                       : loaded 3 times (x 73B)
Class kotlin.coroutines.Continuation                                                  : loaded 3 times (x 72B)
Class org.jetbrains.plugins.gradle.tooling.util.BooleanBiFunction                     : loaded 3 times (x 72B)
Class com.intellij.gradle.toolingExtension.impl.model.sourceSetArtifactIndex.GradleSourceSetArtifactIndex: loaded 3 times (x 80B)
Class org.jetbrains.kotlin.idea.gradleTooling.KotlinMPPGradleModelBinary              : loaded 3 times (x 72B)
Class kotlin.sequences.FilteringSequence                                              : loaded 3 times (x 77B)
Class kotlin.text.CharsKt__CharJVMKt                                                  : loaded 3 times (x 73B)
Class kotlin.comparisons.ComparisonsKt                                                : loaded 3 times (x 73B)
Class kotlin.comparisons.ComparisonsKt___ComparisonsKt                                : loaded 3 times (x 73B)
Class kotlin.coroutines.jvm.internal.BaseContinuationImpl                             : loaded 3 times (x 89B)
Class kotlin.Result$Companion                                                         : loaded 3 times (x 73B)
Class org.jetbrains.kotlin.idea.gradleTooling.UtilsKt                                 : loaded 3 times (x 73B)
Class com.google.common.base.CharMatcher$BitSetMatcher                                : loaded 3 times (x 115B)
Class com.google.common.collect.ImmutableSet                                          : loaded 3 times (x 147B)
Class org.jetbrains.kotlin.tooling.core.InternerKt                                    : loaded 3 times (x 73B)
Class org.jetbrains.plugins.gradle.model.DefaultExternalProjectDependency             : loaded 3 times (x 122B)
Class kotlin.jvm.internal.FunctionReferenceImpl                                       : loaded 3 times (x 128B)
Class kotlin.collections.CollectionsKt___CollectionsJvmKt                             : loaded 3 times (x 73B)
Class com.intellij.gradle.toolingExtension.impl.model.resourceFilterModel.GradleResourceFilterModelBuilder: loaded 3 times (x 73B)
Class com.google.common.base.CharMatcher$Or                                           : loaded 3 times (x 115B)
Class kotlin.TuplesKt                                                                 : loaded 3 times (x 73B)
Class kotlin.jvm.internal.markers.KMutableIterable                                    : loaded 3 times (x 72B)
Class kotlin.Unit                                                                     : loaded 3 times (x 73B)
Class kotlin.sequences.SequencesKt___SequencesJvmKt                                   : loaded 3 times (x 73B)
Class org.jetbrains.kotlin.idea.gradleTooling.reflect.KotlinSourceSetReflectionKt     : loaded 3 times (x 73B)
Class kotlin.ranges.RangesKt                                                          : loaded 3 times (x 73B)
Class com.android.ide.gradle.model.dependencies.DeclaredDependenciesModelBuilderKt    : loaded 3 times (x 73B)
Class org.jetbrains.kotlin.idea.gradleTooling.GeneratedSourceRootsKt                  : loaded 3 times (x 73B)
Class kotlin.sequences.FlatteningSequence$iterator$1                                  : loaded 3 times (x 81B)
Class kotlin.jvm.functions.Function0                                                  : loaded 3 times (x 72B)
Class kotlin.collections.ArraysUtilJVM                                                : loaded 3 times (x 73B)
Class org.gradle.internal.Cast                                                        : loaded 3 times (x 73B)
Class org.gradle.api.Action                                                           : loaded 3 times (x 72B)
Class com.intellij.gradle.toolingExtension.impl.model.dependencyModel.GradleDependencyResolver$1: loaded 3 times (x 79B)
Class com.google.common.base.CharMatcher$FastMatcher                                  : loaded 3 times (x 114B)
Class kotlin.collections.AbstractMutableList                                          : loaded 3 times (x 208B)
Class kotlin.jvm.functions.Function1                                                  : loaded 3 times (x 72B)
Class org.jetbrains.plugins.gradle.model.DefaultExternalTask                          : loaded 3 times (x 85B)
Class org.jetbrains.plugins.gradle.tooling.builder.WarModelBuilderImplKt              : loaded 3 times (x 73B)
Class kotlin.KotlinNothingValueException                                              : loaded 3 times (x 84B)
Class com.google.common.base.Predicate                                                : loaded 3 times (x 72B)
Class kotlin.jvm.functions.Function2                                                  : loaded 3 times (x 72B)
Class org.jetbrains.plugins.gradle.tooling.internal.ClasspathEntryModelImpl           : loaded 3 times (x 82B)
Class com.google.common.base.CharMatcher$NegatedFastMatcher                           : loaded 3 times (x 116B)
Class com.google.common.collect.AbstractRangeSet                                      : loaded 3 times (x 116B)
Class kotlin.collections.MapsKt___MapsJvmKt                                           : loaded 3 times (x 73B)
Class com.intellij.openapi.externalSystem.model.project.dependencies.ProjectDependenciesImpl: loaded 3 times (x 79B)
Class org.jetbrains.kotlin.idea.gradleTooling.model.samWithReceiver.SamWithReceiverModel: loaded 3 times (x 72B)
Class com.intellij.gradle.toolingExtension.impl.model.buildScriptClasspathModel.GradleBuildScriptClasspathCache: loaded 3 times (x 77B)
Class kotlin.jvm.functions.Function4                                                  : loaded 3 times (x 72B)
Class kotlin.collections.EmptySet                                                     : loaded 3 times (x 124B)
Class kotlin.annotation.Target                                                        : loaded 3 times (x 72B)
Class kotlin.collections.CollectionsKt___CollectionsKt                                : loaded 3 times (x 73B)
Class org.gradle.api.GradleException                                                  : loaded 3 times (x 84B)
Class org.jetbrains.kotlin.idea.gradleTooling.model.kapt.KaptGradleModelImpl          : loaded 3 times (x 79B)
Class org.jetbrains.plugins.gradle.tooling.util.BiFunction                            : loaded 3 times (x 72B)
Class org.jetbrains.plugins.gradle.model.AbstractExternalDependency                   : loaded 3 times (x 108B)
Class org.jetbrains.kotlin.idea.gradleTooling.PrepareKotlinIdeaImportTaskModelBuilder$Messages: loaded 3 times (x 73B)
Class kotlin.text.StringsKt___StringsJvmKt                                            : loaded 3 times (x 73B)
Class kotlin.reflect.KDeclarationContainer                                            : loaded 3 times (x 72B)
Class kotlin.annotation.Retention                                                     : loaded 3 times (x 72B)
Class org.jetbrains.plugins.gradle.model.ModelFactory                                 : loaded 3 times (x 73B)
Class org.jetbrains.plugins.gradle.tooling.serialization.ToolingStreamApiUtilsKt      : loaded 3 times (x 73B)
Class org.jetbrains.plugins.gradle.tooling.ModelBuilderContext$DataProvider           : loaded 3 times (x 72B)
Class kotlin.io.FilesKt                                                               : loaded 3 times (x 73B)
Class kotlin.collections.MapsKt___MapsKt                                              : loaded 3 times (x 73B)
Class kotlin.collections.ArraysKt___ArraysKt                                          : loaded 3 times (x 73B)
Class [Lcom.intellij.openapi.externalSystem.model.project.IExternalSystemSourceType;  : loaded 3 times (x 71B)
Class kotlin.collections.MapsKt__MapWithDefaultKt                                     : loaded 3 times (x 73B)
Class [Lorg.jetbrains.kotlin.idea.gradleTooling.reflect.Parameter;                    : loaded 3 times (x 71B)
Class org.jetbrains.kotlin.idea.gradleTooling.model.assignment.AssignmentModel        : loaded 3 times (x 72B)
Class kotlin.text.StringsKt___StringsKt                                               : loaded 3 times (x 73B)
Class kotlin.collections.CollectionsKt__MutableCollectionsJVMKt                       : loaded 3 times (x 73B)
Class org.gradle.internal.IoActions                                                   : loaded 3 times (x 73B)
Class kotlin.enums.EnumEntriesKt                                                      : loaded 3 times (x 73B)
Class org.jetbrains.plugins.gradle.model.web.WebConfiguration                         : loaded 3 times (x 72B)
Class com.google.common.collect.ImmutableSet$RegularSetBuilderImpl                    : loaded 3 times (x 78B)
Class com.google.common.collect.ImmutableRangeSet$ComplementRanges                    : loaded 3 times (x 209B)
Class org.jetbrains.plugins.gradle.tooling.internal.VersionCatalogsModelImpl          : loaded 3 times (x 78B)
Class com.intellij.gradle.toolingExtension.impl.model.taskModel.DefaultGradleTaskModel: loaded 3 times (x 77B)
Class kotlin.ranges.IntRange$Companion                                                : loaded 3 times (x 73B)
Class kotlin.text.MatcherMatchResult$groups$1                                         : loaded 3 times (x 153B)
Class kotlin.collections.EmptyMap                                                     : loaded 3 times (x 110B)
Class kotlin.reflect.KAnnotatedElement                                                : loaded 3 times (x 72B)
Class kotlin.jvm.internal.markers.KMutableCollection                                  : loaded 3 times (x 72B)
Class kotlin.coroutines.intrinsics.IntrinsicsKt                                       : loaded 3 times (x 73B)
Class kotlin.jvm.internal.Intrinsics                                                  : loaded 3 times (x 73B)
Class com.google.gson.internal.Streams$AppendableWriter                               : loaded 3 times (x 101B)
Class org.jetbrains.kotlin.idea.gradleTooling.model.parcelize.ParcelizeGradleModel    : loaded 3 times (x 72B)
Class com.intellij.gradle.toolingExtension.impl.model.sourceSetModel.GradleSourceSetModelBuilder$1: loaded 3 times (x 85B)
Class kotlin.collections.MapsKt                                                       : loaded 3 times (x 73B)
Class kotlin.coroutines.intrinsics.CoroutineSingletons                                : loaded 3 times (x 81B)
Class kotlin.collections.CollectionsKt__IterablesKt                                   : loaded 3 times (x 73B)
Class com.intellij.gradle.toolingExtension.impl.model.sourceSetModel.GradleSourceSetModelBuilder$2: loaded 3 times (x 85B)
Class org.jetbrains.plugins.gradle.tooling.MessageReportBuilder                       : loaded 3 times (x 72B)
Class kotlin.ranges.OpenEndRange                                                      : loaded 3 times (x 72B)
Class kotlin.sequences.SequenceBuilderIterator                                        : loaded 3 times (x 87B)
Class kotlin.KotlinNullPointerException                                               : loaded 3 times (x 84B)
Class org.jetbrains.plugins.gradle.tooling.Message$Kind                               : loaded 3 times (x 81B)
Class com.intellij.gradle.toolingExtension.impl.model.sourceSetModel.GradleSourceSetModelBuilder$3: loaded 3 times (x 85B)
Class com.google.common.base.CharMatcher$Negated                                      : loaded 3 times (x 116B)
Class com.google.common.base.CharMatcher$Is                                           : loaded 3 times (x 114B)
Class kotlin.ranges.RangesKt___RangesKt                                               : loaded 3 times (x 73B)
Class com.google.gson.internal.Streams                                                : loaded 3 times (x 73B)
Class kotlin.text.CharsKt__CharKt                                                     : loaded 3 times (x 73B)
Class kotlin.collections.ArrayDeque$Companion                                         : loaded 3 times (x 73B)
Class kotlin.collections.ArraysKt                                                     : loaded 3 times (x 73B)
Class org.jetbrains.plugins.gradle.model.DefaultGradleConfiguration                   : loaded 3 times (x 81B)
Class com.intellij.gradle.toolingExtension.impl.model.dependencyModel.auxiliary.AuxiliaryConfigurationArtifacts: loaded 3 times (x 76B)
Class com.google.common.base.CharMatcher                                              : loaded 3 times (x 114B)
Class com.google.common.base.Joiner$1                                                 : loaded 3 times (x 83B)
Class kotlin.collections.SetsKt__SetsKt                                               : loaded 3 times (x 73B)
Class kotlin.coroutines.EmptyCoroutineContext                                         : loaded 3 times (x 79B)
Class org.jetbrains.plugins.gradle.model.tests.DefaultExternalTestsModel              : loaded 3 times (x 79B)
Class org.jetbrains.kotlin.idea.gradleTooling.KotlinGradlePluginVersionKt             : loaded 3 times (x 73B)
Class org.jetbrains.kotlin.idea.gradleTooling.reflect.TypeToken$Companion             : loaded 3 times (x 73B)
Class com.google.common.base.CharMatcher$1                                            : loaded 3 times (x 116B)
Class com.google.common.base.CharMatcher$NamedFastMatcher                             : loaded 3 times (x 115B)
Class com.google.common.base.Joiner$2                                                 : loaded 3 times (x 82B)
Class kotlin.collections.ArraysKt__ArraysJVMKt                                        : loaded 3 times (x 73B)
Class kotlin.text.StringsKt__StringBuilderKt                                          : loaded 3 times (x 73B)
Class com.google.common.collect.RangeSet                                              : loaded 3 times (x 72B)
Class kotlin.jvm.internal.CallableReference$NoReceiver                                : loaded 3 times (x 73B)
Class kotlin.NoWhenBranchMatchedException                                             : loaded 3 times (x 84B)
Class org.jetbrains.kotlin.idea.gradleTooling.reflect.GradleReflectionLogger          : loaded 3 times (x 77B)
Class com.google.common.base.CharMatcher$InRange                                      : loaded 3 times (x 114B)
Class com.intellij.gradle.toolingExtension.impl.model.dependencyModel.GradleDependencyTraverser: loaded 3 times (x 82B)
Class com.intellij.gradle.toolingExtension.impl.model.sourceSetDependencyModel.DefaultGradleSourceSetDependencyModel: loaded 3 times (x 79B)
Class kotlin.jvm.internal.markers.KMappedMarker                                       : loaded 3 times (x 72B)
Class com.android.ide.gradle.model.impl.GradlePluginModelImpl                         : loaded 3 times (x 81B)
Class kotlin.coroutines.jvm.internal.SpillingKt                                       : loaded 3 times (x 73B)
Class org.jetbrains.kotlin.idea.gradleTooling.KotlinGradlePluginVersion$Companion     : loaded 3 times (x 73B)
Class com.google.common.collect.ImmutableSet$SetBuilderImpl                           : loaded 3 times (x 78B)
Class kotlin.coroutines.jvm.internal.SuspendFunction                                  : loaded 3 times (x 72B)
Class org.jetbrains.kotlin.idea.gradleTooling.KotlinTasksPropertyUtilsKt              : loaded 3 times (x 73B)
Class kotlin.jvm.internal.Ref$BooleanRef                                              : loaded 3 times (x 73B)
Class kotlin.jvm.internal.StringCompanionObject                                       : loaded 3 times (x 73B)
Class com.google.common.collect.ForwardingObject                                      : loaded 3 times (x 74B)
Class com.google.common.collect.ImmutableList$SubList                                 : loaded 3 times (x 209B)
Class kotlin.coroutines.intrinsics.IntrinsicsKt__IntrinsicsJvmKt                      : loaded 3 times (x 73B)
Class kotlin.coroutines.jvm.internal.CoroutineStackFrame                              : loaded 3 times (x 72B)
Class org.jetbrains.plugins.gradle.model.DefaultGradleExtensions                      : loaded 3 times (x 90B)
Class com.intellij.gradle.toolingExtension.impl.model.dependencyDownloadPolicyModel.DefaultGradleDependencyDownloadPolicy: loaded 3 times (x 79B)
Class kotlin.io.NoSuchFileException                                                   : loaded 3 times (x 84B)
Class kotlin.collections.CollectionsKt                                                : loaded 3 times (x 73B)
Class org.jetbrains.kotlin.idea.gradleTooling.reflect.KotlinSourceSetReflectionImpl   : loaded 3 times (x 85B)
Class com.intellij.gradle.toolingExtension.impl.model.sourceSetModel.DefaultGradleSourceSetModel: loaded 3 times (x 83B)
Class kotlin.ranges.IntProgressionIterator                                            : loaded 3 times (x 84B)
Class com.google.common.collect.RegularImmutableSet                                   : loaded 3 times (x 150B)
Class kotlin.coroutines.CoroutineContext                                              : loaded 3 times (x 72B)
Class kotlin.coroutines.jvm.internal.DebugProbesKt                                    : loaded 3 times (x 73B)
Class com.intellij.util.ExceptionUtilRt$RethrownStack                                 : loaded 3 times (x 84B)
Class org.jetbrains.plugins.gradle.model.DefaultFileCollectionDependency              : loaded 3 times (x 112B)
Class com.intellij.gradle.toolingExtension.impl.util.javaPluginUtil.ExtensionJavaPluginAccessor: loaded 3 times (x 84B)
Class org.jetbrains.plugins.gradle.model.DefaultGradleExtension                       : loaded 3 times (x 82B)
Class org.jetbrains.kotlin.idea.gradleTooling.reflect.KotlinCompilerArgumentsResolverReflectionImpl: loaded 3 times (x 77B)
Class org.jetbrains.plugins.gradle.tooling.util.GradleContainerUtil                   : loaded 3 times (x 73B)
Class kotlin.ranges.IntProgression                                                    : loaded 3 times (x 83B)
Class kotlin.jvm.KotlinReflectionNotSupportedError                                    : loaded 3 times (x 84B)
Class sync_studio_tooling4_a5a8fe20s389l5gpmf3ihbqra                                  : loaded 2 times (x 173B)
Class com.android.builder.model.v2.ide.ViewBindingOptions                             : loaded 2 times (x 72B)
Class kotlin.coroutines.jvm.internal.CompletedContinuation                            : loaded 2 times (x 77B)
Class kotlin.io.TextStreamsKt                                                         : loaded 2 times (x 73B)
Class kotlin.reflect.jvm.internal.JvmPropertySignature                                : loaded 2 times (x 74B)
Class kotlin.reflect.jvm.internal.impl.resolve.OverridingUtil$3                       : loaded 2 times (x 77B)
Class kotlin.reflect.jvm.internal.impl.load.java.components.DescriptorResolverUtils   : loaded 2 times (x 73B)
Class kotlin.sequences.DropTakeSequence                                               : loaded 2 times (x 72B)
Class kotlin.reflect.jvm.internal.impl.metadata.ProtoBuf$PackageFragment              : loaded 2 times (x 103B)
Class kotlin.reflect.jvm.internal.impl.resolve.scopes.DescriptorKindFilter$Companion  : loaded 2 times (x 73B)
Class kotlin.reflect.jvm.internal.impl.serialization.deserialization.descriptors.DeserializedClassDescriptor$DeserializedClassMemberScope: loaded 2 times (x 104B)
Class kotlin.reflect.jvm.internal.impl.protobuf.FieldSet$1                            : loaded 2 times (x 73B)
Class kotlin.reflect.jvm.internal.impl.metadata.ProtoBuf$Property$1                   : loaded 2 times (x 89B)
Class com.google.common.io.LineReader                                                 : loaded 2 times (x 74B)
Class com.google.common.base.PairwiseEquivalence                                      : loaded 2 times (x 85B)
Class com.google.common.base.Equivalence$Identity                                     : loaded 2 times (x 84B)
Class com.google.common.collect.RegularImmutableMap$KeySet                            : loaded 2 times (x 154B)
Class org.gradle.internal.classloader.FilteringClassLoader                            : loaded 2 times (x 106B)
Class jdk.internal.jimage.BasicImageReader                                            : loaded 2 times (x 97B)
Class kotlin.reflect.jvm.internal.impl.load.java.DescriptorsJvmAbiUtil                : loaded 2 times (x 73B)
Class kotlin.reflect.jvm.internal.impl.load.java.SpecialGenericSignatures             : loaded 2 times (x 73B)
Class kotlin.reflect.jvm.internal.impl.resolve.OverridingUtil$4                       : loaded 2 times (x 76B)
Class [Lkotlin.reflect.jvm.internal.impl.types.model.TypeArgumentMarker;              : loaded 2 times (x 71B)
Class kotlin.reflect.jvm.internal.impl.descriptors.ValueParameterDescriptor           : loaded 2 times (x 72B)
Class kotlin.reflect.jvm.internal.impl.types.AbstractTypeConstructor$Supertypes       : loaded 2 times (x 74B)
Class kotlin.reflect.jvm.internal.impl.resolve.scopes.MemberScope$Companion           : loaded 2 times (x 73B)
Class kotlin.reflect.jvm.internal.impl.descriptors.TypeParameterUtilsKt               : loaded 2 times (x 73B)
Class kotlin.reflect.jvm.internal.impl.metadata.ProtoBuf$Visibility$1                 : loaded 2 times (x 76B)
Class kotlin.reflect.jvm.internal.impl.load.kotlin.header.ReadKotlinClassHeaderAnnotationVisitor: loaded 2 times (x 81B)
Class [Lkotlin.reflect.jvm.internal.impl.protobuf.Internal$EnumLite;                  : loaded 2 times (x 71B)
Class kotlin.reflect.jvm.internal.impl.builtins.CompanionObjectMapping                : loaded 2 times (x 73B)
Class kotlin.jvm.internal.MutablePropertyReference0                                   : loaded 2 times (x 178B)
Class com.google.common.cache.LocalCache$ValueIterator                                : loaded 2 times (x 88B)
Class [Lcom.google.common.collect.MapMakerInternalMap$Segment;                        : loaded 2 times (x 71B)
Class [Lcom.google.common.base.AbstractIterator$State;                                : loaded 2 times (x 71B)
Class com.google.common.io.FileWriteMode                                              : loaded 2 times (x 81B)
Class org.gradle.internal.classloader.ClassLoaderHierarchy                            : loaded 2 times (x 72B)
Class com.android.builder.model.v2.models.VariantDependenciesAdjacencyList            : loaded 2 times (x 72B)
Class org.gradle.tooling.model.build.GradleEnvironment                                : loaded 2 times (x 72B)
Class org.gradle.tooling.internal.adapter.ProtocolToModelAdapter$InvocationHandlerImpl: loaded 2 times (x 79B)
Class kotlinx.coroutines.flow.internal.AbstractSharedFlow                             : loaded 2 times (x 76B)
Class kotlinx.coroutines.flow.CancellableFlow                                         : loaded 2 times (x 72B)
Class org.jetbrains.kotlin.build.report.metrics.GcMetric                              : loaded 2 times (x 73B)
Class kotlin.reflect.jvm.internal.impl.resolve.OverridingUtil$5                       : loaded 2 times (x 77B)
Class kotlin.reflect.jvm.internal.impl.resolve.NonReportingOverrideStrategy           : loaded 2 times (x 78B)
Class kotlin.reflect.jvm.internal.impl.serialization.deserialization.ProtoContainer   : loaded 2 times (x 75B)
Class kotlin.reflect.jvm.internal.impl.metadata.ProtoBuf$Class$Kind                   : loaded 2 times (x 84B)
Class [Lkotlin.reflect.jvm.internal.impl.descriptors.annotations.AnnotatedImpl;       : loaded 2 times (x 71B)
Class kotlin.reflect.jvm.internal.impl.metadata.ProtoBuf$TypeParameter$1              : loaded 2 times (x 89B)
Class kotlin.SafePublicationLazyImpl$Companion                                        : loaded 2 times (x 73B)
Class kotlin.jvm.internal.PropertyReference1Impl                                      : loaded 2 times (x 149B)
Class kotlin.jvm.internal.MutablePropertyReference1                                   : loaded 2 times (x 178B)
Class [Lcom.google.common.cache.RemovalCause;                                         : loaded 2 times (x 71B)
Class com.google.common.collect.AbstractMapBasedMultimap$WrappedCollection            : loaded 2 times (x 126B)
Class com.google.common.collect.ImmutableEnumSet                                      : loaded 2 times (x 148B)
Class com.google.common.util.concurrent.ExecutionError                                : loaded 2 times (x 84B)
Class com.android.builder.model.v2.ide.AndroidArtifact                                : loaded 2 times (x 72B)
Class org.gradle.tooling.internal.adapter.TargetTypeProvider                          : loaded 2 times (x 72B)
Class org.jetbrains.kotlin.build.report.metrics.SOURCE_LINES_NUMBER                   : loaded 2 times (x 74B)
Class kotlin.reflect.jvm.internal.calls.CallerImpl$Method                             : loaded 2 times (x 83B)
Class org.jetbrains.kotlin.cli.common.arguments.Enables$Container                     : loaded 2 times (x 72B)
Class kotlin.reflect.jvm.internal.impl.resolve.OverridingUtil$6                       : loaded 2 times (x 76B)
Class org.jetbrains.kotlin.cli.common.arguments.ArgumentField                         : loaded 2 times (x 74B)
Class kotlin.collections.builders.MapBuilder                                          : loaded 2 times (x 114B)
Class kotlin.reflect.jvm.internal.impl.protobuf.BoundedByteString                     : loaded 2 times (x 104B)
Class kotlin.reflect.jvm.internal.impl.descriptors.runtime.components.ReflectKotlinClassKt: loaded 2 times (x 73B)
Class [Lkotlin.reflect.jvm.internal.impl.incremental.components.LookupLocation;       : loaded 2 times (x 71B)
Class [Lkotlin.reflect.jvm.internal.impl.descriptors.impl.ModuleDescriptorImpl;       : loaded 2 times (x 71B)
Class kotlin.reflect.jvm.internal.impl.protobuf.InvalidProtocolBufferException        : loaded 2 times (x 86B)
Class kotlin.reflect.jvm.internal.impl.serialization.deserialization.KotlinMetadataFinder: loaded 2 times (x 72B)
Class kotlin.reflect.jvm.internal.ReflectProperties$Val                               : loaded 2 times (x 76B)
Class kotlin.jvm.internal.MutablePropertyReference2                                   : loaded 2 times (x 178B)
Class com.google.common.io.ByteArrayDataOutput                                        : loaded 2 times (x 72B)
Class com.google.common.collect.RegularImmutableMap                                   : loaded 2 times (x 122B)
Class com.google.common.collect.ImmutableMap$MapViewOfValuesAsSingletonSets           : loaded 2 times (x 128B)
Class jdk.internal.jimage.decompressor.StringSharingDecompressorFactory               : loaded 2 times (x 76B)
Class com.android.builder.model.v2.ide.AaptOptions$Namespacing                        : loaded 2 times (x 81B)
Class com.android.utils.FileUtils                                                     : loaded 2 times (x 73B)
Class org.gradle.tooling.internal.adapter.MethodInvocation                            : loaded 2 times (x 87B)
Class org.gradle.internal.operations.MultipleBuildOperationFailures                   : loaded 2 times (x 97B)
Class kotlin.collections.builders.ListBuilder$Itr                                     : loaded 2 times (x 96B)
Class kotlin.reflect.jvm.internal.impl.resolve.OverridingUtil$7                       : loaded 2 times (x 77B)
Class kotlin.reflect.jvm.internal.impl.load.java.typeEnhancement.TypeEnhancementUtilsKt: loaded 2 times (x 73B)
Class kotlin.reflect.jvm.internal.impl.resolve.scopes.SubstitutingScope               : loaded 2 times (x 87B)
Class kotlin.reflect.jvm.internal.impl.descriptors.impl.AbstractTypeParameterDescriptor: loaded 2 times (x 125B)
Class kotlin.reflect.jvm.internal.impl.descriptors.ScopesHolderForClass               : loaded 2 times (x 74B)
Class kotlin.reflect.jvm.internal.impl.serialization.deserialization.ProtoEnumFlagsUtilsKt$WhenMappings: loaded 2 times (x 73B)
Class kotlin.reflect.jvm.internal.impl.protobuf.AbstractParser                        : loaded 2 times (x 89B)
Class kotlin.reflect.jvm.internal.impl.util.ModuleVisibilityHelper                    : loaded 2 times (x 72B)
Class kotlin.reflect.jvm.internal.impl.descriptors.ClassOrPackageFragmentDescriptor   : loaded 2 times (x 72B)
Class kotlin.reflect.jvm.internal.impl.resolve.constants.LongValue                    : loaded 2 times (x 76B)
Class kotlin.reflect.jvm.internal.impl.resolve.constants.ByteValue                    : loaded 2 times (x 76B)
Class kotlin.reflect.jvm.internal.impl.builtins.ReflectionTypes                       : loaded 2 times (x 74B)
Class kotlin.reflect.jvm.internal.impl.storage.SimpleLock$Companion                   : loaded 2 times (x 73B)
Class kotlin.reflect.jvm.internal.impl.storage.CacheWithNullableValues                : loaded 2 times (x 72B)
Class com.google.common.collect.TransformedListIterator                               : loaded 2 times (x 95B)
Class com.google.common.reflect.TypeCapture                                           : loaded 2 times (x 73B)
Class com.google.common.cache.LocalCache$Values                                       : loaded 2 times (x 120B)
Class [Lorg.objectweb.asm.Symbol;                                                     : loaded 2 times (x 71B)
Class org.objectweb.asm.ClassVisitor                                                  : loaded 2 times (x 90B)
Class kotlin.io.LinesSequence                                                         : loaded 2 times (x 77B)
Class kotlin.reflect.jvm.internal.impl.resolve.OverridingUtilTypeSystemContext        : loaded 2 times (x 171B)
Class kotlin.reflect.jvm.internal.impl.resolve.OverridingUtil$8                       : loaded 2 times (x 73B)
Class kotlin.reflect.jvm.internal.impl.load.kotlin.KotlinClassFinder$Result           : loaded 2 times (x 73B)
Class kotlin.reflect.jvm.internal.impl.builtins.jvm.JvmBuiltInsPackageFragmentProvider: loaded 2 times (x 87B)
Class kotlin.reflect.jvm.internal.impl.metadata.ProtoBuf$PropertyOrBuilder            : loaded 2 times (x 72B)
Class kotlin.reflect.jvm.internal.impl.metadata.ProtoBuf$Contract$1                   : loaded 2 times (x 89B)
Class kotlin.reflect.jvm.internal.impl.protobuf.LiteralByteString                     : loaded 2 times (x 104B)
Class kotlin.reflect.jvm.internal.impl.descriptors.impl.AbstractClassDescriptor       : loaded 2 times (x 176B)
Class kotlin.reflect.jvm.internal.impl.serialization.deserialization.FlexibleTypeDeserializer: loaded 2 times (x 72B)
Class kotlin.reflect.jvm.internal.impl.name.FqName                                    : loaded 2 times (x 74B)
Class [Lkotlin.reflect.KClass;                                                        : loaded 2 times (x 71B)
Class com.google.common.collect.MapMakerInternalMap$StrongKeyDummyValueEntry$LinkedStrongKeyDummyValueEntry: loaded 2 times (x 84B)
Class com.google.common.collect.MapMakerInternalMap$Strength                          : loaded 2 times (x 82B)
Class com.google.common.base.Platform$JdkPatternCompiler                              : loaded 2 times (x 77B)
Class org.objectweb.asm.MethodTooLargeException                                       : loaded 2 times (x 84B)
Class [Lcom.google.common.cache.CacheBuilder$OneWeigher;                              : loaded 2 times (x 71B)
Class com.google.common.base.Suppliers                                                : loaded 2 times (x 73B)
Class org.gradle.internal.classloader.DefaultClassLoaderFactory                       : loaded 2 times (x 84B)
Class com.google.common.collect.ReverseNaturalOrdering                                : loaded 2 times (x 116B)
Class org.jetbrains.kotlin.build.report.metrics.INCREMENTAL_REMOVE_DUPLICATE_CLASSES  : loaded 2 times (x 74B)
Class kotlin.sequences.SequencesKt___SequencesKt$flatMap$1                            : loaded 2 times (x 131B)
Class org.jetbrains.kotlin.cli.jvm.compiler.KotlinCoreEnvironment$Companion           : loaded 2 times (x 73B)
Class kotlin.reflect.jvm.internal.impl.descriptors.runtime.structure.Java16SealedRecordLoader: loaded 2 times (x 73B)
Class kotlin.reflect.jvm.internal.impl.name.CallableId                                : loaded 2 times (x 74B)
Class [Lkotlin.reflect.jvm.internal.impl.descriptors.annotations.Annotated;           : loaded 2 times (x 71B)
Class kotlin.reflect.jvm.internal.impl.types.TypeProjection                           : loaded 2 times (x 72B)
Class kotlin.reflect.jvm.internal.impl.types.TypeUtils                                : loaded 2 times (x 73B)
Class [Lkotlin.reflect.jvm.internal.impl.renderer.DescriptorRendererModifier;         : loaded 2 times (x 71B)
Class kotlin.reflect.jvm.internal.impl.types.TypeSubstitution$Companion$EMPTY$1       : loaded 2 times (x 79B)
Class kotlin.reflect.jvm.internal.impl.types.checker.KotlinTypeChecker$TypeConstructorEquality: loaded 2 times (x 72B)
Class kotlin.KotlinVersion$Companion                                                  : loaded 2 times (x 73B)
Class kotlin.reflect.jvm.internal.impl.builtins.jvm.JvmBuiltIns$Kind                  : loaded 2 times (x 81B)
Class com.google.common.io.ByteSource$ConcatenatedByteSource                          : loaded 2 times (x 87B)
Class [Lcom.google.common.collect.AbstractIterator$State;                             : loaded 2 times (x 71B)
Class com.google.common.base.CharMatcher$None                                         : loaded 2 times (x 114B)
Class com.google.common.collect.Ordering                                              : loaded 2 times (x 116B)
Class [Lcom.android.ide.common.repository.AgpVersion$PreviewKind;                     : loaded 2 times (x 71B)
Class kotlin.io.FileTreeWalk$FileTreeWalkIterator                                     : loaded 2 times (x 85B)
Class [Lkotlin.reflect.jvm.internal.impl.types.model.TypeParameterMarker;             : loaded 2 times (x 71B)
Class kotlin.reflect.jvm.internal.impl.load.kotlin.header.ReadKotlinClassHeaderAnnotationVisitor$KotlinMetadataArgumentVisitor$1: loaded 2 times (x 87B)
Class kotlin.reflect.jvm.internal.impl.load.java.structure.JavaElement                : loaded 2 times (x 72B)
Class kotlin.reflect.jvm.internal.impl.metadata.ProtoBuf$EnumEntry                    : loaded 2 times (x 103B)
Class kotlin.reflect.jvm.internal.impl.metadata.ProtoBuf$Function$1                   : loaded 2 times (x 89B)
Class [Lkotlin.reflect.jvm.internal.impl.protobuf.WireFormat$FieldType;               : loaded 2 times (x 71B)
Class kotlin.reflect.jvm.internal.impl.load.kotlin.JavaFlexibleTypeDeserializer       : loaded 2 times (x 76B)
Class [Lcom.google.common.collect.ImmutableMapEntry;                                  : loaded 2 times (x 71B)
Class com.android.builder.model.v2.models.AndroidDsl                                  : loaded 2 times (x 72B)
Class org.gradle.tooling.internal.gradle.DefaultProjectIdentifier                     : loaded 2 times (x 88B)
Class kotlin.coroutines.ContinuationInterceptor                                       : loaded 2 times (x 72B)
Class kotlin.reflect.jvm.internal.impl.load.java.typeEnhancement.TypeComponentPosition: loaded 2 times (x 81B)
Class kotlin.reflect.jvm.internal.impl.metadata.jvm.JvmProtoBuf$StringTableTypes$Record$Operation: loaded 2 times (x 84B)
Class kotlin.reflect.jvm.internal.impl.load.kotlin.header.ReadKotlinClassHeaderAnnotationVisitor$KotlinMetadataArgumentVisitor$2: loaded 2 times (x 87B)
Class kotlin.reflect.jvm.internal.impl.builtins.jvm.JvmBuiltInClassDescriptorFactory$Companion: loaded 2 times (x 73B)
Class kotlin.reflect.jvm.internal.impl.metadata.jvm.JvmProtoBuf$JvmFieldSignature$1   : loaded 2 times (x 89B)
Class kotlin.reflect.jvm.internal.impl.descriptors.Visibility                         : loaded 2 times (x 77B)
Class kotlin.reflect.jvm.internal.impl.serialization.deserialization.ContractDeserializer$Companion$DEFAULT$1: loaded 2 times (x 76B)
Class kotlin.reflect.jvm.internal.impl.load.java.typeEnhancement.JavaTypeEnhancement  : loaded 2 times (x 74B)
Class com.google.common.collect.CollectSpliterators$1WithCharacteristics              : loaded 2 times (x 92B)
Class com.google.common.collect.ListMultimap                                          : loaded 2 times (x 72B)
Class com.google.common.collect.ImmutableEnumMap                                      : loaded 2 times (x 128B)
Class com.android.ide.common.gradle.Numeric                                           : loaded 2 times (x 79B)
Class com.google.common.collect.ComparatorOrdering                                    : loaded 2 times (x 117B)
Class kotlin.jvm.internal.AdaptedFunctionReference                                    : loaded 2 times (x 79B)
Class org.jetbrains.kotlin.incremental.ClasspathChanges                               : loaded 2 times (x 73B)
Class kotlin.jvm.internal.ArrayIteratorKt                                             : loaded 2 times (x 73B)
Class kotlin.reflect.jvm.internal.impl.protobuf.ExtensionRegistryLite$ObjectIntPair   : loaded 2 times (x 74B)
Class kotlin.reflect.jvm.internal.impl.metadata.ProtoBuf$TypeParameter$Variance$1     : loaded 2 times (x 76B)
Class kotlin.reflect.jvm.internal.impl.descriptors.impl.ModuleAwareClassDescriptor$Companion: loaded 2 times (x 73B)
Class kotlin.reflect.jvm.internal.impl.renderer.DescriptorRenderer                    : loaded 2 times (x 80B)
Class kotlin.reflect.jvm.internal.impl.resolve.ExternalOverridabilityCondition        : loaded 2 times (x 72B)
Class kotlin.reflect.jvm.internal.impl.types.UnwrappedType                            : loaded 2 times (x 86B)
Class kotlin.reflect.KProperty$Accessor                                               : loaded 2 times (x 72B)
Class [Lkotlin.reflect.KCallable;                                                     : loaded 2 times (x 71B)
Class com.google.common.collect.Iterators$EmptyModifiableIterator                     : loaded 2 times (x 88B)
Class com.google.common.base.Splitter                                                 : loaded 2 times (x 74B)
Class com.google.common.collect.ImmutableSet$SerializedForm                           : loaded 2 times (x 75B)
Class com.google.common.collect.Sets$1                                                : loaded 2 times (x 143B)
Class org.objectweb.asm.AnnotationVisitor                                             : loaded 2 times (x 80B)
Class org.gradle.api.internal.DefaultClassPathProvider                                : loaded 2 times (x 78B)
Class com.google.common.collect.NaturalOrdering                                       : loaded 2 times (x 117B)
Class com.android.builder.model.v2.models.BasicAndroidProject                         : loaded 2 times (x 72B)
Class org.gradle.tooling.ToolingModelContract                                         : loaded 2 times (x 72B)
Class org.jetbrains.kotlin.build.report.metrics.COMPILER_INITIALIZATION               : loaded 2 times (x 74B)
Class kotlin.collections.builders.MapBuilder$EntryRef                                 : loaded 2 times (x 83B)
Class org.jetbrains.kotlin.cli.common.arguments.ArgumentsInfo                         : loaded 2 times (x 74B)
Class [Lorg.jetbrains.kotlin.cli.common.arguments.Enables;                            : loaded 2 times (x 71B)
Class kotlin.reflect.jvm.internal.impl.types.IntersectionTypeConstructor              : loaded 2 times (x 84B)
Class [Lkotlin.reflect.jvm.internal.impl.load.java.typeEnhancement.MutabilityQualifier;: loaded 2 times (x 71B)
Class kotlin.sequences.SequencesKt__SequencesKt$sequenceOf$$inlined$Sequence$1        : loaded 2 times (x 77B)
Class kotlin.reflect.jvm.internal.impl.descriptors.impl.ModuleAwareClassDescriptorKt  : loaded 2 times (x 73B)
Class kotlin.reflect.jvm.internal.impl.serialization.deserialization.descriptors.DeserializedClassDescriptor$memberScopeHolder$1: loaded 2 times (x 131B)
Class kotlin.reflect.jvm.internal.impl.descriptors.DeserializedDescriptor             : loaded 2 times (x 72B)
Class kotlin.reflect.jvm.internal.impl.metadata.ProtoBuf$VersionRequirementTable$1    : loaded 2 times (x 89B)
Class kotlin.reflect.jvm.internal.impl.protobuf.FieldSet$FieldDescriptorLite          : loaded 2 times (x 72B)
Class kotlin.reflect.jvm.internal.impl.load.java.lazy.types.JavaTypeAttributes        : loaded 2 times (x 74B)
Class kotlin.reflect.jvm.internal.impl.types.checker.KotlinTypePreparator$Default     : loaded 2 times (x 75B)
Class kotlin.reflect.jvm.internal.impl.builtins.jvm.JavaToKotlinClassMap$PlatformMutabilityMapping: loaded 2 times (x 74B)
Class [Lcom.google.common.base.Function;                                              : loaded 2 times (x 71B)
Class com.google.common.collect.MapMakerInternalMap$Strength$1                        : loaded 2 times (x 82B)
Class com.google.common.collect.Maps$ViewCachingAbstractMap                           : loaded 2 times (x 127B)
Class com.google.common.collect.Sets$2                                                : loaded 2 times (x 143B)
Class [Lorg.gradle.api.internal.ClassPathProvider;                                    : loaded 2 times (x 71B)
Class org.gradle.api.internal.ClassPathProvider                                       : loaded 2 times (x 72B)
Class org.jetbrains.kotlin.build.report.metrics.GradleBuildPerformanceMetric          : loaded 2 times (x 74B)
Class org.jetbrains.kotlin.cli.common.CompilerSystemProperties                        : loaded 2 times (x 81B)
Class org.jetbrains.kotlin.cli.common.arguments.Argument                              : loaded 2 times (x 72B)
Class kotlin.reflect.jvm.internal.impl.load.java.SpecialGenericSignatures$TypeSafeBarrierDescription: loaded 2 times (x 81B)
Class kotlin.reflect.jvm.internal.impl.types.model.TypeSystemCommonSuperTypesContext  : loaded 2 times (x 72B)
Class kotlin.reflect.jvm.internal.impl.load.java.structure.LightClassOriginKind       : loaded 2 times (x 81B)
Class kotlin.reflect.jvm.internal.impl.serialization.SerializerExtensionProtocol      : loaded 2 times (x 74B)
Class kotlin.reflect.jvm.internal.impl.builtins.KotlinBuiltIns                        : loaded 2 times (x 115B)
Class kotlin.reflect.jvm.internal.impl.descriptors.runtime.components.ReflectJavaClassFinder: loaded 2 times (x 79B)
Class kotlin.jvm.functions.Function20                                                 : loaded 2 times (x 72B)
Class com.google.common.reflect.Types$ClassOwnership$1                                : loaded 2 times (x 82B)
Class com.google.common.collect.MapMakerInternalMap$Strength$2                        : loaded 2 times (x 82B)
Class com.google.common.base.AbstractIterator$State                                   : loaded 2 times (x 81B)
Class [Lorg.objectweb.asm.AnnotationVisitor;                                          : loaded 2 times (x 71B)
Class com.google.common.collect.Sets$3                                                : loaded 2 times (x 143B)
Class com.google.common.cache.LocalCache$LocalLoadingCache                            : loaded 2 times (x 136B)
Class org.gradle.internal.service.UnknownServiceException                             : loaded 2 times (x 85B)
Class kotlin.reflect.jvm.internal.calls.CallerImpl$Constructor                        : loaded 2 times (x 83B)
Class kotlin.reflect.jvm.internal.impl.load.java.descriptors.JavaMethodDescriptor     : loaded 2 times (x 208B)
Class kotlin.reflect.jvm.internal.impl.descriptors.impl.FunctionDescriptorImpl$CopyConfiguration: loaded 2 times (x 139B)
Class kotlin.reflect.jvm.internal.impl.serialization.deserialization.ProtoBasedClassDataFinder: loaded 2 times (x 77B)
Class kotlin.reflect.jvm.internal.impl.metadata.ProtoBuf$Annotation$ArgumentOrBuilder : loaded 2 times (x 72B)
Class kotlin.reflect.jvm.internal.impl.resolve.scopes.DescriptorKindFilter            : loaded 2 times (x 74B)
Class [Lkotlin.reflect.jvm.internal.impl.metadata.jvm.JvmProtoBuf$StringTableTypes$Record$Operation;: loaded 2 times (x 71B)
Class kotlin.reflect.jvm.internal.impl.load.java.lazy.descriptors.LazyJavaPackageScope: loaded 2 times (x 106B)
Class kotlin.reflect.jvm.internal.impl.load.java.lazy.descriptors.LazyJavaStaticScope : loaded 2 times (x 106B)
Class [Lkotlin.reflect.jvm.internal.impl.descriptors.deserialization.ClassDescriptorFactory;: loaded 2 times (x 71B)
Class [Lkotlin.reflect.jvm.internal.impl.descriptors.ClassKind;                       : loaded 2 times (x 71B)
Class kotlin.reflect.jvm.internal.impl.descriptors.PackageViewDescriptor              : loaded 2 times (x 72B)
Class kotlin.reflect.jvm.internal.impl.types.TypeSubstitution$Companion               : loaded 2 times (x 73B)
Class kotlin.reflect.jvm.internal.impl.load.java.lazy.TypeParameterResolver$EMPTY     : loaded 2 times (x 76B)
Class kotlin.reflect.jvm.internal.impl.types.KotlinType                               : loaded 2 times (x 83B)
Class kotlin.jvm.functions.Function21                                                 : loaded 2 times (x 72B)
Class kotlin.reflect.jvm.internal.impl.name.ClassId                                   : loaded 2 times (x 74B)
Class com.google.common.reflect.Types$ClassOwnership$2                                : loaded 2 times (x 82B)
Class com.google.common.reflect.TypeResolver                                          : loaded 2 times (x 74B)
Class com.google.common.io.ByteArrayDataInput                                         : loaded 2 times (x 72B)
Class com.google.common.collect.MapMakerInternalMap$StrongValueEntry                  : loaded 2 times (x 72B)
Class com.google.common.collect.Sets$4                                                : loaded 2 times (x 143B)
Class org.objectweb.asm.ModuleVisitor                                                 : loaded 2 times (x 83B)
Class com.google.common.cache.LocalCache$Strength$1                                   : loaded 2 times (x 83B)
Class org.gradle.api.JavaVersion                                                      : loaded 2 times (x 81B)
Class org.gradle.tooling.model.Dependency                                             : loaded 2 times (x 72B)
Class kotlin.annotation.AnnotationRetention                                           : loaded 2 times (x 81B)
Class kotlin.collections.MapWithDefault                                               : loaded 2 times (x 72B)
Class kotlin.coroutines.jvm.internal.SuspendLambda                                    : loaded 2 times (x 93B)
Class kotlin.coroutines.jvm.internal.ContinuationImpl                                 : loaded 2 times (x 89B)
Class org.jetbrains.kotlin.cli.common.messages.CompilerMessageSeverity                : loaded 2 times (x 81B)
Class kotlin.collections.builders.MapBuilderEntries                                   : loaded 2 times (x 147B)
Class kotlin.reflect.jvm.internal.impl.types.RawType                                  : loaded 2 times (x 72B)
Class kotlin.reflect.jvm.internal.impl.metadata.jvm.deserialization.BitEncoding       : loaded 2 times (x 73B)
Class kotlin.reflect.jvm.internal.impl.serialization.deserialization.ErrorReporter$1  : loaded 2 times (x 77B)
Class kotlin.reflect.jvm.internal.impl.protobuf.Internal$EnumLiteMap                  : loaded 2 times (x 72B)
Class kotlin.reflect.jvm.internal.impl.metadata.ProtoBuf$Constructor$1                : loaded 2 times (x 89B)
Class kotlin.reflect.jvm.internal.impl.protobuf.GeneratedMessageLite                  : loaded 2 times (x 95B)
Class kotlin.reflect.jvm.internal.impl.renderer.ExcludedTypeAnnotations               : loaded 2 times (x 73B)
Class kotlin.reflect.jvm.internal.impl.serialization.deserialization.DeserializationConfiguration$Default: loaded 2 times (x 81B)
Class kotlin.reflect.jvm.internal.impl.load.kotlin.JavaClassDataFinder                : loaded 2 times (x 77B)
Class kotlin.reflect.jvm.internal.impl.load.java.JavaTypeEnhancementState             : loaded 2 times (x 74B)
Class kotlin.reflect.jvm.internal.impl.descriptors.impl.DeclarationDescriptorImpl     : loaded 2 times (x 90B)
Class [Lkotlin.reflect.jvm.internal.impl.storage.LockBasedStorageManager$NotValue;    : loaded 2 times (x 71B)
Class kotlin.reflect.jvm.internal.impl.descriptors.ModuleDescriptor                   : loaded 2 times (x 72B)
Class kotlin.jvm.functions.Function22                                                 : loaded 2 times (x 72B)
Class com.google.common.reflect.Types$ClassOwnership$3                                : loaded 2 times (x 73B)
Class com.google.common.collect.Collections2$FilteredCollection                       : loaded 2 times (x 121B)
Class com.google.common.util.concurrent.SettableFuture                                : loaded 2 times (x 116B)
Class com.google.common.cache.LocalCache$Strength$2                                   : loaded 2 times (x 83B)
Class com.android.builder.model.v2.ide.AbstractArtifact                               : loaded 2 times (x 72B)
Class com.google.common.collect.AllEqualOrdering                                      : loaded 2 times (x 116B)
Class kotlin.reflect.jvm.internal.impl.metadata.jvm.deserialization.JvmMemberSignature$Field: loaded 2 times (x 77B)
Class kotlin.reflect.jvm.internal.calls.Caller                                        : loaded 2 times (x 72B)
Class kotlin.reflect.jvm.internal.impl.load.java.JavaDescriptorVisibilities$1         : loaded 2 times (x 78B)
Class [Lkotlin.reflect.jvm.internal.impl.load.java.typeEnhancement.TypeComponentPosition;: loaded 2 times (x 71B)
Class kotlin.reflect.jvm.internal.impl.load.java.components.JavaAnnotationMapper      : loaded 2 times (x 73B)
Class kotlin.reflect.jvm.internal.impl.resolve.scopes.receivers.ThisClassReceiver     : loaded 2 times (x 72B)
Class kotlin.reflect.jvm.internal.impl.serialization.deserialization.MemberDeserializer: loaded 2 times (x 74B)
Class kotlin.reflect.jvm.internal.impl.serialization.deserialization.ClassDeserializer: loaded 2 times (x 74B)
Class kotlin.reflect.jvm.internal.impl.types.KotlinTypeFactory$EMPTY_REFINED_TYPE_FACTORY$1: loaded 2 times (x 80B)
Class kotlin.reflect.jvm.internal.impl.utils.WrappedValues                            : loaded 2 times (x 73B)
Class kotlin.reflect.jvm.internal.impl.descriptors.ModuleCapability                   : loaded 2 times (x 74B)
Class kotlin.reflect.jvm.internal.impl.storage.LockBasedStorageManager$ExceptionHandlingStrategy: loaded 2 times (x 72B)
Class kotlin.reflect.KTypeParameter                                                   : loaded 2 times (x 72B)
Class [Lcom.google.common.collect.Maps$EntryFunction;                                 : loaded 2 times (x 71B)
Class com.google.common.collect.TransformedIterator                                   : loaded 2 times (x 82B)
Class com.google.common.io.ByteStreams                                                : loaded 2 times (x 73B)
Class com.google.common.collect.Interners$InternerImpl                                : loaded 2 times (x 77B)
Class com.google.common.base.Splitter$1                                               : loaded 2 times (x 79B)
Class com.google.common.collect.Interner                                              : loaded 2 times (x 72B)
Class com.google.common.cache.LocalCache$Strength$3                                   : loaded 2 times (x 83B)
Class com.google.common.collect.MapDifference                                         : loaded 2 times (x 72B)
Class org.jetbrains.kotlin.build.report.metrics.SHRINK_AND_SAVE_CURRENT_CLASSPATH_SNAPSHOT_AFTER_COMPILATION: loaded 2 times (x 74B)
Class kotlin.reflect.jvm.internal.impl.load.java.JavaDescriptorVisibilities$2         : loaded 2 times (x 78B)
Class kotlin.reflect.jvm.internal.impl.types.TypeCheckerState                         : loaded 2 times (x 77B)
Class kotlin.reflect.jvm.internal.impl.types.IndexedParametersSubstitution            : loaded 2 times (x 80B)
Class kotlin.reflect.jvm.internal.impl.load.java.structure.JavaClass                  : loaded 2 times (x 72B)
Class kotlin.reflect.jvm.internal.impl.descriptors.impl.AbstractReceiverParameterDescriptor: loaded 2 times (x 139B)
Class kotlin.reflect.jvm.internal.impl.descriptors.DescriptorVisibility               : loaded 2 times (x 77B)
Class kotlin.reflect.jvm.internal.impl.descriptors.Modality$Companion                 : loaded 2 times (x 73B)
Class kotlin.reflect.jvm.internal.impl.load.kotlin.DeserializedDescriptorResolver$Companion: loaded 2 times (x 73B)
Class kotlin._Assertions                                                              : loaded 2 times (x 73B)
Class com.google.common.reflect.Invokable                                             : loaded 2 times (x 105B)
Class com.google.common.collect.MapMaker$Dummy                                        : loaded 2 times (x 81B)
Class org.objectweb.asm.FieldWriter                                                   : loaded 2 times (x 79B)
Class com.google.common.cache.CacheBuilder$NullListener                               : loaded 2 times (x 84B)
Class org.gradle.internal.classpath.TransformedClassPath                              : loaded 2 times (x 101B)
Class org.gradle.internal.classloader.InstrumentingClassLoader                        : loaded 2 times (x 72B)
Class org.jetbrains.kotlin.com.google.common.base.Preconditions                       : loaded 2 times (x 73B)
Class org.jetbrains.kotlin.cli.common.environment.UtilKt                              : loaded 2 times (x 73B)
Class kotlin.reflect.jvm.KTypesJvm                                                    : loaded 2 times (x 73B)
Class [Lkotlin.annotation.AnnotationTarget;                                           : loaded 2 times (x 71B)
Class kotlin.reflect.jvm.internal.impl.load.java.JavaDescriptorVisibilities$3         : loaded 2 times (x 78B)
Class [Lkotlin.reflect.jvm.internal.impl.resolve.OverridingUtil$OverrideCompatibilityInfo$Result;: loaded 2 times (x 71B)
Class kotlin.reflect.jvm.internal.impl.metadata.ProtoBuf$QualifiedNameTable$QualifiedName: loaded 2 times (x 98B)
Class kotlin.reflect.jvm.internal.impl.load.java.lazy.LazyJavaAnnotations             : loaded 2 times (x 87B)
Class kotlin.reflect.jvm.internal.impl.descriptors.deserialization.ClassDescriptorFactory: loaded 2 times (x 72B)
Class kotlin.reflect.jvm.internal.impl.protobuf.GeneratedMessageLite$ExtendableMessage: loaded 2 times (x 101B)
Class [Lkotlin.reflect.jvm.internal.impl.renderer.AnnotationArgumentsRenderingPolicy; : loaded 2 times (x 71B)
Class kotlin.reflect.jvm.internal.impl.load.java.components.SignaturePropagator$1     : loaded 2 times (x 77B)
Class com.google.common.reflect.Types$ParameterizedTypeImpl                           : loaded 2 times (x 83B)
Class com.google.common.collect.Maps$IteratorBasedAbstractMap$1                       : loaded 2 times (x 140B)
Class com.google.common.collect.ImmutableListMultimap                                 : loaded 2 times (x 178B)
Class com.google.common.cache.CacheLoader$FunctionToCacheLoader                       : loaded 2 times (x 77B)
Class org.jetbrains.kotlin.incremental.IncrementalCompilationFeatures$Companion       : loaded 2 times (x 73B)
Class kotlin.collections.builders.ListBuilder$Companion                               : loaded 2 times (x 73B)
Class kotlin.collections.builders.ListBuilder                                         : loaded 2 times (x 209B)
Class kotlin.collections.builders.AbstractMapBuilderEntrySet                          : loaded 2 times (x 146B)
Class kotlin.reflect.jvm.internal.impl.descriptors.impl.LazyClassReceiverParameterDescriptor: loaded 2 times (x 139B)
Class kotlin.reflect.jvm.internal.impl.metadata.ProtoBuf$QualifiedNameTable$QualifiedName$Kind$1: loaded 2 times (x 76B)
Class kotlin.reflect.jvm.internal.impl.serialization.deserialization.ClassDeserializer$ClassKey: loaded 2 times (x 74B)
Class kotlin.reflect.jvm.internal.impl.metadata.ProtoBuf$Type$1                       : loaded 2 times (x 89B)
Class kotlin.reflect.jvm.internal.impl.descriptors.PropertySetterDescriptor           : loaded 2 times (x 72B)
Class kotlin.reflect.jvm.internal.impl.descriptors.impl.VariableDescriptorWithInitializerImpl: loaded 2 times (x 144B)
Class kotlin.reflect.jvm.internal.impl.renderer.DescriptorRendererOptionsImpl         : loaded 2 times (x 94B)
Class kotlin.reflect.jvm.internal.impl.load.java.JavaClassesTracker$Default           : loaded 2 times (x 76B)
Class kotlin.reflect.jvm.internal.impl.name.FqNamesUtilKt                             : loaded 2 times (x 73B)
Class com.google.common.reflect.TypeResolver$TypeVariableKey                          : loaded 2 times (x 74B)
Class com.google.common.collect.EmptyImmutableListMultimap                            : loaded 2 times (x 178B)
Class com.google.common.collect.BaseImmutableMultimap                                 : loaded 2 times (x 125B)
Class com.google.common.base.MoreObjects                                              : loaded 2 times (x 73B)
Class com.android.builder.model.v2.ide.TestInfo$Execution                             : loaded 2 times (x 81B)
Class org.jetbrains.kotlin.build.report.metrics.COMPILER_PERFORMANCE                  : loaded 2 times (x 74B)
Class org.jetbrains.kotlin.compilerRunner.OutputItemsCollectorImpl                    : loaded 2 times (x 79B)
Class [Lorg.jetbrains.kotlin.com.intellij.openapi.diagnostic.LogLevel;                : loaded 2 times (x 71B)
Class org.jetbrains.kotlin.cli.common.arguments.PreprocessCommandLineArgumentsKt      : loaded 2 times (x 73B)
Class kotlin.reflect.jvm.internal.impl.descriptors.java.JavaVisibilities$ProtectedStaticVisibility: loaded 2 times (x 77B)
Class kotlin.reflect.jvm.internal.impl.descriptors.Visibilities                       : loaded 2 times (x 73B)
Class kotlin.reflect.jvm.internal.impl.serialization.deserialization.descriptors.DeserializedClassDescriptor$DeserializedClassMemberScope$generateFakeOverrides$1: loaded 2 times (x 79B)
Class kotlin.reflect.jvm.internal.impl.serialization.deserialization.descriptors.DeserializedClassDescriptor$DeserializedClassTypeConstructor: loaded 2 times (x 99B)
Class kotlin.reflect.jvm.internal.impl.load.kotlin.header.ReadKotlinClassHeaderAnnotationVisitor$KotlinMetadataArgumentVisitor: loaded 2 times (x 88B)
Class kotlin.reflect.jvm.internal.impl.utils.SmartList                                : loaded 2 times (x 201B)
Class [Lkotlin.reflect.jvm.internal.impl.incremental.components.NoLookupLocation;     : loaded 2 times (x 71B)
Class kotlin.reflect.KProperty0                                                       : loaded 2 times (x 72B)
Class com.google.common.collect.Platform                                              : loaded 2 times (x 73B)
Class [Lorg.objectweb.asm.Type;                                                       : loaded 2 times (x 71B)
Class org.gradle.internal.service.ServiceLocator                                      : loaded 2 times (x 72B)
Class jdk.internal.jrtfs.JrtFileSystemProvider                                        : loaded 2 times (x 103B)
Class org.gradle.tooling.internal.adapter.ProtocolToModelAdapter$SupportedPropertyInvoker: loaded 2 times (x 78B)
Class org.gradle.tooling.model.UnsupportedMethodException                             : loaded 2 times (x 84B)
Class [Lkotlin.Function;                                                              : loaded 2 times (x 71B)
Class kotlin.reflect.jvm.internal.impl.load.java.SpecialGenericSignatures$Companion$NameAndSignature: loaded 2 times (x 74B)
Class kotlin.reflect.jvm.internal.impl.descriptors.impl.ValueParameterDescriptorImpl  : loaded 2 times (x 166B)
Class kotlin.reflect.jvm.internal.impl.load.java.structure.JavaTypeParameterListOwner : loaded 2 times (x 72B)
Class kotlin.reflect.jvm.internal.impl.metadata.deserialization.NameResolverImpl      : loaded 2 times (x 79B)
Class kotlin.reflect.jvm.internal.impl.metadata.deserialization.VersionSpecificBehaviorKt: loaded 2 times (x 73B)
Class [Lkotlin.reflect.jvm.internal.impl.descriptors.impl.DeclarationDescriptorImpl;  : loaded 2 times (x 71B)
Class [Lkotlin.reflect.jvm.internal.impl.metadata.ProtoBuf$Annotation$Argument$Value$Type;: loaded 2 times (x 71B)
Class kotlin.reflect.jvm.internal.impl.metadata.jvm.JvmProtoBuf$JvmFieldSignature     : loaded 2 times (x 98B)
Class kotlin.reflect.jvm.internal.impl.protobuf.SmallSortedMap                        : loaded 2 times (x 130B)
Class kotlin.reflect.jvm.internal.impl.protobuf.LazyField                             : loaded 2 times (x 79B)
Class kotlin.reflect.jvm.internal.impl.storage.DefaultSimpleLock                      : loaded 2 times (x 80B)
Class kotlin.reflect.KClass                                                           : loaded 2 times (x 72B)
Class kotlin.reflect.KProperty1                                                       : loaded 2 times (x 72B)
Class com.google.common.base.Ascii                                                    : loaded 2 times (x 73B)
Class com.google.common.collect.SingletonImmutableBiMap                               : loaded 2 times (x 145B)
Class com.google.common.cache.LocalCache$1                                            : loaded 2 times (x 91B)
Class com.google.common.collect.AbstractMapEntry                                      : loaded 2 times (x 83B)
Class com.android.builder.model.v2.ide.BytecodeTransformation                         : loaded 2 times (x 81B)
Class kotlin.reflect.jvm.internal.impl.load.java.structure.JavaPrimitiveType          : loaded 2 times (x 72B)
Class kotlin.reflect.jvm.internal.impl.serialization.deserialization.descriptors.DescriptorWithContainerSource: loaded 2 times (x 72B)
Class kotlin.sequences.GeneratorSequence$iterator$1                                   : loaded 2 times (x 81B)
Class kotlin.io.CloseableKt                                                           : loaded 2 times (x 73B)
Class kotlin.reflect.jvm.internal.impl.metadata.ProtoBuf$Annotation$Argument$Value$Builder: loaded 2 times (x 93B)
Class kotlin.reflect.jvm.internal.impl.metadata.jvm.JvmProtoBuf$StringTableTypes      : loaded 2 times (x 98B)
Class kotlin.reflect.jvm.internal.impl.descriptors.Visibilities$Inherited             : loaded 2 times (x 77B)
Class kotlin.reflect.jvm.internal.impl.load.java.NullabilityAnnotationStates$Companion: loaded 2 times (x 73B)
Class kotlin.reflect.jvm.internal.impl.load.kotlin.KotlinClassFinder                  : loaded 2 times (x 72B)
Class kotlin.reflect.KProperty2                                                       : loaded 2 times (x 72B)
Class com.google.common.collect.AbstractSetMultimap                                   : loaded 2 times (x 175B)
Class com.google.common.reflect.TypeToken$SimpleTypeToken                             : loaded 2 times (x 75B)
Class com.google.common.io.ByteSource$ByteArrayByteSource                             : loaded 2 times (x 87B)
Class com.google.common.collect.MapMakerInternalMap$AbstractStrongKeyEntry            : loaded 2 times (x 82B)
Class com.google.common.collect.Sets$ImprovedAbstractSet                              : loaded 2 times (x 137B)
Class com.google.common.collect.AbstractMultimap                                      : loaded 2 times (x 125B)
Class com.google.common.cache.LocalCache$2                                            : loaded 2 times (x 144B)
Class com.android.builder.model.v2.ide.CodeShrinker                                   : loaded 2 times (x 81B)
Class kotlin.coroutines.CoroutineContext$Element                                      : loaded 2 times (x 72B)
Class org.jetbrains.kotlin.build.report.metrics.ValueType                             : loaded 2 times (x 81B)
Class kotlin.reflect.jvm.internal.impl.resolve.DescriptorFactory                      : loaded 2 times (x 73B)
Class kotlin.reflect.jvm.internal.impl.metadata.ProtoBuf$Annotation$Argument$1        : loaded 2 times (x 89B)
Class kotlin.reflect.jvm.internal.impl.types.SimpleTypeImpl                           : loaded 2 times (x 91B)
Class kotlin.reflect.jvm.internal.impl.renderer.DescriptorRendererImpl                : loaded 2 times (x 101B)
Class kotlin.reflect.jvm.internal.impl.renderer.DescriptorRenderer$Companion          : loaded 2 times (x 73B)
Class kotlin.reflect.jvm.internal.impl.storage.LockBasedStorageManager$MapBasedMemoizedFunctionToNotNull: loaded 2 times (x 86B)
Class kotlin.reflect.jvm.internal.impl.utils.CollectionsKt                            : loaded 2 times (x 73B)
Class org.gradle.tooling.model.kotlin.dsl.KotlinDslScriptModel                        : loaded 2 times (x 72B)
Class org.gradle.tooling.internal.adapter.CollectionMapper                            : loaded 2 times (x 75B)
Class org.jetbrains.kotlin.build.report.metrics.RUN_COMPILATION_IN_WORKER             : loaded 2 times (x 74B)
Class kotlin.io.LinesSequence$iterator$1                                              : loaded 2 times (x 81B)
Class kotlin.reflect.jvm.internal.impl.types.model.TypeSystemInferenceExtensionContext: loaded 2 times (x 72B)
Class [Lkotlin.reflect.jvm.internal.impl.descriptors.TypeParameterDescriptor;         : loaded 2 times (x 71B)
Class kotlin.reflect.jvm.internal.impl.serialization.deserialization.descriptors.DeserializedContainerAbiStability: loaded 2 times (x 81B)
Class [Lkotlin.reflect.jvm.internal.impl.metadata.ProtoBuf$Type$Argument$Projection;  : loaded 2 times (x 71B)
Class kotlin.reflect.jvm.internal.impl.descriptors.runtime.structure.ReflectJavaPackage: loaded 2 times (x 84B)
Class kotlin.reflect.jvm.internal.impl.serialization.deserialization.AnnotationAndConstantLoaderImpl: loaded 2 times (x 86B)
Class kotlin.reflect.jvm.internal.impl.metadata.ProtoBuf$Annotation$1                 : loaded 2 times (x 89B)
Class kotlin.reflect.jvm.internal.impl.resolve.scopes.MemberScope$Empty               : loaded 2 times (x 94B)
Class kotlin.reflect.jvm.internal.impl.storage.LockBasedStorageManager$LockBasedNotNullLazyValue: loaded 2 times (x 86B)
Class com.google.common.base.Optional                                                 : loaded 2 times (x 82B)
Class com.google.common.util.concurrent.AbstractFuture$Trusted                        : loaded 2 times (x 72B)
Class jdk.internal.jimage.ImageLocation                                               : loaded 2 times (x 92B)
Class [Lcom.android.builder.model.v2.ide.LibraryType;                                 : loaded 2 times (x 71B)
Class com.android.builder.model.v2.ide.LibraryType                                    : loaded 2 times (x 81B)
Class com.google.common.collect.ExplicitOrdering                                      : loaded 2 times (x 117B)
Class org.jetbrains.kotlin.config.Services                                            : loaded 2 times (x 74B)
Class kotlin.coroutines.ContinuationInterceptor$Key                                   : loaded 2 times (x 73B)
Class kotlin.text.DelimitedRangesSequence$iterator$1                                  : loaded 2 times (x 81B)
Class kotlin.reflect.jvm.internal.impl.descriptors.impl.PropertySetterDescriptorImpl  : loaded 2 times (x 193B)
Class kotlin.reflect.jvm.internal.impl.serialization.deserialization.AnnotatedCallableKind: loaded 2 times (x 81B)
Class kotlin.reflect.jvm.internal.impl.serialization.deserialization.ProtoEnumFlagsUtilsKt: loaded 2 times (x 73B)
Class kotlin.reflect.jvm.internal.impl.resolve.scopes.receivers.ReceiverValue         : loaded 2 times (x 72B)
Class kotlin.reflect.jvm.internal.impl.descriptors.impl.ClassDescriptorImpl           : loaded 2 times (x 177B)
Class kotlin.reflect.jvm.internal.impl.descriptors.CallableMemberDescriptor           : loaded 2 times (x 72B)
Class kotlin.reflect.jvm.internal.impl.descriptors.Modality                           : loaded 2 times (x 81B)
Class kotlin.reflect.jvm.internal.impl.descriptors.Substitutable                      : loaded 2 times (x 72B)
Class kotlin.reflect.jvm.internal.impl.storage.LockBasedStorageManager$NotValue       : loaded 2 times (x 81B)
Class kotlin.reflect.jvm.internal.ModuleByClassLoaderKt                               : loaded 2 times (x 73B)
Class com.google.common.io.ByteSink$AsCharSink                                        : loaded 2 times (x 82B)
Class com.google.common.util.concurrent.UncheckedExecutionException                   : loaded 2 times (x 84B)
Class org.gradle.tooling.internal.adapter.ProtocolToModelAdapter                      : loaded 2 times (x 82B)
Class org.jetbrains.kotlin.build.report.metrics.PRECISE_BACKUP_OUTPUT                 : loaded 2 times (x 74B)
Class kotlin.io.FileTreeWalk$FileTreeWalkIterator$WhenMappings                        : loaded 2 times (x 73B)
Class kotlin.collections.builders.MapBuilder$EntriesItr                               : loaded 2 times (x 83B)
Class kotlin.reflect.jvm.internal.impl.load.java.lazy.descriptors.JavaDescriptorUtilKt: loaded 2 times (x 73B)
Class kotlin.reflect.jvm.internal.impl.descriptors.DescriptorUtilKt                   : loaded 2 times (x 73B)
Class kotlin.reflect.jvm.internal.impl.resolve.MemberComparator$NameAndTypeMemberComparator: loaded 2 times (x 93B)
Class kotlin.reflect.jvm.internal.impl.renderer.DescriptorRendererModifier            : loaded 2 times (x 81B)
Class kotlin.reflect.jvm.internal.impl.resolve.constants.ConstantValue                : loaded 2 times (x 76B)
Class kotlin.reflect.jvm.internal.impl.load.java.lazy.ModuleClassResolver             : loaded 2 times (x 72B)
Class kotlin.reflect.jvm.internal.impl.descriptors.annotations.Annotations            : loaded 2 times (x 72B)
Class kotlin.reflect.jvm.internal.impl.descriptors.annotations.Annotated              : loaded 2 times (x 72B)
Class jdk.internal.jimage.ImageBufferCache$1                                          : loaded 2 times (x 84B)
Class com.android.ide.common.gradle.Separator                                         : loaded 2 times (x 81B)
Class com.android.builder.model.v2.ide.AndroidGradlePluginProjectFlags$BooleanFlag    : loaded 2 times (x 81B)
Class org.gradle.internal.time.DefaultTimer                                           : loaded 2 times (x 82B)
Class kotlin.DeprecationLevel                                                         : loaded 2 times (x 81B)
Class kotlin.time.DurationUnitKt__DurationUnitJvmKt                                   : loaded 2 times (x 73B)
Class kotlin.collections.builders.SetBuilder$Companion                                : loaded 2 times (x 73B)
Class kotlin.reflect.KClasses                                                         : loaded 2 times (x 73B)
Class org.jetbrains.kotlin.cli.common.arguments.Disables                              : loaded 2 times (x 72B)
Class kotlin.reflect.jvm.internal.impl.load.java.descriptors.JavaCallableMemberDescriptor: loaded 2 times (x 72B)
Class kotlin.collections.ArraysKt___ArraysKt$asSequence$$inlined$Sequence$1           : loaded 2 times (x 77B)
Class kotlin.reflect.jvm.internal.impl.metadata.jvm.JvmProtoBuf$JvmPropertySignature$Builder: loaded 2 times (x 93B)
Class kotlin.reflect.jvm.internal.impl.metadata.jvm.JvmProtoBuf$StringTableTypes$Record$Operation$1: loaded 2 times (x 76B)
Class kotlin.reflect.jvm.internal.impl.protobuf.AbstractMessageLite$Builder$LimitedInputStream: loaded 2 times (x 94B)
Class kotlin.reflect.jvm.internal.impl.load.java.lazy.types.JavaTypeResolver          : loaded 2 times (x 74B)
Class kotlin.reflect.jvm.internal.impl.descriptors.deserialization.AdditionalClassPartsProvider: loaded 2 times (x 72B)
Class kotlin.reflect.jvm.internal.impl.descriptors.runtime.components.RuntimeSourceElementFactory: loaded 2 times (x 76B)
Class kotlin.reflect.jvm.internal.ReflectionFactoryImpl                               : loaded 2 times (x 93B)
Class com.google.common.collect.HashMultimapGwtSerializationDependencies              : loaded 2 times (x 175B)
Class com.google.common.collect.AbstractMapBasedMultimap$KeySet$1                     : loaded 2 times (x 84B)
Class org.objectweb.asm.ClassWriter                                                   : loaded 2 times (x 107B)
Class com.google.common.cache.CacheLoader$UnsupportedLoadingOperationException        : loaded 2 times (x 84B)
Class jdk.internal.jimage.ImageBufferCache$2                                          : loaded 2 times (x 93B)
Class org.gradle.tooling.internal.adapter.ProtocolToModelAdapter$ViewKey              : loaded 2 times (x 74B)
Class org.jetbrains.kotlin.build.report.metrics.SNAPSHOT_SIZE                         : loaded 2 times (x 74B)
Class org.jetbrains.kotlin.build.report.metrics.LOAD_CLASSPATH_ENTRY_SNAPSHOT_CACHE_HITS: loaded 2 times (x 74B)
Class kotlin.coroutines.ContinuationKt                                                : loaded 2 times (x 73B)
Class kotlin.reflect.jvm.internal.impl.load.java.SpecialGenericSignatures$TypeSafeBarrierDescription$MAP_GET_OR_DEFAULT: loaded 2 times (x 81B)
Class kotlin.reflect.jvm.internal.impl.descriptors.runtime.structure.ReflectJavaType  : loaded 2 times (x 86B)
Class kotlin.collections.builders.ListBuilderKt                                       : loaded 2 times (x 73B)
Class kotlin.reflect.jvm.internal.impl.descriptors.ParameterDescriptor                : loaded 2 times (x 72B)
Class kotlin.reflect.jvm.internal.impl.serialization.deserialization.ContractDeserializer: loaded 2 times (x 72B)
Class kotlin.reflect.jvm.internal.WeakClassLoaderBox                                  : loaded 2 times (x 74B)
Class kotlin.reflect.jvm.internal.impl.builtins.StandardNames$FqNames                 : loaded 2 times (x 73B)
Class com.google.common.collect.FluentIterable$1                                      : loaded 2 times (x 83B)
Class org.objectweb.asm.FieldVisitor                                                  : loaded 2 times (x 79B)
Class com.google.common.collect.IndexedImmutableSet                                   : loaded 2 times (x 154B)
Class com.google.common.collect.ImmutableMap$1                                        : loaded 2 times (x 83B)
Class com.google.common.collect.BiMap                                                 : loaded 2 times (x 72B)
Class org.gradle.api.internal.classpath.DefaultModuleRegistry$DefaultModule           : loaded 2 times (x 84B)
Class com.android.builder.model.v2.CustomSourceDirectory                              : loaded 2 times (x 72B)
Class com.google.common.collect.NullsFirstOrdering                                    : loaded 2 times (x 117B)
Class com.android.ide.common.repository.AgpVersion                                    : loaded 2 times (x 77B)
Class org.gradle.tooling.internal.adapter.ProtocolToModelAdapter$PropertyCachingMethodInvoker: loaded 2 times (x 78B)
Class kotlin.reflect.jvm.internal.impl.descriptors.impl.PropertyGetterDescriptorImpl  : loaded 2 times (x 193B)
Class kotlin.reflect.jvm.internal.impl.types.TypeSubstitutor                          : loaded 2 times (x 81B)
Class kotlin.reflect.jvm.internal.impl.resolve.scopes.receivers.ImplicitReceiver      : loaded 2 times (x 72B)
Class kotlin.reflect.jvm.internal.impl.protobuf.SmallSortedMap$EntryIterator          : loaded 2 times (x 85B)
Class kotlin.reflect.jvm.internal.impl.serialization.deserialization.ProtoEnumFlags   : loaded 2 times (x 73B)
Class kotlin.reflect.jvm.internal.impl.descriptors.runtime.components.ReflectAnnotationSource: loaded 2 times (x 77B)
Class kotlin.reflect.jvm.internal.impl.storage.LockBasedStorageManager$KeyWithComputation: loaded 2 times (x 74B)
Class kotlin.reflect.jvm.internal.impl.metadata.ProtoBuf$Property                     : loaded 2 times (x 103B)
Class kotlin.reflect.jvm.internal.impl.descriptors.SupertypeLoopChecker$EMPTY         : loaded 2 times (x 76B)
Class com.google.common.reflect.Reflection                                            : loaded 2 times (x 73B)
Class com.google.common.base.Absent                                                   : loaded 2 times (x 82B)
Class com.google.common.collect.FluentIterable$2                                      : loaded 2 times (x 83B)
Class com.google.common.primitives.Ints                                               : loaded 2 times (x 73B)
Class com.android.builder.model.v2.models.ProjectSyncIssues                           : loaded 2 times (x 72B)
Class org.gradle.internal.time.DefaultCountdownTimer                                  : loaded 2 times (x 90B)
Class kotlin.reflect.jvm.internal.impl.metadata.ProtoBuf$Visibility                   : loaded 2 times (x 84B)
Class kotlin.collections.IndexingIterable                                             : loaded 2 times (x 81B)
Class kotlin.reflect.jvm.internal.impl.builtins.jvm.JvmBuiltInClassDescriptorFactory  : loaded 2 times (x 79B)
Class kotlin.reflect.jvm.internal.impl.metadata.ProtoBuf$ConstructorOrBuilder         : loaded 2 times (x 72B)
Class kotlin.reflect.jvm.internal.impl.types.TypeSubstitution                         : loaded 2 times (x 79B)
Class kotlin.reflect.jvm.internal.impl.load.java.typeEnhancement.SignatureEnhancement : loaded 2 times (x 74B)
Class kotlin.reflect.jvm.internal.impl.load.java.NullabilityAnnotationStatesImpl      : loaded 2 times (x 77B)
Class com.google.common.collect.FluentIterable$3                                      : loaded 2 times (x 83B)
Class com.google.common.collect.ObjectArrays                                          : loaded 2 times (x 73B)
Class com.google.common.math.MathPreconditions                                        : loaded 2 times (x 73B)
Class com.google.common.collect.Multiset                                              : loaded 2 times (x 72B)
Class com.google.common.collect.ArrayListMultimapGwtSerializationDependencies         : loaded 2 times (x 173B)
Class org.gradle.tooling.internal.adapter.ProtocolToModelAdapter$AdaptingMethodInvoker: loaded 2 times (x 78B)
Class org.gradle.tooling.internal.gradle.DefaultBuildIdentifier                       : loaded 2 times (x 81B)
Class kotlin.reflect.jvm.internal.impl.metadata.jvm.JvmProtoBuf$StringTableTypes$Record: loaded 2 times (x 98B)
Class kotlin.reflect.jvm.internal.impl.metadata.ProtoBuf$Annotation$Argument$Value$Type: loaded 2 times (x 84B)
Class kotlin.reflect.jvm.internal.impl.types.ClassTypeConstructorImpl                 : loaded 2 times (x 99B)
Class kotlin.reflect.jvm.internal.impl.builtins.jvm.JavaToKotlinClassMap              : loaded 2 times (x 73B)
Class kotlin.reflect.jvm.internal.KotlinReflectionInternalError                       : loaded 2 times (x 84B)
Class com.google.common.collect.ImmutableMapEntrySet                                  : loaded 2 times (x 154B)
Class org.gradle.api.internal.classpath.Module                                        : loaded 2 times (x 72B)
Class kotlinx.coroutines.flow.Flow                                                    : loaded 2 times (x 72B)
Class org.jetbrains.kotlin.cli.common.arguments.Disables$Container                    : loaded 2 times (x 72B)
Class kotlin.reflect.jvm.internal.impl.resolve.OverridingStrategy                     : loaded 2 times (x 77B)
Class kotlin.reflect.jvm.internal.impl.metadata.ProtoBuf$QualifiedNameTable$1         : loaded 2 times (x 89B)
Class kotlin.reflect.jvm.internal.impl.protobuf.RopeByteString                        : loaded 2 times (x 101B)
Class kotlin.reflect.jvm.internal.impl.incremental.UtilsKt                            : loaded 2 times (x 73B)
Class kotlin.reflect.jvm.internal.impl.metadata.jvm.JvmProtoBuf$JvmMethodSignatureOrBuilder: loaded 2 times (x 72B)
Class kotlin.reflect.jvm.internal.impl.resolve.sam.SamConversionResolver              : loaded 2 times (x 72B)
Class kotlin.KotlinVersion                                                            : loaded 2 times (x 76B)
Class kotlin.reflect.jvm.internal.impl.builtins.jvm.JvmBuiltIns                       : loaded 2 times (x 115B)
Class kotlin.reflect.KMutableProperty                                                 : loaded 2 times (x 72B)
Class com.google.common.cache.Weigher                                                 : loaded 2 times (x 72B)
Class org.gradle.api.internal.classpath.UnknownModuleException                        : loaded 2 times (x 84B)
Class jdk.internal.jimage.ImageHeader                                                 : loaded 2 times (x 73B)
Class kotlin.sequences.DistinctIterator                                               : loaded 2 times (x 85B)
Class org.jetbrains.kotlin.config.Services$Companion                                  : loaded 2 times (x 73B)
Class org.jetbrains.kotlin.config.ApiVersion                                          : loaded 2 times (x 88B)
Class kotlin.reflect.jvm.internal.impl.protobuf.CodedOutputStream$OutOfSpaceException : loaded 2 times (x 84B)
Class kotlin.reflect.jvm.internal.impl.load.kotlin.KotlinJvmBinaryClass$AnnotationVisitor: loaded 2 times (x 72B)
Class kotlin.reflect.jvm.internal.impl.protobuf.SmallSortedMap$EmptySet$1             : loaded 2 times (x 80B)
Class kotlin.reflect.jvm.internal.impl.protobuf.FieldSet                              : loaded 2 times (x 74B)
Class kotlin.reflect.jvm.internal.impl.descriptors.ConstructorDescriptor              : loaded 2 times (x 72B)
Class kotlin.reflect.jvm.internal.impl.storage.LockBasedStorageManager$ExceptionHandlingStrategy$1: loaded 2 times (x 76B)
Class kotlin.jvm.internal.PropertyReference                                           : loaded 2 times (x 121B)
Class com.google.common.base.Stopwatch                                                : loaded 2 times (x 74B)
Class com.google.common.cache.LocalCache$Strength                                     : loaded 2 times (x 83B)
Class com.google.common.cache.Cache                                                   : loaded 2 times (x 72B)
Class org.jetbrains.kotlin.build.report.metrics.BuildMetricsReporter                  : loaded 2 times (x 72B)
Class kotlin.reflect.KProperty1$Getter                                                : loaded 2 times (x 72B)
Class kotlin.reflect.jvm.internal.impl.types.AbstractTypeChecker                      : loaded 2 times (x 73B)
Class [Lkotlin.reflect.jvm.internal.impl.descriptors.DeclarationDescriptorNonRoot;    : loaded 2 times (x 71B)
Class kotlin.reflect.jvm.internal.impl.storage.SingleThreadValue                      : loaded 2 times (x 76B)
Class kotlin.reflect.jvm.internal.impl.serialization.deserialization.descriptors.NonEmptyDeserializedAnnotations: loaded 2 times (x 91B)
Class kotlin.reflect.jvm.internal.impl.serialization.deserialization.ProtoEnumFlags$WhenMappings: loaded 2 times (x 73B)
Class kotlin.collections.IndexingIterator                                             : loaded 2 times (x 81B)
Class kotlin.reflect.jvm.internal.impl.metadata.ProtoBuf$PackageOrBuilder             : loaded 2 times (x 72B)
Class kotlin.reflect.jvm.internal.impl.protobuf.SmallSortedMap$EmptySet$2             : loaded 2 times (x 80B)
Class kotlin.reflect.jvm.internal.impl.descriptors.ClassifierDescriptorWithTypeParameters: loaded 2 times (x 72B)
Class com.google.common.io.AppendableWriter                                           : loaded 2 times (x 101B)
Class com.google.common.base.NullnessCasts                                            : loaded 2 times (x 73B)
Class com.google.common.util.concurrent.AbstractFuture$Cancellation                   : loaded 2 times (x 74B)
Class com.google.common.collect.ImmutableMap$Builder                                  : loaded 2 times (x 84B)
Class org.gradle.tooling.internal.gradle.GradleProjectIdentity                        : loaded 2 times (x 72B)
Class org.jetbrains.kotlin.incremental.IncrementalModuleInfo                          : loaded 2 times (x 74B)
Class kotlin.reflect.jvm.internal.impl.load.java.typeEnhancement.JavaTypeQualifiers$Companion: loaded 2 times (x 73B)
Class kotlin.reflect.jvm.internal.impl.load.java.typeEnhancement.JavaTypeQualifiers   : loaded 2 times (x 74B)
Class kotlin.reflect.jvm.internal.impl.metadata.deserialization.Flags                 : loaded 2 times (x 73B)
Class kotlin.reflect.jvm.internal.impl.metadata.ProtoBuf$TypeParameter                : loaded 2 times (x 103B)
Class kotlin.reflect.jvm.internal.impl.metadata.ProtoBuf$Annotation                   : loaded 2 times (x 98B)
Class [Lkotlin.reflect.jvm.internal.impl.descriptors.DescriptorVisibility;            : loaded 2 times (x 71B)
Class kotlin.reflect.jvm.internal.impl.descriptors.VariableDescriptor                 : loaded 2 times (x 72B)
Class kotlin.reflect.jvm.internal.impl.descriptors.PackageFragmentProvider            : loaded 2 times (x 72B)
Class kotlin.reflect.jvm.internal.impl.load.java.JavaNullabilityAnnotationsStatus     : loaded 2 times (x 74B)
Class [Lkotlin.reflect.jvm.internal.impl.builtins.PrimitiveType;                      : loaded 2 times (x 71B)
Class kotlin.reflect.jvm.internal.impl.builtins.StandardNames                         : loaded 2 times (x 73B)
Class kotlin.reflect.jvm.internal.ReflectProperties$LazySoftVal                       : loaded 2 times (x 80B)
Class [Lkotlin.reflect.KAnnotatedElement;                                             : loaded 2 times (x 71B)
Class com.google.common.collect.AbstractMapBasedMultimap$WrappedCollection$WrappedIterator: loaded 2 times (x 86B)
Class com.google.common.collect.Maps$EntryFunction$1                                  : loaded 2 times (x 93B)
Class com.google.common.base.Present                                                  : loaded 2 times (x 83B)
Class com.google.common.cache.RemovalListener                                         : loaded 2 times (x 72B)
Class org.gradle.api.internal.DefaultClassPathRegistry                                : loaded 2 times (x 78B)
Class com.android.builder.model.v2.ide.JavaArtifact                                   : loaded 2 times (x 72B)
Class org.jetbrains.kotlin.build.report.metrics.CACHE_DIRECTORY_SIZE                  : loaded 2 times (x 74B)
Class org.jetbrains.kotlin.build.report.metrics.BACKEND                               : loaded 2 times (x 74B)
Class org.jetbrains.kotlin.cli.common.messages.MessageCollector                       : loaded 2 times (x 72B)
Class kotlin.annotation.AnnotationTarget                                              : loaded 2 times (x 81B)
Class kotlin.reflect.jvm.internal.impl.metadata.deserialization.TypeTable             : loaded 2 times (x 74B)
Class kotlin.reflect.jvm.internal.impl.metadata.ProtoBuf$VersionRequirement$VersionKind$1: loaded 2 times (x 76B)
Class kotlin.reflect.jvm.internal.impl.descriptors.runtime.components.ReflectKotlinClass: loaded 2 times (x 81B)
Class [Lkotlin.reflect.jvm.internal.impl.descriptors.PackageFragmentProviderOptimized;: loaded 2 times (x 71B)
Class kotlin.reflect.jvm.internal.impl.metadata.ProtoBuf$ValueParameterOrBuilder      : loaded 2 times (x 72B)
Class kotlin.reflect.jvm.internal.impl.metadata.ProtoBuf$Function                     : loaded 2 times (x 103B)
Class kotlin.reflect.jvm.internal.impl.renderer.RenderingFormat$PLAIN                 : loaded 2 times (x 82B)
Class kotlin.jvm.JvmClassMappingKt                                                    : loaded 2 times (x 73B)
Class kotlin.reflect.KProperty                                                        : loaded 2 times (x 72B)
Class kotlin.jvm.internal.Reflection                                                  : loaded 2 times (x 73B)
Class com.google.common.reflect.Invokable$ConstructorInvokable                        : loaded 2 times (x 109B)
Class com.google.common.collect.Maps$EntryFunction$2                                  : loaded 2 times (x 93B)
Class com.google.common.collect.ImmutableMultimap$Keys                                : loaded 2 times (x 168B)
Class com.google.common.primitives.IntsMethodsForWeb                                  : loaded 2 times (x 73B)
Class org.gradle.internal.classpath.DefaultClassPath$ImmutableUniqueList              : loaded 2 times (x 201B)
Class org.gradle.api.internal.ClassPathRegistry                                       : loaded 2 times (x 72B)
Class jdk.internal.jimage.decompressor.ResourceDecompressor                           : loaded 2 times (x 72B)
Class kotlin.jvm.internal.TypeIntrinsics                                              : loaded 2 times (x 73B)
Class org.jetbrains.kotlin.build.report.metrics.INCREMENTAL_COMPILATION_DAEMON        : loaded 2 times (x 74B)
Class kotlin.reflect.jvm.internal.impl.load.java.JvmAbi                               : loaded 2 times (x 73B)
Class kotlin.reflect.jvm.internal.impl.resolve.DescriptorFactory$DefaultClassConstructorDescriptor: loaded 2 times (x 217B)
Class kotlin.reflect.jvm.internal.impl.metadata.ProtoBuf$QualifiedNameTableOrBuilder  : loaded 2 times (x 72B)
Class kotlin.reflect.jvm.internal.impl.resolve.scopes.ChainedMemberScope$Companion    : loaded 2 times (x 73B)
Class kotlin.reflect.jvm.internal.impl.descriptors.impl.SubpackagesScope              : loaded 2 times (x 95B)
Class kotlin.reflect.jvm.internal.impl.protobuf.GeneratedMessageLite$ExtensionDescriptor: loaded 2 times (x 85B)
Class kotlin.reflect.jvm.internal.impl.load.java.lazy.LazyJavaPackageFragmentProvider : loaded 2 times (x 82B)
Class kotlin.reflect.jvm.internal.impl.resolve.jvm.JvmPrimitiveType                   : loaded 2 times (x 81B)
Class com.google.common.reflect.TypeToken                                             : loaded 2 times (x 75B)
Class com.google.common.collect.MapMakerInternalMap$Segment                           : loaded 2 times (x 143B)
Class com.android.builder.model.v2.dsl.SigningConfig                                  : loaded 2 times (x 72B)
Class com.android.builder.model.v2.models.AndroidProject                              : loaded 2 times (x 72B)
Class com.android.builder.model.v2.AndroidModel                                       : loaded 2 times (x 72B)
Class kotlin.time.DurationUnit                                                        : loaded 2 times (x 81B)
Class kotlin.reflect.jvm.internal.impl.load.java.AnnotationQualifierApplicabilityType : loaded 2 times (x 81B)
Class org.jetbrains.kotlin.cli.common.arguments.K2JVMCompilerArgumentsConfigurator    : loaded 2 times (x 76B)
Class [Lkotlin.reflect.jvm.internal.impl.resolve.ExternalOverridabilityCondition$Result;: loaded 2 times (x 71B)
Class kotlin.reflect.jvm.internal.impl.builtins.jvm.CloneableClassScope               : loaded 2 times (x 96B)
Class kotlin.reflect.jvm.internal.impl.serialization.deserialization.descriptors.DeserializedPackageMemberScope: loaded 2 times (x 105B)
Class kotlin.reflect.jvm.internal.impl.serialization.deserialization.descriptors.DeserializedMemberScope$Implementation: loaded 2 times (x 72B)
Class kotlin.reflect.jvm.internal.impl.serialization.deserialization.descriptors.DeserializedAnnotations: loaded 2 times (x 91B)
Class kotlin.reflect.jvm.internal.impl.load.kotlin.KotlinClassFinder$Result$KotlinClass: loaded 2 times (x 74B)
Class kotlin.reflect.jvm.internal.impl.load.kotlin.header.KotlinClassHeader           : loaded 2 times (x 74B)
Class kotlin.reflect.jvm.internal.impl.protobuf.WireFormat$FieldType$1                : loaded 2 times (x 84B)
Class kotlin.reflect.jvm.internal.impl.descriptors.Visibilities$Protected             : loaded 2 times (x 77B)
Class kotlin.reflect.jvm.internal.impl.renderer.RenderingFormat                       : loaded 2 times (x 82B)
Class kotlin.reflect.jvm.internal.impl.load.kotlin.DeserializationComponentsForJavaKt : loaded 2 times (x 73B)
Class kotlin.reflect.jvm.internal.impl.builtins.KotlinBuiltIns$1                      : loaded 2 times (x 79B)
Class com.google.common.cache.RemovalCause                                            : loaded 2 times (x 82B)
Class com.google.common.io.ByteSink                                                   : loaded 2 times (x 78B)
Class com.google.common.cache.CacheBuilder                                            : loaded 2 times (x 74B)
Class Settings_gradle$1                                                               : loaded 2 times (x 76B)
Class org.gradle.internal.classpath.ClassPath                                         : loaded 2 times (x 72B)
Class kotlin.sequences.TakeWhileSequence$iterator$1                                   : loaded 2 times (x 81B)
Class kotlin.reflect.jvm.internal.impl.types.DisjointKeysUnionTypeSubstitution        : loaded 2 times (x 80B)
Class kotlin.reflect.jvm.internal.impl.util.collectionUtils.ScopeUtilsKt              : loaded 2 times (x 73B)
Class kotlin.reflect.jvm.internal.impl.protobuf.WireFormat$FieldType$2                : loaded 2 times (x 84B)
Class kotlin.reflect.jvm.internal.impl.descriptors.DescriptorVisibilities             : loaded 2 times (x 73B)
Class kotlin.reflect.jvm.internal.impl.descriptors.ModuleDescriptor$DefaultImpls      : loaded 2 times (x 73B)
Class kotlin.reflect.jvm.internal.impl.renderer.ClassifierNamePolicy$SHORT            : loaded 2 times (x 76B)
Class kotlin.reflect.jvm.internal.impl.builtins.KotlinBuiltIns$2                      : loaded 2 times (x 79B)
Class kotlin.reflect.jvm.internal.impl.storage.StorageManager                         : loaded 2 times (x 72B)
Class kotlin.reflect.jvm.internal.impl.descriptors.runtime.components.RuntimeErrorReporter: loaded 2 times (x 77B)
Class [Lkotlin.reflect.jvm.internal.impl.name.FqName;                                 : loaded 2 times (x 71B)
Class [Lcom.google.common.reflect.Types$JavaVersion;                                  : loaded 2 times (x 71B)
Class com.google.common.collect.Interners$InternerBuilder                             : loaded 2 times (x 78B)
Class com.google.common.io.Files$FileByteSource                                       : loaded 2 times (x 87B)
Class com.google.common.base.JdkPattern                                               : loaded 2 times (x 77B)
Class kotlin.time.DurationUnitKt__DurationUnitKt                                      : loaded 2 times (x 73B)
Class org.jetbrains.kotlin.com.intellij.openapi.diagnostic.Logger                     : loaded 2 times (x 101B)
Class org.jetbrains.kotlin.daemon.common.MultiModuleICSettings                        : loaded 2 times (x 74B)
Class org.jetbrains.kotlin.cli.common.arguments.Enables                               : loaded 2 times (x 72B)
Class org.jetbrains.kotlin.cli.common.arguments.Freezable                             : loaded 2 times (x 74B)
Class kotlin.reflect.jvm.internal.impl.utils.SmartSet$Companion                       : loaded 2 times (x 73B)
Class kotlin.reflect.jvm.internal.impl.protobuf.CodedInputStream                      : loaded 2 times (x 74B)
Class kotlin.reflect.jvm.internal.impl.load.java.lazy.descriptors.LazyJavaScope       : loaded 2 times (x 106B)
Class kotlin.reflect.jvm.internal.impl.protobuf.WireFormat$FieldType$3                : loaded 2 times (x 84B)
Class kotlin.reflect.jvm.internal.impl.incremental.components.LookupTracker           : loaded 2 times (x 72B)
Class kotlin.reflect.jvm.internal.impl.storage.LockBasedStorageManager$CacheWithNullableValuesBasedOnMemoizedFunction: loaded 2 times (x 85B)
Class kotlin.reflect.jvm.internal.impl.builtins.KotlinBuiltIns$3                      : loaded 2 times (x 79B)
Class kotlin.jvm.internal.Lambda                                                      : loaded 2 times (x 77B)
Class [Lkotlin.reflect.KDeclarationContainer;                                         : loaded 2 times (x 71B)
Class com.google.common.io.CharStreams$NullWriter                                     : loaded 2 times (x 101B)
Class org.objectweb.asm.SymbolTable$Entry                                             : loaded 2 times (x 75B)
Class org.gradle.api.internal.classpath.DefaultModuleRegistry$DefaultModuleAlias      : loaded 2 times (x 82B)
Class ijInit1_11vqlwagrmqhcgwnw0hsow9sa                                               : loaded 2 times (x 173B)
Class jdk.internal.jimage.ImageStringsReader                                          : loaded 2 times (x 82B)
Class com.android.builder.model.v2.ide.Variant                                        : loaded 2 times (x 72B)
Class org.gradle.tooling.model.Model                                                  : loaded 2 times (x 72B)
Class kotlin.jvm.internal.markers.KMutableMap$Entry                                   : loaded 2 times (x 72B)
Class kotlin.reflect.jvm.internal.impl.resolve.OverridingUtil$OverrideCompatibilityInfo: loaded 2 times (x 75B)
Class kotlin.reflect.jvm.internal.impl.types.checker.ClassicTypeCheckerStateKt        : loaded 2 times (x 73B)
Class [Lkotlin.reflect.jvm.internal.impl.resolve.scopes.MemberScope;                  : loaded 2 times (x 71B)
Class kotlin.reflect.jvm.internal.impl.protobuf.WireFormat$FieldType$4                : loaded 2 times (x 84B)
Class kotlin.reflect.jvm.internal.impl.descriptors.impl.FunctionDescriptorImpl        : loaded 2 times (x 193B)
Class kotlin.reflect.jvm.internal.impl.types.ClassifierBasedTypeConstructor           : loaded 2 times (x 88B)
Class kotlin.reflect.jvm.internal.impl.renderer.PropertyAccessorRenderingPolicy       : loaded 2 times (x 81B)
Class kotlin.reflect.jvm.internal.impl.load.kotlin.AbstractBinaryClassAnnotationAndConstantLoader: loaded 2 times (x 101B)
Class kotlin.reflect.jvm.internal.impl.incremental.components.LookupTracker$DO_NOTHING: loaded 2 times (x 77B)
Class kotlin.reflect.jvm.internal.impl.builtins.KotlinBuiltIns$4                      : loaded 2 times (x 79B)
Class org.objectweb.asm.Edge                                                          : loaded 2 times (x 74B)
Class com.google.common.base.Suppliers$SupplierOfInstance                             : loaded 2 times (x 81B)
Class com.android.builder.model.v2.ide.SyncIssue                                      : loaded 2 times (x 72B)
Class kotlin.text.MatchResult$Destructured                                            : loaded 2 times (x 74B)
Class org.jetbrains.kotlin.incremental.ClasspathChanges$ClasspathSnapshotEnabled$IncrementalRun$NoChanges: loaded 2 times (x 75B)
Class kotlin.collections.AbstractMutableSet                                           : loaded 2 times (x 144B)
Class kotlin.reflect.jvm.internal.impl.types.model.TypeSystemContext                  : loaded 2 times (x 72B)
Class kotlin.reflect.jvm.internal.impl.load.java.structure.ListBasedJavaAnnotationOwner: loaded 2 times (x 72B)
Class kotlin.reflect.jvm.internal.impl.descriptors.runtime.components.RuntimeSourceElementFactory$RuntimeSourceElement: loaded 2 times (x 80B)
Class kotlin.reflect.jvm.internal.impl.descriptors.runtime.structure.ReflectJavaClass : loaded 2 times (x 117B)
Class kotlin.reflect.jvm.internal.impl.serialization.deserialization.SuspendFunctionTypeUtilKt: loaded 2 times (x 73B)
Class kotlin.reflect.jvm.internal.impl.metadata.ProtoBuf$QualifiedNameTable$QualifiedName$Kind: loaded 2 times (x 84B)
Class kotlin.reflect.jvm.internal.impl.metadata.ProtoBuf$StringTable$1                : loaded 2 times (x 89B)
Class kotlin.reflect.jvm.internal.impl.metadata.deserialization.Flags$EnumLiteFlagField: loaded 2 times (x 78B)
Class kotlin.reflect.jvm.internal.impl.serialization.deserialization.FlexibleTypeDeserializer$ThrowException: loaded 2 times (x 76B)
Class kotlin.reflect.jvm.internal.impl.metadata.jvm.JvmProtoBuf                       : loaded 2 times (x 73B)
Class kotlin.reflect.jvm.internal.impl.descriptors.impl.ClassDescriptorBase           : loaded 2 times (x 176B)
Class kotlin.properties.Delegates                                                     : loaded 2 times (x 73B)
Class kotlin.reflect.jvm.internal.impl.resolve.constants.IntegerValueConstant         : loaded 2 times (x 76B)
Class kotlin.reflect.jvm.internal.impl.types.checker.NewKotlinTypeChecker$Companion   : loaded 2 times (x 73B)
Class kotlin.reflect.jvm.internal.impl.load.java.JavaClassesTracker                   : loaded 2 times (x 72B)
Class kotlin.reflect.jvm.internal.impl.builtins.ReflectionTypes$Companion             : loaded 2 times (x 73B)
Class kotlin.reflect.jvm.internal.impl.descriptors.DeclarationDescriptorNonRoot       : loaded 2 times (x 72B)
Class com.google.common.reflect.TypeToken$1                                           : loaded 2 times (x 112B)
Class com.google.common.cache.LocalCache$ComputingValueReference                      : loaded 2 times (x 98B)
Class com.google.common.collect.ImmutableMap$IteratorBasedImmutableMap                : loaded 2 times (x 128B)
Class jdk.internal.jimage.ImageReader                                                 : loaded 2 times (x 77B)
Class com.android.builder.model.v2.ide.Library                                        : loaded 2 times (x 72B)
Class com.android.builder.model.v2.ide.ArtifactDependenciesAdjacencyList              : loaded 2 times (x 72B)
Class com.android.builder.model.v2.models.Versions                                    : loaded 2 times (x 72B)
Class org.gradle.tooling.internal.adapter.ProtocolToModelAdapter$MethodInvocationCache: loaded 2 times (x 75B)
Class kotlinx.coroutines.flow.MutableSharedFlow                                       : loaded 2 times (x 72B)
Class [Lorg.jetbrains.kotlin.cli.common.messages.CompilerMessageSeverity;             : loaded 2 times (x 71B)
Class kotlin.reflect.jvm.internal.impl.load.java.components.DescriptorResolverUtils$1 : loaded 2 times (x 79B)
Class kotlin.reflect.jvm.internal.impl.load.kotlin.KotlinJvmBinarySourceElement       : loaded 2 times (x 80B)
Class kotlin.reflect.jvm.internal.impl.descriptors.impl.ModuleDependencies            : loaded 2 times (x 72B)
Class kotlin.reflect.jvm.internal.impl.renderer.DescriptorRendererOptions             : loaded 2 times (x 72B)
Class kotlin.reflect.jvm.internal.impl.metadata.deserialization.BinaryVersion         : loaded 2 times (x 74B)
Class kotlin.reflect.KProperty$Getter                                                 : loaded 2 times (x 72B)
Class com.google.common.reflect.TypeToken$2                                           : loaded 2 times (x 112B)
Class com.google.common.collect.AbstractMapBasedMultimap$AsMap$AsMapEntries           : loaded 2 times (x 140B)
Class com.google.common.cache.LocalCache$Segment                                      : loaded 2 times (x 155B)
Class jdk.internal.jimage.ImageReader$SharedImageReader                               : loaded 2 times (x 97B)
Class com.android.builder.model.v2.models.ndk.NativeModule                            : loaded 2 times (x 72B)
Class org.jetbrains.kotlin.build.report.metrics.SAVE_SHRUNK_CURRENT_CLASSPATH_SNAPSHOT: loaded 2 times (x 74B)
Class kotlin.time.DurationJvmKt                                                       : loaded 2 times (x 73B)
Class org.jetbrains.kotlin.cli.jvm.compiler.KotlinCoreEnvironment                     : loaded 2 times (x 74B)
Class org.jetbrains.kotlin.incremental.ClasspathChanges$ClasspathSnapshotEnabled$IncrementalRun: loaded 2 times (x 74B)
Class kotlin.reflect.jvm.internal.impl.types.FlexibleTypesKt                          : loaded 2 times (x 73B)
Class kotlin.reflect.jvm.internal.impl.metadata.jvm.JvmProtoBuf$StringTableTypes$Record$1: loaded 2 times (x 89B)
Class kotlin.reflect.jvm.internal.impl.types.WrappedType                              : loaded 2 times (x 85B)
Class kotlin.SafePublicationLazyImpl                                                  : loaded 2 times (x 78B)
Class kotlin.reflect.jvm.internal.ReflectProperties                                   : loaded 2 times (x 73B)
Class [Lcom.google.common.base.Supplier;                                              : loaded 2 times (x 71B)
Class com.google.common.collect.AbstractListMultimap                                  : loaded 2 times (x 173B)
Class [Lorg.objectweb.asm.SymbolTable$Entry;                                          : loaded 2 times (x 71B)
Class com.google.common.cache.CacheLoader                                             : loaded 2 times (x 76B)
Class com.google.common.collect.ImmutableBiMap                                        : loaded 2 times (x 145B)
Class org.gradle.api.internal.classpath.ModuleRegistry                                : loaded 2 times (x 72B)
Class org.gradle.internal.installation.GradleInstallation$1                           : loaded 2 times (x 77B)
Class jdk.internal.jimage.decompressor.ResourceDecompressorFactory                    : loaded 2 times (x 76B)
Class com.android.ide.common.repository.AgpVersion$PreviewKind$Companion              : loaded 2 times (x 73B)
Class org.gradle.tooling.internal.adapter.ObjectGraphAdapter                          : loaded 2 times (x 72B)
Class kotlin.reflect.jvm.internal.impl.types.AbstractStubType                         : loaded 2 times (x 93B)
Class kotlin.reflect.jvm.internal.impl.metadata.deserialization.NameResolver          : loaded 2 times (x 72B)
Class kotlin.reflect.jvm.internal.impl.descriptors.FindClassInModuleKt                : loaded 2 times (x 73B)
Class [Lkotlin.reflect.jvm.internal.impl.descriptors.DeclarationDescriptor;           : loaded 2 times (x 71B)
Class kotlin.reflect.jvm.internal.impl.metadata.ProtoBuf$VersionRequirementTableOrBuilder: loaded 2 times (x 72B)
Class kotlin.reflect.jvm.internal.impl.metadata.ProtoBuf$ValueParameter$1             : loaded 2 times (x 89B)
Class kotlin.reflect.jvm.internal.impl.descriptors.FieldDescriptor                    : loaded 2 times (x 72B)
Class com.google.common.base.Splitter$SplittingIterator                               : loaded 2 times (x 85B)
Class com.google.common.collect.ImmutableSet$JdkBackedSetBuilderImpl                  : loaded 2 times (x 78B)
Class com.google.common.util.concurrent.internal.InternalFutureFailureAccess          : loaded 2 times (x 74B)
Class com.android.builder.model.v2.ide.Installation                                   : loaded 2 times (x 72B)
Class com.google.common.collect.ImmutableSortedAsList                                 : loaded 2 times (x 223B)
Class kotlin.time.Duration$Companion                                                  : loaded 2 times (x 73B)
Class kotlin.reflect.jvm.internal.impl.serialization.deserialization.descriptors.DeserializedPropertyDescriptor: loaded 2 times (x 212B)
Class kotlin.reflect.jvm.internal.impl.descriptors.runtime.structure.ReflectJavaType$Factory: loaded 2 times (x 73B)
Class kotlin.reflect.jvm.internal.impl.metadata.ProtoBuf$Modality$1                   : loaded 2 times (x 76B)
Class kotlin.reflect.jvm.internal.impl.protobuf.ByteString                            : loaded 2 times (x 99B)
Class kotlin.reflect.jvm.internal.impl.serialization.deserialization.LocalClassifierTypeSettings: loaded 2 times (x 72B)
Class kotlin.reflect.jvm.internal.impl.load.java.ReportLevel$Companion                : loaded 2 times (x 73B)
Class kotlin.reflect.jvm.internal.impl.load.java.ReportLevel                          : loaded 2 times (x 81B)
Class kotlin.reflect.jvm.internal.impl.load.java.JavaClassFinder                      : loaded 2 times (x 72B)
Class kotlin.reflect.jvm.internal.KDeclarationContainerImpl                           : loaded 2 times (x 86B)
Class com.google.common.collect.Iterators$6                                           : loaded 2 times (x 83B)
Class com.google.common.collect.ImmutableMultimap$Values                              : loaded 2 times (x 128B)
Class com.google.common.cache.LocalCache$LocalManualCache$1                           : loaded 2 times (x 77B)
Class jdk.internal.jimage.ImageReader$Node                                            : loaded 2 times (x 86B)
Class com.android.builder.model.v2.models.ModelBuilderParameter                       : loaded 2 times (x 72B)
Class com.google.common.collect.Lists$TransformingRandomAccessList                    : loaded 2 times (x 201B)
Class org.gradle.tooling.model.idea.BasicIdeaProject                                  : loaded 2 times (x 72B)
Class kotlin.reflect.jvm.internal.impl.metadata.ProtoBuf$PackageFragment$1            : loaded 2 times (x 89B)
Class kotlin.reflect.jvm.internal.impl.protobuf.SmallSortedMap$EntrySet               : loaded 2 times (x 139B)
Class kotlin.reflect.jvm.internal.impl.protobuf.CodedOutputStream                     : loaded 2 times (x 74B)
Class kotlin.reflect.jvm.internal.impl.load.java.structure.JavaPackage                : loaded 2 times (x 72B)
Class kotlin.reflect.jvm.internal.impl.util.ModuleVisibilityHelper$EMPTY              : loaded 2 times (x 76B)
Class kotlin.reflect.jvm.internal.impl.descriptors.impl.ModuleAwareClassDescriptor    : loaded 2 times (x 174B)
Class org.gradle.api.internal.classpath.DefaultModuleRegistry                         : loaded 2 times (x 86B)
Class jdk.internal.jimage.BasicImageReader$1                                          : loaded 2 times (x 79B)
Class org.jetbrains.kotlin.build.report.metrics.SHRUNK_CLASSPATH_SNAPSHOT_SIZE        : loaded 2 times (x 74B)
Class kotlin.collections.builders.MapBuilder$Itr                                      : loaded 2 times (x 74B)
Class kotlin.reflect.jvm.internal.impl.load.java.lazy.descriptors.DeclaredMemberIndex : loaded 2 times (x 72B)
Class kotlin.reflect.jvm.internal.impl.name.CallableId$Companion                      : loaded 2 times (x 73B)
Class kotlin.reflect.jvm.internal.impl.metadata.ProtoBuf$Type$Argument$1              : loaded 2 times (x 89B)
Class kotlin.collections.IndexedValue                                                 : loaded 2 times (x 74B)
Class kotlin.reflect.jvm.internal.impl.descriptors.impl.AbstractClassDescriptor$1     : loaded 2 times (x 79B)
Class kotlin.reflect.jvm.internal.impl.types.LazyWrappedType                          : loaded 2 times (x 86B)
Class kotlin.reflect.jvm.internal.impl.load.java.lazy.types.JavaTypeFlexibility       : loaded 2 times (x 81B)
Class kotlin.KotlinVersionCurrentValue                                                : loaded 2 times (x 73B)
Class kotlin.reflect.jvm.internal.impl.storage.MemoizedFunctionToNotNull              : loaded 2 times (x 72B)
Class kotlin.reflect.jvm.internal.impl.descriptors.runtime.components.RuntimeModuleData$Companion: loaded 2 times (x 73B)
Class kotlin.reflect.jvm.internal.impl.name.SpecialNames                              : loaded 2 times (x 73B)
Class com.google.common.util.concurrent.ListenableFuture                              : loaded 2 times (x 72B)
Class com.google.common.cache.ReferenceEntry                                          : loaded 2 times (x 72B)
Class com.google.common.base.Converter                                                : loaded 2 times (x 92B)
Class [Lcom.android.builder.model.v2.ide.CodeShrinker;                                : loaded 2 times (x 71B)
Class org.jetbrains.kotlin.com.intellij.openapi.diagnostic.Logger$DefaultFactory      : loaded 2 times (x 76B)
Class kotlin.jvm.internal.markers.KMutableSet                                         : loaded 2 times (x 72B)
Class kotlin.reflect.jvm.internal.impl.descriptors.TypeAliasDescriptor                : loaded 2 times (x 72B)
Class [Lkotlin.reflect.jvm.internal.impl.metadata.ProtoBuf$VersionRequirement$VersionKind;: loaded 2 times (x 71B)
Class kotlin.reflect.jvm.internal.impl.protobuf.Internal$EnumLite                     : loaded 2 times (x 72B)
Class kotlin.reflect.jvm.internal.impl.descriptors.Visibilities$Public                : loaded 2 times (x 77B)
Class kotlin.reflect.jvm.internal.impl.descriptors.SimpleFunctionDescriptor           : loaded 2 times (x 72B)
Class kotlin.reflect.jvm.internal.impl.descriptors.ReceiverParameterDescriptor        : loaded 2 times (x 72B)
Class kotlin.reflect.jvm.internal.impl.descriptors.impl.AbstractClassDescriptor$2     : loaded 2 times (x 79B)
Class kotlin.reflect.jvm.internal.impl.descriptors.SourceElement                      : loaded 2 times (x 72B)
Class com.google.common.collect.AbstractMapBasedMultimap                              : loaded 2 times (x 140B)
Class com.google.common.util.concurrent.AbstractFuture                                : loaded 2 times (x 108B)
Class com.google.common.base.FunctionalEquivalence                                    : loaded 2 times (x 85B)
Class org.gradle.util.internal.DefaultGradleVersion$Stage                             : loaded 2 times (x 77B)
Class org.gradle.tooling.model.GradleProject                                          : loaded 2 times (x 72B)
Class org.jetbrains.kotlin.build.report.metrics.CALCULATE_OUTPUT_SIZE                 : loaded 2 times (x 74B)
Class kotlin.coroutines.CoroutineContext$Key                                          : loaded 2 times (x 72B)
Class kotlin.reflect.jvm.internal.impl.metadata.ProtoBuf$QualifiedNameTable$QualifiedNameOrBuilder: loaded 2 times (x 72B)
Class kotlin.reflect.jvm.internal.impl.builtins.BuiltInsPackageFragment               : loaded 2 times (x 72B)
Class kotlin.reflect.jvm.internal.impl.serialization.deserialization.descriptors.DeserializedContainerSource: loaded 2 times (x 72B)
Class kotlin.reflect.jvm.internal.impl.metadata.ProtoBuf$Package                      : loaded 2 times (x 103B)
Class kotlin.reflect.jvm.internal.impl.metadata.ProtoBuf$Constructor                  : loaded 2 times (x 103B)
Class kotlin.reflect.jvm.internal.impl.descriptors.impl.AbstractClassDescriptor$3     : loaded 2 times (x 79B)
Class kotlin.reflect.jvm.internal.impl.types.model.TypeConstructorMarker              : loaded 2 times (x 72B)
Class kotlin.reflect.jvm.internal.impl.load.java.ErasedOverridabilityCondition        : loaded 2 times (x 77B)
Class kotlin.LazyKt__LazyJVMKt                                                        : loaded 2 times (x 73B)
Class com.google.common.reflect.TypeResolver$TypeTable                                : loaded 2 times (x 75B)
Class com.google.common.io.CharStreams                                                : loaded 2 times (x 73B)
Class com.google.common.collect.ImmutableMultiset                                     : loaded 2 times (x 165B)
Class org.objectweb.asm.RecordComponentVisitor                                        : loaded 2 times (x 79B)
Class com.google.common.cache.CacheLoader$SupplierToCacheLoader                       : loaded 2 times (x 77B)
Class jdk.internal.jimage.decompressor.Decompressor                                   : loaded 2 times (x 74B)
Class com.google.common.collect.UsingToStringOrdering                                 : loaded 2 times (x 116B)
Class org.gradle.internal.time.MonotonicClock                                         : loaded 2 times (x 79B)
Class [Lorg.jetbrains.kotlin.cli.common.ExitCode;                                     : loaded 2 times (x 71B)
Class kotlin.reflect.jvm.internal.impl.descriptors.java.JavaVisibilities$ProtectedAndPackage: loaded 2 times (x 77B)
Class kotlin.reflect.jvm.internal.impl.descriptors.impl.FieldDescriptorImpl           : loaded 2 times (x 80B)
Class kotlin.reflect.jvm.internal.impl.types.model.FlexibleTypeMarker                 : loaded 2 times (x 72B)
Class kotlin.reflect.jvm.internal.impl.load.java.FakePureImplementationsProvider      : loaded 2 times (x 73B)
Class kotlin.reflect.jvm.internal.impl.builtins.jvm.JvmBuiltInsSignatures             : loaded 2 times (x 73B)
Class [Lkotlin.reflect.jvm.internal.impl.metadata.ProtoBuf$Modality;                  : loaded 2 times (x 71B)
Class kotlin.reflect.jvm.internal.impl.metadata.deserialization.Flags$BooleanFlagField: loaded 2 times (x 77B)
Class kotlin.reflect.jvm.internal.impl.metadata.ProtoBuf$Annotation$Argument$Value    : loaded 2 times (x 98B)
Class kotlin.reflect.jvm.internal.impl.protobuf.LazyFieldLite                         : loaded 2 times (x 78B)
Class kotlin.reflect.jvm.internal.impl.descriptors.PropertyGetterDescriptor           : loaded 2 times (x 72B)
Class kotlin.reflect.jvm.internal.impl.descriptors.impl.PackageFragmentDescriptorImpl : loaded 2 times (x 107B)
Class kotlin.reflect.jvm.internal.impl.builtins.jvm.JvmBuiltInsCustomizer             : loaded 2 times (x 83B)
Class com.google.common.reflect.TypeResolver$TypeTable$1                              : loaded 2 times (x 75B)
Class com.google.common.collect.Maps$EntryTransformer                                 : loaded 2 times (x 72B)
Class org.gradle.internal.service.ServiceLookupException                              : loaded 2 times (x 84B)
Class kotlin.sequences.SequencesKt___SequencesKt$sortedWith$1                         : loaded 2 times (x 77B)
Class com.google.common.collect.Lists$ReverseList                                     : loaded 2 times (x 202B)
Class org.jetbrains.kotlin.com.intellij.openapi.diagnostic.LogLevel                   : loaded 2 times (x 81B)
Class org.jetbrains.kotlin.cli.common.CompilerSystemProperties$value$2                : loaded 2 times (x 131B)
Class kotlin.reflect.jvm.internal.impl.load.java.UtilsKt                              : loaded 2 times (x 73B)
Class [Lkotlin.sequences.Sequence;                                                    : loaded 2 times (x 71B)
Class kotlin.reflect.jvm.internal.impl.resolve.OverridingUtil$OverrideCompatibilityInfo$Result: loaded 2 times (x 81B)
Class kotlin.reflect.jvm.internal.impl.descriptors.impl.LazyPackageViewDescriptorImpl : loaded 2 times (x 104B)
Class kotlin.reflect.jvm.internal.impl.metadata.ProtoBuf$TypeTable                    : loaded 2 times (x 98B)
Class kotlin.reflect.jvm.internal.impl.protobuf.MessageLiteOrBuilder                  : loaded 2 times (x 72B)
Class kotlin.jvm.internal.MutablePropertyReference1Impl                               : loaded 2 times (x 178B)
Class kotlin.reflect.jvm.internal.impl.serialization.deserialization.AnnotationAndConstantLoader: loaded 2 times (x 72B)
Class kotlin.reflect.jvm.internal.impl.load.java.components.JavaPropertyInitializerEvaluator$DoNothing: loaded 2 times (x 76B)
Class [Lkotlin.reflect.jvm.internal.impl.load.java.ReportLevel;                       : loaded 2 times (x 71B)
Class kotlin.reflect.jvm.internal.impl.storage.LockBasedStorageManager$MapBasedMemoizedFunction: loaded 2 times (x 84B)
Class kotlin.reflect.jvm.internal.impl.storage.NotNullLazyValue                       : loaded 2 times (x 72B)
Class [Lcom.google.common.cache.LocalCache$EntryFactory;                              : loaded 2 times (x 71B)
Class org.gradle.internal.classloader.ClassLoaderFactory                              : loaded 2 times (x 72B)
Class com.android.builder.model.v2.ide.LibraryInfo                                    : loaded 2 times (x 72B)
Class kotlinx.coroutines.flow.internal.FusibleFlow                                    : loaded 2 times (x 72B)
Class [Lorg.jetbrains.kotlin.build.report.metrics.ValueType;                          : loaded 2 times (x 71B)
Class kotlin.reflect.jvm.internal.impl.resolve.VisibilityUtilKt                       : loaded 2 times (x 73B)
Class org.jetbrains.kotlin.cli.common.arguments.ArgumentParseErrors                   : loaded 2 times (x 74B)
Class kotlin.reflect.jvm.internal.impl.descriptors.impl.PropertyAccessorDescriptorImpl: loaded 2 times (x 188B)
Class kotlin.reflect.jvm.internal.impl.descriptors.impl.TypeAliasConstructorDescriptor: loaded 2 times (x 72B)
Class [Lkotlin.reflect.jvm.internal.impl.descriptors.Named;                           : loaded 2 times (x 71B)
Class kotlin.reflect.jvm.internal.impl.metadata.ProtoBuf$TypeTable$1                  : loaded 2 times (x 89B)
Class kotlin.reflect.jvm.internal.impl.protobuf.WireFormat$FieldType                  : loaded 2 times (x 84B)
Class kotlin.reflect.jvm.internal.impl.descriptors.FunctionDescriptor$CopyBuilder     : loaded 2 times (x 72B)
Class kotlin.reflect.jvm.internal.impl.renderer.ClassifierNamePolicy$SOURCE_CODE_QUALIFIED: loaded 2 times (x 76B)
Class kotlin.reflect.jvm.internal.impl.builtins.PrimitiveType                         : loaded 2 times (x 81B)
Class com.google.common.base.CommonPattern                                            : loaded 2 times (x 76B)
Class com.google.common.cache.LocalCache$LocalManualCache                             : loaded 2 times (x 101B)
Class org.gradle.internal.service.CachingServiceLocator                               : loaded 2 times (x 84B)
Class kotlin.jvm.internal.Intrinsics$Kotlin                                           : loaded 2 times (x 73B)
Class kotlin.collections.AbstractList$SubList                                         : loaded 2 times (x 200B)
Class org.jetbrains.kotlin.build.report.metrics.IC_GEN_COMPILER_REF_INDEX             : loaded 2 times (x 74B)
Class org.jetbrains.kotlin.build.report.metrics.IC_UPDATE_CACHES                      : loaded 2 times (x 74B)
Class kotlin.collections.AbstractList$IteratorImpl                                    : loaded 2 times (x 84B)
Class kotlin.reflect.jvm.internal.impl.serialization.deserialization.descriptors.DeserializedMemberScope$OptimizedImplementation$computeDescriptors$1$1: loaded 2 times (x 81B)
Class kotlin.reflect.jvm.internal.impl.load.kotlin.KotlinJvmBinaryClass               : loaded 2 times (x 72B)
Class kotlin.reflect.jvm.internal.impl.descriptors.impl.CompositePackageFragmentProvider: loaded 2 times (x 82B)
Class kotlin.reflect.jvm.internal.impl.metadata.ProtoBuf$Contract                     : loaded 2 times (x 98B)
Class kotlin.reflect.jvm.internal.impl.descriptors.impl.PropertyDescriptorImpl        : loaded 2 times (x 200B)
Class kotlin.reflect.jvm.internal.impl.descriptors.Visibilities$Unknown               : loaded 2 times (x 77B)
Class kotlin.reflect.jvm.internal.impl.serialization.deserialization.DeserializationComponents: loaded 2 times (x 74B)
Class kotlin.reflect.jvm.internal.impl.types.checker.KotlinTypeChecker                : loaded 2 times (x 72B)
Class kotlin.reflect.jvm.internal.impl.descriptors.runtime.components.ReflectKotlinClassFinder: loaded 2 times (x 81B)
Class com.google.common.collect.Streams                                               : loaded 2 times (x 73B)
Class com.google.common.collect.AbstractMapBasedMultimap$KeySet                       : loaded 2 times (x 139B)
Class com.google.common.math.IntMath                                                  : loaded 2 times (x 73B)
Class [Lorg.gradle.api.JavaVersion;                                                   : loaded 2 times (x 71B)
Class org.gradle.tooling.model.idea.IdeaDependencyScope                               : loaded 2 times (x 72B)
Class org.gradle.internal.time.TimeSource                                             : loaded 2 times (x 72B)
Class org.gradle.tooling.model.kotlin.dsl.KotlinDslScriptsModel                       : loaded 2 times (x 72B)
Class kotlin.jvm.internal.markers.KMutableMap                                         : loaded 2 times (x 72B)
Class kotlin.reflect.jvm.internal.impl.builtins.jvm.JvmBuiltIns$Settings              : loaded 2 times (x 74B)
Class kotlin.reflect.jvm.internal.impl.metadata.deserialization.ProtoTypeTableUtilKt  : loaded 2 times (x 73B)
Class kotlin.reflect.jvm.internal.impl.metadata.jvm.JvmProtoBuf$StringTableTypes$1    : loaded 2 times (x 89B)
Class kotlin.reflect.jvm.internal.impl.protobuf.MessageLite$Builder                   : loaded 2 times (x 72B)
Class kotlin.reflect.jvm.internal.impl.descriptors.Visibilities$Local                 : loaded 2 times (x 77B)
Class kotlin.reflect.jvm.internal.impl.descriptors.CallableMemberDescriptor$Kind      : loaded 2 times (x 81B)
Class kotlin.properties.ReadOnlyProperty                                              : loaded 2 times (x 72B)
Class kotlin.reflect.jvm.internal.impl.descriptors.CallableDescriptor                 : loaded 2 times (x 72B)
Class kotlin.reflect.jvm.internal.impl.descriptors.runtime.structure.ReflectClassUtilKt: loaded 2 times (x 73B)
Class com.google.common.reflect.Types$TypeVariableInvocationHandler                   : loaded 2 times (x 77B)
Class com.google.common.collect.MapMakerInternalMap$InternalEntry                     : loaded 2 times (x 72B)
Class com.google.common.collect.ImmutableMapEntry                                     : loaded 2 times (x 87B)
Class com.android.builder.model.v2.ide.TestInfo                                       : loaded 2 times (x 72B)
Class org.gradle.tooling.internal.gradle.GradleBuildIdentity                          : loaded 2 times (x 72B)
Class org.jetbrains.kotlin.build.report.metrics.ANALYSIS_LPS                          : loaded 2 times (x 74B)
Class org.jetbrains.kotlin.build.report.metrics.DoNothingBuildMetricsReporter         : loaded 2 times (x 88B)
Class kotlin.reflect.jvm.internal.impl.protobuf.ProtocolStringList                    : loaded 2 times (x 72B)
Class kotlin.reflect.jvm.internal.impl.serialization.deserialization.TypeDeserializer : loaded 2 times (x 74B)
Class kotlin.reflect.jvm.internal.impl.descriptors.PropertyDescriptor                 : loaded 2 times (x 72B)
Class kotlin.reflect.jvm.internal.impl.renderer.DescriptorRenderer$ValueParametersHandler: loaded 2 times (x 72B)
Class kotlin.reflect.jvm.internal.impl.storage.LockBasedStorageManager$LockBasedLazyValue: loaded 2 times (x 83B)
Class kotlin.reflect.jvm.internal.impl.serialization.deserialization.builtins.BuiltInsResourceLoader: loaded 2 times (x 74B)
Class com.google.common.base.Predicates                                               : loaded 2 times (x 73B)
Class com.google.common.collect.ImmutableMultimap                                     : loaded 2 times (x 148B)
Class com.google.common.base.Equivalence                                              : loaded 2 times (x 84B)
Class com.google.common.collect.ImmutableMapEntry$NonTerminalImmutableMapEntry        : loaded 2 times (x 87B)
Class com.android.builder.model.v2.ide.JavaCompileOptions                             : loaded 2 times (x 72B)
Class org.gradle.tooling.internal.adapter.ProtocolToModelAdapter$MixInMappingAction   : loaded 2 times (x 82B)
Class org.gradle.internal.exceptions.ResolutionProvider                               : loaded 2 times (x 72B)
Class kotlin.jvm.internal.markers.KMutableListIterator                                : loaded 2 times (x 72B)
Class [Lorg.jetbrains.kotlin.cli.common.CompilerSystemProperties;                     : loaded 2 times (x 71B)
Class kotlin.reflect.jvm.internal.impl.resolve.scopes.receivers.ImplicitClassReceiver : loaded 2 times (x 84B)
Class kotlin.reflect.jvm.internal.impl.descriptors.runtime.components.PackagePartScopeCache: loaded 2 times (x 74B)
Class kotlin.reflect.jvm.internal.impl.metadata.ProtoBuf$Annotation$Argument$ValueOrBuilder: loaded 2 times (x 72B)
Class kotlin.reflect.jvm.internal.impl.serialization.deserialization.AnnotationDeserializer: loaded 2 times (x 74B)
Class kotlin.reflect.jvm.internal.impl.load.java.components.SignaturePropagator       : loaded 2 times (x 72B)
Class kotlin.reflect.jvm.internal.impl.load.kotlin.DeserializationComponentsForJava$Companion: loaded 2 times (x 73B)
Class com.google.common.collect.IndexedImmutableSet$1                                 : loaded 2 times (x 215B)
Class com.google.common.cache.CacheBuilder$OneWeigher                                 : loaded 2 times (x 84B)
Class jdk.internal.jimage.ImageBufferCache                                            : loaded 2 times (x 73B)
Class jdk.internal.jrtfs.JrtPath                                                      : loaded 2 times (x 124B)
Class kotlin.text.MatchResult$DefaultImpls                                            : loaded 2 times (x 73B)
Class org.gradle.tooling.model.idea.IdeaCompilerOutput                                : loaded 2 times (x 72B)
Class org.gradle.tooling.model.ProjectIdentifier                                      : loaded 2 times (x 72B)
Class org.jetbrains.kotlin.build.report.metrics.CLEAN_BACKUP_STASH                    : loaded 2 times (x 74B)
Class org.jetbrains.kotlin.build.report.metrics.LOAD_CLASSPATH_ENTRY_SNAPSHOT_CACHE_MISSES: loaded 2 times (x 74B)
Class org.jetbrains.kotlin.com.intellij.openapi.diagnostic.Logger$Factory             : loaded 2 times (x 72B)
Class kotlin.reflect.jvm.internal.impl.load.java.structure.JavaClassifierType         : loaded 2 times (x 72B)
Class kotlin.reflect.jvm.internal.impl.resolve.ExternalOverridabilityCondition$Result : loaded 2 times (x 81B)
Class kotlin.reflect.jvm.internal.impl.metadata.ProtoBuf$Annotation$Argument          : loaded 2 times (x 98B)
Class kotlin.reflect.jvm.internal.impl.resolve.scopes.InnerClassesScopeWrapper        : loaded 2 times (x 95B)
Class kotlin.reflect.jvm.internal.impl.protobuf.GeneratedMessageLite$Builder          : loaded 2 times (x 91B)
Class [Lkotlin.reflect.jvm.internal.impl.metadata.ProtoBuf$MemberKind;                : loaded 2 times (x 71B)
Class kotlin.reflect.jvm.internal.impl.descriptors.runtime.components.ReflectJavaClassFinderKt: loaded 2 times (x 73B)
Class kotlin.reflect.jvm.internal.impl.metadata.ProtoBuf$TypeParameter$Variance       : loaded 2 times (x 84B)
Class kotlin.reflect.jvm.internal.impl.metadata.ProtoBuf$Type                         : loaded 2 times (x 103B)
Class kotlin.reflect.jvm.internal.impl.protobuf.AbstractMessageLite                   : loaded 2 times (x 93B)
Class kotlin.reflect.jvm.internal.impl.descriptors.VariableAccessorDescriptor         : loaded 2 times (x 72B)
Class kotlin.reflect.jvm.internal.impl.load.kotlin.header.KotlinClassHeader$Kind      : loaded 2 times (x 81B)
Class kotlin.reflect.jvm.internal.impl.descriptors.annotations.AnnotatedImpl          : loaded 2 times (x 78B)
Class kotlin.reflect.jvm.internal.impl.types.model.SimpleTypeMarker                   : loaded 2 times (x 72B)
Class kotlin.reflect.jvm.internal.impl.serialization.deserialization.ErrorReporter    : loaded 2 times (x 72B)
Class kotlin.reflect.jvm.internal.KDeclarationContainerImpl$Companion                 : loaded 2 times (x 73B)
Class com.google.common.reflect.Types$ClassOwnership$1LocalClass                      : loaded 2 times (x 73B)
Class com.google.common.collect.Maps$EntryFunction                                    : loaded 2 times (x 93B)
Class org.gradle.internal.classloader.ClasspathUtil                                   : loaded 2 times (x 73B)
Class com.android.builder.model.v2.ide.ComponentInfo                                  : loaded 2 times (x 72B)
Class com.android.builder.model.v2.ide.ProjectType                                    : loaded 2 times (x 81B)
Class org.jetbrains.kotlin.tooling.core.HasExtras                                     : loaded 2 times (x 72B)
Class org.jetbrains.kotlin.build.report.metrics.SHRINK_AND_SAVE_CLASSPATH_SNAPSHOT_EXECUTION_COUNT: loaded 2 times (x 74B)
Class org.jetbrains.kotlin.build.report.metrics.IC_ANALYZE_CHANGES_IN_ANDROID_LAYOUTS : loaded 2 times (x 74B)
Class org.jetbrains.kotlin.build.report.metrics.RUN_COMPILATION                       : loaded 2 times (x 74B)
Class kotlin.collections.builders.SetBuilder                                          : loaded 2 times (x 145B)
Class kotlin.jvm.internal.RepeatableContainer                                         : loaded 2 times (x 72B)
Class org.jetbrains.kotlin.cli.common.arguments.ParseCommandLineArgumentsKt           : loaded 2 times (x 73B)
Class kotlin.reflect.jvm.internal.impl.resolve.ExternalOverridabilityCondition$Contract: loaded 2 times (x 81B)
Class kotlin.sequences.EmptySequence                                                  : loaded 2 times (x 80B)
Class kotlin.reflect.jvm.internal.impl.load.java.sources.JavaSourceElement            : loaded 2 times (x 72B)
Class kotlin.reflect.jvm.internal.impl.load.java.lazy.descriptors.LazyJavaPackageScope$KotlinClassLookupResult$NotFound: loaded 2 times (x 73B)
Class kotlin.reflect.jvm.internal.impl.metadata.ProtoBuf$QualifiedNameTable$QualifiedName$1: loaded 2 times (x 89B)
Class kotlin.reflect.jvm.internal.impl.metadata.ProtoBuf$QualifiedNameTable           : loaded 2 times (x 98B)
Class kotlin.reflect.jvm.internal.impl.load.kotlin.SignatureBuildingComponents        : loaded 2 times (x 73B)
Class kotlin.reflect.jvm.internal.impl.metadata.jvm.JvmProtoBuf$JvmMethodSignature$Builder: loaded 2 times (x 93B)
Class kotlin.reflect.jvm.internal.CreateKCallableVisitor                              : loaded 2 times (x 106B)
Class kotlin.reflect.jvm.internal.impl.metadata.jvm.JvmProtoBuf$JvmFieldSignatureOrBuilder: loaded 2 times (x 72B)
Class kotlin.reflect.jvm.internal.impl.resolve.scopes.MemberScope                     : loaded 2 times (x 72B)
Class kotlin.reflect.jvm.internal.impl.storage.StorageKt                              : loaded 2 times (x 73B)
Class kotlin.jvm.internal.PropertyReference0                                          : loaded 2 times (x 149B)
Class com.google.common.util.concurrent.Uninterruptibles                              : loaded 2 times (x 73B)
Class kotlin.sequences.DistinctSequence                                               : loaded 2 times (x 77B)
Class com.android.builder.model.v2.dsl.BaseConfig                                     : loaded 2 times (x 72B)
Class org.gradle.internal.time.TimeSource$1                                           : loaded 2 times (x 79B)
Class org.jetbrains.kotlin.build.report.metrics.LOAD_CLASSPATH_SNAPSHOT_EXECUTION_COUNT: loaded 2 times (x 74B)
Class kotlin.reflect.jvm.internal.impl.types.checker.ClassicTypeSystemContext         : loaded 2 times (x 72B)
Class kotlin.reflect.jvm.internal.impl.load.kotlin.header.ReadKotlinClassHeaderAnnotationVisitor$CollectStringArrayAnnotationVisitor: loaded 2 times (x 87B)
Class kotlin.reflect.jvm.internal.impl.descriptors.DelegatedDescriptorVisibility      : loaded 2 times (x 78B)
Class [Lkotlin.reflect.jvm.internal.impl.load.kotlin.header.KotlinClassHeader$Kind;   : loaded 2 times (x 71B)
Class kotlin.reflect.full.IllegalCallableAccessException                              : loaded 2 times (x 84B)
Class kotlin.jvm.internal.PropertyReference1                                          : loaded 2 times (x 149B)
Class com.google.common.collect.AbstractMapBasedMultimap$WrappedSet                   : loaded 2 times (x 144B)
Class com.google.common.io.CharSource                                                 : loaded 2 times (x 87B)
Class com.google.common.util.concurrent.LazyLogger                                    : loaded 2 times (x 74B)
Class com.google.common.collect.Maps                                                  : loaded 2 times (x 73B)
Class org.gradle.api.specs.Spec                                                       : loaded 2 times (x 72B)
Class org.jetbrains.kotlin.build.report.metrics.IC_ANALYZE_CHANGES_IN_JAVA_SOURCES    : loaded 2 times (x 74B)
Class kotlin.jvm.internal.KTypeBase                                                   : loaded 2 times (x 72B)
Class kotlin.reflect.jvm.internal.impl.metadata.jvm.JvmProtoBuf$StringTableTypes$RecordOrBuilder: loaded 2 times (x 72B)
Class kotlin.reflect.jvm.internal.impl.metadata.jvm.deserialization.JvmNameResolver   : loaded 2 times (x 79B)
Class kotlin.reflect.jvm.internal.impl.types.DelegatingSimpleType                     : loaded 2 times (x 93B)
Class kotlin.reflect.jvm.internal.impl.types.AbstractClassTypeConstructor             : loaded 2 times (x 99B)
Class kotlin.reflect.jvm.internal.impl.descriptors.PackageFragmentDescriptor          : loaded 2 times (x 72B)
Class kotlin.reflect.jvm.internal.impl.resolve.constants.UnsignedValueConstant        : loaded 2 times (x 76B)
Class kotlin.jvm.internal.PropertyReference2                                          : loaded 2 times (x 149B)
Class kotlin.jvm.internal.MutablePropertyReference                                    : loaded 2 times (x 125B)
Class kotlin.UnsafeLazyImpl                                                           : loaded 2 times (x 78B)
Class kotlin.LazyKt__LazyJVMKt$WhenMappings                                           : loaded 2 times (x 73B)
Class com.google.common.reflect.Types$JavaVersion                                     : loaded 2 times (x 85B)
Class com.google.common.collect.MapMaker                                              : loaded 2 times (x 74B)
Class [Lcom.google.common.collect.ImmutableEntry;                                     : loaded 2 times (x 71B)
Class org.jetbrains.kotlin.build.report.metrics.BuildPerformanceMetric                : loaded 2 times (x 74B)
Class kotlin.jvm.internal.ArrayIterator                                               : loaded 2 times (x 81B)
Class kotlin.reflect.jvm.internal.impl.metadata.jvm.deserialization.JvmMemberSignature: loaded 2 times (x 76B)
Class kotlin.reflect.jvm.internal.impl.load.java.lazy.descriptors.LazyJavaClassMemberScope: loaded 2 times (x 106B)
Class kotlin.reflect.jvm.internal.impl.types.AbstractTypeRefiner                      : loaded 2 times (x 74B)
Class kotlin.reflect.jvm.internal.impl.load.java.lazy.JavaResolverComponents          : loaded 2 times (x 74B)
Class [Lkotlin.reflect.jvm.internal.impl.builtins.jvm.JavaToKotlinClassMap$PlatformMutabilityMapping;: loaded 2 times (x 71B)
Class kotlin.reflect.full.IllegalPropertyDelegateAccessException                      : loaded 2 times (x 84B)
Class kotlin.LazyThreadSafetyMode                                                     : loaded 2 times (x 81B)
Class com.google.common.collect.Sets$3$1                                              : loaded 2 times (x 84B)
Class com.google.common.cache.LocalCache$LoadingValueReference                        : loaded 2 times (x 98B)
Class jdk.internal.jimage.decompressor.ResourceDecompressorRepository                 : loaded 2 times (x 73B)
Class org.gradle.internal.time.Clock                                                  : loaded 2 times (x 72B)
Class org.gradle.tooling.model.BuildModel                                             : loaded 2 times (x 72B)
Class kotlinx.coroutines.internal.Symbol                                              : loaded 2 times (x 74B)
Class org.jetbrains.kotlin.incremental.ClasspathSnapshotFiles$Companion               : loaded 2 times (x 73B)
Class kotlin.jvm.internal.SpreadBuilder                                               : loaded 2 times (x 78B)
Class kotlin.reflect.jvm.internal.impl.descriptors.impl.SimpleFunctionDescriptorImpl  : loaded 2 times (x 200B)
Class kotlin.reflect.jvm.internal.impl.serialization.deserialization.descriptors.DeserializedCallableMemberDescriptor: loaded 2 times (x 72B)
Class kotlin.reflect.jvm.internal.impl.serialization.deserialization.builtins.BuiltInsPackageFragmentImpl: loaded 2 times (x 113B)
Class kotlin.reflect.jvm.internal.impl.metadata.ProtoBuf$VersionRequirement$VersionKind: loaded 2 times (x 84B)
Class kotlin.reflect.jvm.internal.impl.descriptors.runtime.components.ReflectKotlinClassFinderKt: loaded 2 times (x 73B)
Class kotlin.reflect.jvm.internal.impl.descriptors.impl.ModuleDependenciesImpl        : loaded 2 times (x 79B)
Class kotlin.reflect.jvm.internal.impl.resolve.jvm.SyntheticJavaPartsProvider$Companion: loaded 2 times (x 73B)
Class kotlin.reflect.jvm.internal.impl.resolve.jvm.SyntheticJavaPartsProvider         : loaded 2 times (x 72B)
Class kotlin.reflect.jvm.internal.impl.load.java.JavaTypeEnhancementState$Companion   : loaded 2 times (x 73B)
Class kotlin.reflect.jvm.internal.impl.builtins.jvm.JvmBuiltIns$WhenMappings          : loaded 2 times (x 73B)
Class kotlin.SynchronizedLazyImpl                                                     : loaded 2 times (x 78B)
Class com.google.common.reflect.Invokable$MethodInvokable                             : loaded 2 times (x 109B)
Class com.google.common.collect.MapMakerInternalMap$StrongKeyDummyValueEntry          : loaded 2 times (x 84B)
Class com.google.common.io.LineReader$1                                               : loaded 2 times (x 77B)
Class com.google.common.collect.CollectSpliterators                                   : loaded 2 times (x 73B)
Class com.google.common.collect.AbstractMapBasedMultimap$AsMap                        : loaded 2 times (x 130B)
Class com.google.common.base.Platform                                                 : loaded 2 times (x 73B)
Class jdk.internal.jimage.ImageReader$Directory                                       : loaded 2 times (x 86B)
Class [Lcom.android.builder.model.v2.ide.TestInfo$Execution;                          : loaded 2 times (x 71B)
Class com.android.builder.model.v2.dsl.ProductFlavor                                  : loaded 2 times (x 72B)
Class com.google.common.collect.CompoundOrdering                                      : loaded 2 times (x 117B)
Class org.gradle.tooling.internal.adapter.TypeInspector                               : loaded 2 times (x 75B)
Class org.gradle.tooling.internal.adapter.ProtocolToModelAdapter$NoOpDecoration       : loaded 2 times (x 81B)
Class org.gradle.tooling.model.Element                                                : loaded 2 times (x 72B)
Class org.jetbrains.kotlin.codegen.CompilationException                               : loaded 2 times (x 97B)
Class org.jetbrains.kotlin.build.report.metrics.GradleBuildTimeMetric                 : loaded 2 times (x 74B)
Class kotlin.reflect.jvm.internal.calls.CallerImpl$Method$Instance                    : loaded 2 times (x 83B)
Class kotlin.reflect.jvm.internal.calls.CallerImpl$Companion                          : loaded 2 times (x 73B)
Class [Lkotlin.reflect.jvm.internal.impl.descriptors.DeclarationDescriptorWithSource; : loaded 2 times (x 71B)
Class kotlin.reflect.jvm.internal.impl.protobuf.GeneratedMessageLite$ExtendableMessage$ExtensionWriter: loaded 2 times (x 75B)
Class kotlin.reflect.jvm.internal.impl.descriptors.PackageFragmentProviderKt          : loaded 2 times (x 73B)
Class kotlin.reflect.jvm.internal.impl.serialization.deserialization.ClassDeserializer$Companion: loaded 2 times (x 73B)
Class kotlin.reflect.jvm.internal.impl.protobuf.ByteString$ByteIterator               : loaded 2 times (x 72B)
Class kotlin.reflect.jvm.internal.impl.resolve.constants.ShortValue                   : loaded 2 times (x 76B)
Class com.google.common.collect.AbstractMapBasedMultimap$WrappedList                  : loaded 2 times (x 207B)
Class [Lorg.objectweb.asm.AnnotationWriter;                                           : loaded 2 times (x 71B)
Class com.google.common.collect.Maps$8                                                : loaded 2 times (x 84B)
Class com.google.common.collect.Lists$ReverseList$1                                   : loaded 2 times (x 101B)
Class org.jetbrains.kotlin.tooling.core.Extras                                        : loaded 2 times (x 72B)
Class org.jetbrains.kotlin.com.google.common.base.Function                            : loaded 2 times (x 72B)
Class kotlin.collections.ArrayAsCollection                                            : loaded 2 times (x 107B)
Class kotlin.reflect.jvm.internal.impl.utils.SmartSet$SingletonIterator               : loaded 2 times (x 83B)
Class kotlin.reflect.jvm.internal.impl.resolve.calls.inference.CapturedTypeConstructorKt: loaded 2 times (x 73B)
Class kotlin.reflect.jvm.internal.impl.types.model.TypeParameterMarker                : loaded 2 times (x 72B)
Class kotlin.reflect.jvm.internal.impl.metadata.deserialization.Flags$FlagField       : loaded 2 times (x 75B)
Class kotlin.reflect.jvm.internal.impl.descriptors.impl.VariableDescriptorImpl        : loaded 2 times (x 143B)
Class kotlin.reflect.jvm.internal.impl.descriptors.ClassConstructorDescriptor         : loaded 2 times (x 72B)
Class kotlin.reflect.jvm.internal.impl.renderer.OverrideRenderingPolicy               : loaded 2 times (x 81B)
Class kotlin.reflect.jvm.internal.impl.utils.WrappedValues$1                          : loaded 2 times (x 73B)
Class kotlin.reflect.jvm.internal.impl.descriptors.deserialization.PlatformDependentDeclarationFilter: loaded 2 times (x 72B)
Class kotlin.reflect.jvm.internal.impl.descriptors.Named                              : loaded 2 times (x 72B)
Class kotlin.LazyKt__LazyKt                                                           : loaded 2 times (x 73B)
Class [Lcom.google.common.collect.Iterators$EmptyModifiableIterator;                  : loaded 2 times (x 71B)
Class com.google.common.base.Predicates$CompositionPredicate                          : loaded 2 times (x 90B)
Class com.google.common.collect.Sets$SetView                                          : loaded 2 times (x 141B)
Class com.google.common.cache.LocalCache$StrongValueReference                         : loaded 2 times (x 92B)
Class org.gradle.tooling.model.internal.ImmutableDomainObjectSet                      : loaded 2 times (x 157B)
Class kotlin.jvm.internal.Ref$ObjectRef                                               : loaded 2 times (x 74B)
Class kotlin.reflect.jvm.internal.JvmFunctionSignature$KotlinFunction                 : loaded 2 times (x 75B)
Class kotlin.reflect.jvm.internal.impl.metadata.jvm.deserialization.ClassMapperLite   : loaded 2 times (x 73B)
Class kotlin.reflect.jvm.internal.impl.descriptors.impl.AbstractLazyTypeParameterDescriptor: loaded 2 times (x 125B)
Class [Lkotlin.reflect.jvm.internal.impl.metadata.ProtoBuf$Visibility;                : loaded 2 times (x 71B)
Class kotlin.reflect.jvm.internal.impl.metadata.jvm.deserialization.UtfEncodingKt     : loaded 2 times (x 73B)
Class kotlin.reflect.jvm.internal.impl.descriptors.runtime.components.ReflectKotlinClass$Factory: loaded 2 times (x 73B)
Class kotlin.reflect.jvm.internal.impl.serialization.deserialization.DeserializationConfiguration: loaded 2 times (x 72B)
Class kotlin.reflect.jvm.internal.impl.load.kotlin.header.KotlinClassHeader$Kind$Companion: loaded 2 times (x 73B)
Class kotlin.jvm.internal.ReflectionFactory                                           : loaded 2 times (x 93B)
Class kotlin.UNINITIALIZED_VALUE                                                      : loaded 2 times (x 73B)
Class com.google.common.graph.SuccessorsFunction                                      : loaded 2 times (x 72B)
Class org.objectweb.asm.Type                                                          : loaded 2 times (x 74B)
Class org.gradle.internal.classloader.VisitableURLClassLoader$InstrumentingVisitableURLClassLoader: loaded 2 times (x 124B)
Class [Lcom.android.builder.model.v2.ide.AndroidGradlePluginProjectFlags$BooleanFlag; : loaded 2 times (x 71B)
Class com.android.builder.model.v2.ide.AndroidGradlePluginProjectFlags                : loaded 2 times (x 72B)
Class com.android.builder.model.v2.ide.BasicVariant                                   : loaded 2 times (x 72B)
Class kotlin.collections.ReversedListReadOnly$listIterator$1                          : loaded 2 times (x 92B)
Class kotlin.reflect.jvm.internal.impl.metadata.jvm.deserialization.JvmFlags          : loaded 2 times (x 73B)
Class [Lorg.jetbrains.kotlin.cli.common.arguments.Disables;                           : loaded 2 times (x 71B)
Class kotlin.sequences.SequencesKt__SequencesKt$sequenceOf$1$1                        : loaded 2 times (x 81B)
Class kotlin.reflect.jvm.internal.impl.load.java.lazy.LazyJavaTypeParameterResolver   : loaded 2 times (x 77B)
Class kotlin.reflect.jvm.internal.impl.load.java.structure.JavaModifierListOwner      : loaded 2 times (x 72B)
Class kotlin.reflect.jvm.internal.impl.serialization.deserialization.NameResolverUtilKt: loaded 2 times (x 73B)
Class kotlin.reflect.jvm.internal.impl.metadata.ProtoBuf$EnumEntryOrBuilder           : loaded 2 times (x 72B)
Class kotlin.reflect.jvm.internal.impl.metadata.ProtoBuf$VersionRequirementTable      : loaded 2 times (x 98B)
Class [Lkotlin.reflect.jvm.internal.impl.renderer.PropertyAccessorRenderingPolicy;    : loaded 2 times (x 71B)
Class [Lkotlin.reflect.jvm.internal.impl.renderer.ParameterNameRenderingPolicy;       : loaded 2 times (x 71B)
Class kotlin.reflect.jvm.internal.impl.load.java.lazy.LazyJavaResolverContext         : loaded 2 times (x 74B)
Class [Lkotlin.reflect.jvm.internal.impl.resolve.jvm.JvmPrimitiveType;                : loaded 2 times (x 71B)
Class kotlin.jvm.internal.ClassBasedDeclarationContainer                              : loaded 2 times (x 72B)
Class com.google.common.collect.MapMakerInternalMap$StrongKeyDummyValueEntry$Helper   : loaded 2 times (x 81B)
Class com.google.common.io.Files$FileByteSink                                         : loaded 2 times (x 79B)
Class com.google.common.math.IntMath$1                                                : loaded 2 times (x 73B)
Class org.objectweb.asm.ByteVector                                                    : loaded 2 times (x 81B)
Class [Lcom.google.common.cache.CacheBuilder$NullListener;                            : loaded 2 times (x 71B)
Class org.gradle.internal.classloader.VisitableURLClassLoader$Spec                    : loaded 2 times (x 76B)
Class org.gradle.internal.classpath.DefaultClassPath                                  : loaded 2 times (x 92B)
Class jdk.internal.jimage.decompressor.ZipDecompressorFactory                         : loaded 2 times (x 76B)
Class com.android.builder.model.v2.ide.BundleInfo                                     : loaded 2 times (x 72B)
Class com.android.builder.model.v2.ide.SourceProvider                                 : loaded 2 times (x 72B)
Class org.gradle.util.internal.DefaultGradleVersion                                   : loaded 2 times (x 84B)
Class org.jetbrains.kotlin.compilerRunner.OutputItemsCollector                        : loaded 2 times (x 72B)
Class kotlin.reflect.jvm.internal.impl.types.checker.NewTypeVariableConstructor       : loaded 2 times (x 72B)
Class kotlin.reflect.jvm.internal.impl.types.TypeProjectionImpl                       : loaded 2 times (x 84B)
Class kotlin.reflect.jvm.internal.impl.descriptors.runtime.structure.ReflectJavaModifierListOwner: loaded 2 times (x 72B)
Class kotlin.reflect.jvm.internal.impl.protobuf.LazyStringList                        : loaded 2 times (x 72B)
Class kotlin.reflect.jvm.internal.impl.protobuf.RopeByteString$RopeInputStream        : loaded 2 times (x 94B)
Class kotlin.reflect.jvm.internal.impl.load.kotlin.KotlinJvmBinaryClass$AnnotationArgumentVisitor: loaded 2 times (x 72B)
Class kotlin.reflect.jvm.internal.impl.renderer.AnnotationArgumentsRenderingPolicy    : loaded 2 times (x 81B)
Class kotlin.reflect.jvm.internal.impl.load.kotlin.PackagePartProvider$Empty          : loaded 2 times (x 76B)
Class kotlin.reflect.jvm.internal.impl.descriptors.annotations.Annotations$Companion$EMPTY$1: loaded 2 times (x 86B)
Class kotlin.reflect.jvm.internal.impl.descriptors.runtime.components.RuntimeModuleData: loaded 2 times (x 74B)
Class com.google.common.reflect.Types$ClassOwnership                                  : loaded 2 times (x 82B)
Class com.google.common.base.AbstractIterator                                         : loaded 2 times (x 82B)
Class org.objectweb.asm.Symbol                                                        : loaded 2 times (x 75B)
Class org.jetbrains.kotlin.config.ApiVersion$Companion                                : loaded 2 times (x 73B)
Class kotlin.annotation.Repeatable                                                    : loaded 2 times (x 72B)
Class [Lkotlin.reflect.jvm.internal.impl.resolve.ExternalOverridabilityCondition$Contract;: loaded 2 times (x 71B)
Class kotlin.reflect.jvm.internal.impl.load.java.JavaClassFinder$Request              : loaded 2 times (x 74B)
Class kotlin.reflect.jvm.internal.impl.protobuf.LazyStringArrayList                   : loaded 2 times (x 263B)
Class kotlin.reflect.jvm.internal.impl.metadata.ProtoBuf$Class$Kind$1                 : loaded 2 times (x 76B)
Class kotlin.reflect.jvm.internal.impl.builtins.jvm.JvmBuiltInsCustomizer$createMockJavaIoSerializableType$mockJavaIoPackageFragment$1: loaded 2 times (x 107B)
Class kotlin.reflect.jvm.internal.impl.storage.LockBasedStorageManager$CacheWithNotNullValuesBasedOnMemoizedFunction: loaded 2 times (x 88B)
Class kotlin.reflect.jvm.internal.impl.incremental.components.LookupLocation          : loaded 2 times (x 72B)
Class kotlin.reflect.KType                                                            : loaded 2 times (x 72B)
Class com.google.common.collect.Sets$FilteredSet                                      : loaded 2 times (x 139B)
Class com.google.common.io.Closer                                                     : loaded 2 times (x 80B)
Class com.google.common.io.Java8Compatibility                                         : loaded 2 times (x 73B)
Class com.google.common.collect.RegularImmutableMap$Values                            : loaded 2 times (x 209B)
Class org.gradle.internal.classloader.ClassLoaderSpec                                 : loaded 2 times (x 73B)
Class org.jetbrains.kotlin.build.report.metrics.CODE_GENERATION_LPS                   : loaded 2 times (x 74B)
Class kotlin.collections.ReversedListReadOnly                                         : loaded 2 times (x 200B)
Class kotlin.text.DelimitedRangesSequence                                             : loaded 2 times (x 77B)
Class [Lkotlin.reflect.jvm.internal.impl.load.java.AnnotationQualifierApplicabilityType;: loaded 2 times (x 71B)
Class kotlin.reflect.jvm.internal.impl.descriptors.runtime.structure.Java16SealedRecordLoader$Cache: loaded 2 times (x 74B)
Class kotlin.reflect.jvm.internal.impl.serialization.deserialization.DeserializedPackageFragmentImpl: loaded 2 times (x 111B)
Class kotlin.reflect.jvm.internal.impl.metadata.ProtoBuf$EnumEntry$1                  : loaded 2 times (x 89B)
Class kotlin.reflect.jvm.internal.impl.load.java.FieldOverridabilityCondition         : loaded 2 times (x 77B)
Class kotlin.reflect.jvm.internal.impl.types.checker.NewKotlinTypeChecker             : loaded 2 times (x 72B)
Class kotlin.reflect.jvm.internal.impl.load.java.NullabilityAnnotationStates          : loaded 2 times (x 72B)
Class kotlin.reflect.jvm.internal.impl.descriptors.impl.PackageViewDescriptorFactory  : loaded 2 times (x 72B)
Class kotlin.reflect.jvm.internal.ReflectProperties$Val$1                             : loaded 2 times (x 73B)
Class com.google.common.io.ByteSource$EmptyByteSource                                 : loaded 2 times (x 87B)
Class org.objectweb.asm.AnnotationWriter                                              : loaded 2 times (x 80B)
Class com.google.common.cache.CacheStats                                              : loaded 2 times (x 73B)
Class [Lcom.android.builder.model.v2.ide.ProjectType;                                 : loaded 2 times (x 71B)
Class org.gradle.tooling.internal.adapter.ProtocolToModelAdapter$DefaultViewBuilder   : loaded 2 times (x 82B)
Class kotlin.time.DurationKt                                                          : loaded 2 times (x 73B)
Class kotlin.reflect.jvm.internal.impl.load.java.BuiltinSpecialProperties             : loaded 2 times (x 73B)
Class kotlin.reflect.jvm.internal.impl.metadata.deserialization.VersionRequirementTable: loaded 2 times (x 74B)
Class kotlin.reflect.jvm.internal.impl.utils.WrappedValues$ThrowableWrapper           : loaded 2 times (x 74B)
Class [Lkotlin.reflect.jvm.internal.impl.renderer.OverrideRenderingPolicy;            : loaded 2 times (x 71B)
Class com.google.common.collect.Interners                                             : loaded 2 times (x 73B)
Class com.google.common.io.Closer$Suppressor                                          : loaded 2 times (x 72B)
Class com.google.common.io.LineProcessor                                              : loaded 2 times (x 72B)
Class com.google.common.collect.ImmutableMultisetGwtSerializationDependencies         : loaded 2 times (x 127B)
Class org.objectweb.asm.RecordComponentWriter                                         : loaded 2 times (x 79B)
Class com.google.common.util.concurrent.AbstractFuture$Listener                       : loaded 2 times (x 74B)
Class Settings_gradle$1$1                                                             : loaded 2 times (x 76B)
Class org.gradle.api.internal.classpath.Module$ModuleAlias                            : loaded 2 times (x 72B)
Class com.android.ide.common.gradle.Version$Companion$ParseState                      : loaded 2 times (x 72B)
Class [Lcom.android.builder.model.v2.ide.AaptOptions$Namespacing;                     : loaded 2 times (x 71B)
Class org.gradle.tooling.internal.adapter.ProtocolToModelAdapter$ViewGraphDetails$1   : loaded 2 times (x 79B)
Class org.jetbrains.kotlin.config.Services$Builder                                    : loaded 2 times (x 74B)
Class org.jetbrains.kotlin.build.report.metrics.GRADLE_TASK_ACTION                    : loaded 2 times (x 74B)
Class kotlin.io.FileTreeWalk$DirectoryState                                           : loaded 2 times (x 75B)
Class kotlin.reflect.jvm.internal.impl.descriptors.impl.ValueParameterDescriptorImpl$WithDestructuringDeclaration: loaded 2 times (x 167B)
Class kotlin.reflect.jvm.internal.impl.protobuf.Parser                                : loaded 2 times (x 72B)
Class kotlin.reflect.jvm.internal.impl.protobuf.MessageLite                           : loaded 2 times (x 72B)
Class kotlin.reflect.jvm.internal.impl.types.KotlinTypeFactory                        : loaded 2 times (x 73B)
Class kotlin.reflect.jvm.internal.impl.descriptors.PackageFragmentProviderOptimized   : loaded 2 times (x 72B)
Class kotlin.reflect.jvm.internal.impl.resolve.jvm.CompositeSyntheticJavaPartsProvider: loaded 2 times (x 81B)
Class kotlin.reflect.jvm.internal.impl.load.java.components.JavaResolverCache         : loaded 2 times (x 72B)
Class org.objectweb.asm.Attribute                                                     : loaded 2 times (x 79B)
Class com.google.common.base.Supplier                                                 : loaded 2 times (x 72B)
Class org.gradle.internal.classloader.VisitableURLClassLoader                         : loaded 2 times (x 118B)
Class com.android.ide.common.repository.AgpVersion$Companion                          : loaded 2 times (x 73B)
Class org.gradle.tooling.model.eclipse.EclipseProject                                 : loaded 2 times (x 72B)
Class org.gradle.tooling.model.idea.IdeaDependency                                    : loaded 2 times (x 72B)
Class org.jetbrains.kotlin.build.report.metrics.INCREMENTAL_SHRINK_CURRENT_CLASSPATH_SNAPSHOT: loaded 2 times (x 74B)
Class [Lkotlin.DeprecationLevel;                                                      : loaded 2 times (x 71B)
Class kotlinx.coroutines.flow.FlowCollector                                           : loaded 2 times (x 72B)
Class [Lkotlin.reflect.jvm.internal.impl.serialization.deserialization.AnnotatedCallableKind;: loaded 2 times (x 71B)
Class kotlin.sequences.GeneratorSequence                                              : loaded 2 times (x 77B)
Class kotlin.reflect.jvm.internal.impl.resolve.scopes.ResolutionScope$DefaultImpls    : loaded 2 times (x 73B)
Class kotlin.reflect.jvm.internal.impl.metadata.ProtoBuf$Type$ArgumentOrBuilder       : loaded 2 times (x 72B)
Class kotlin.reflect.jvm.internal.impl.builtins.functions.BuiltInFictitiousFunctionClassFactory: loaded 2 times (x 79B)
Class kotlin.reflect.jvm.internal.impl.metadata.ProtoBuf$AnnotationOrBuilder          : loaded 2 times (x 72B)
Class kotlin.reflect.jvm.internal.impl.protobuf.GeneratedMessageLite$GeneratedExtension: loaded 2 times (x 80B)
Class kotlin.reflect.jvm.internal.impl.load.kotlin.DeserializationComponentsForJava   : loaded 2 times (x 74B)
Class kotlin.reflect.jvm.internal.KClassImpl                                          : loaded 2 times (x 117B)
Class com.google.common.collect.ImmutableList$SerializedForm                          : loaded 2 times (x 75B)
Class Settings_gradle                                                                 : loaded 2 times (x 126B)
Class jdk.internal.jimage.decompressor.ZipDecompressor                                : loaded 2 times (x 77B)
Class com.android.ide.common.gradle.Version$Companion                                 : loaded 2 times (x 73B)
Class [Lcom.android.builder.model.v2.ide.BytecodeTransformation;                      : loaded 2 times (x 71B)
Class com.android.builder.model.v2.ide.AaptOptions                                    : loaded 2 times (x 72B)
Class kotlin.reflect.jvm.internal.impl.load.java.lazy.descriptors.LazyJavaStaticClassScope: loaded 2 times (x 106B)
Class kotlin.reflect.jvm.internal.impl.protobuf.Utf8                                  : loaded 2 times (x 73B)
Class kotlin.reflect.jvm.internal.impl.metadata.builtins.BuiltInsBinaryVersion        : loaded 2 times (x 74B)
Class kotlin.reflect.jvm.internal.impl.load.java.lazy.descriptors.LazyJavaPackageScope$KotlinClassLookupResult$Found: loaded 2 times (x 74B)
Class kotlin.reflect.jvm.internal.impl.metadata.ProtoBuf$MemberKind                   : loaded 2 times (x 84B)
Class [Lkotlin.reflect.jvm.internal.impl.serialization.deserialization.descriptors.DeserializedContainerAbiStability;: loaded 2 times (x 71B)
Class kotlin.reflect.jvm.internal.impl.load.java.JvmAnnotationNames                   : loaded 2 times (x 73B)
Class kotlin.reflect.jvm.internal.impl.protobuf.SmallSortedMap$1                      : loaded 2 times (x 130B)
Class kotlin.reflect.jvm.internal.impl.resolve.descriptorUtil.DescriptorUtilsKt       : loaded 2 times (x 73B)
Class kotlin.reflect.jvm.internal.impl.renderer.ClassifierNamePolicy$FULLY_QUALIFIED  : loaded 2 times (x 76B)
Class kotlin.properties.ReadWriteProperty                                             : loaded 2 times (x 72B)
Class com.google.common.collect.MapMakerInternalMap                                   : loaded 2 times (x 162B)
Class com.google.common.base.Strings                                                  : loaded 2 times (x 73B)
Class com.google.common.collect.Sets                                                  : loaded 2 times (x 73B)
Class org.objectweb.asm.Handler                                                       : loaded 2 times (x 74B)
Class com.google.common.base.Ticker                                                   : loaded 2 times (x 74B)
Class sync_studio_tooling4_a5a8fe20s389l5gpmf3ihbqra$_run_closure1                    : loaded 2 times (x 140B)
Class com.android.builder.model.v2.models.ndk.NativeModelBuilderParameter             : loaded 2 times (x 72B)
Class org.jetbrains.kotlin.incremental.IncrementalCompilationFeatures                 : loaded 2 times (x 73B)
Class kotlin.reflect.jvm.internal.impl.load.java.JavaDescriptorVisibilities           : loaded 2 times (x 73B)
Class kotlin.jvm.internal.markers.KMutableIterator                                    : loaded 2 times (x 72B)
Class kotlin.reflect.jvm.internal.impl.types.KotlinTypeKt                             : loaded 2 times (x 73B)
Class kotlin.reflect.jvm.internal.impl.load.java.lazy.descriptors.LazyJavaPackageScope$KotlinClassLookupResult$SyntheticClass: loaded 2 times (x 73B)
Class kotlin.reflect.jvm.internal.impl.descriptors.VariableDescriptorWithAccessors    : loaded 2 times (x 72B)
Class kotlin.reflect.jvm.internal.impl.resolve.constants.ULongValue                   : loaded 2 times (x 76B)
Class kotlin.reflect.jvm.internal.impl.resolve.constants.UByteValue                   : loaded 2 times (x 76B)
Class kotlin.reflect.jvm.internal.impl.load.kotlin.BinaryClassAnnotationAndConstantLoaderImpl: loaded 2 times (x 101B)
Class com.google.common.cache.RemovalCause$1                                          : loaded 2 times (x 82B)
Class [Lcom.google.common.cache.LocalCache$Segment;                                   : loaded 2 times (x 71B)
Class [Lcom.google.common.cache.LocalCache$Strength;                                  : loaded 2 times (x 71B)
Class com.google.common.cache.CacheBuilder$1                                          : loaded 2 times (x 87B)
Class com.google.common.collect.ImmutableMap                                          : loaded 2 times (x 122B)
Class org.gradle.internal.classpath.DefaultClassPath$ImmutableUniqueList$Builder      : loaded 2 times (x 77B)
Class org.gradle.tooling.internal.adapter.WeakIdentityHashMap$AbsentValueProvider     : loaded 2 times (x 72B)
Class org.jetbrains.kotlin.utils.exceptions.KotlinExceptionWithAttachments            : loaded 2 times (x 72B)
Class org.jetbrains.kotlin.build.report.metrics.IC_DETECT_REMOVED_CLASSES             : loaded 2 times (x 74B)
Class kotlin.io.FileTreeWalk$WalkState                                                : loaded 2 times (x 75B)
Class kotlin.reflect.jvm.internal.impl.metadata.jvm.JvmProtoBuf$JvmPropertySignatureOrBuilder: loaded 2 times (x 72B)
Class kotlin.reflect.jvm.internal.impl.descriptors.ValueDescriptor                    : loaded 2 times (x 72B)
Class kotlin.reflect.jvm.internal.impl.renderer.DescriptorRendererOptionsImpl$property$$inlined$vetoable$1: loaded 2 times (x 85B)
Class kotlin.jvm.functions.Function3                                                  : loaded 2 times (x 72B)
Class kotlin.reflect.jvm.internal.KDeclarationContainerImpl$Data                      : loaded 2 times (x 74B)
Class com.google.common.cache.RemovalCause$2                                          : loaded 2 times (x 82B)
Class com.google.common.collect.MapMakerInternalMap$WeakValueReference                : loaded 2 times (x 72B)
Class com.google.common.cache.LocalCache                                              : loaded 2 times (x 188B)
Class com.google.common.cache.CacheBuilder$2                                          : loaded 2 times (x 81B)
Class org.gradle.internal.exceptions.NonGradleCauseExceptionsHolder                   : loaded 2 times (x 72B)
Class org.gradle.tooling.model.idea.IdeaModuleDependency                              : loaded 2 times (x 72B)
Class org.gradle.tooling.internal.adapter.ViewBuilder                                 : loaded 2 times (x 72B)
Class org.jetbrains.kotlin.build.report.metrics.STORE_BUILD_INFO                      : loaded 2 times (x 74B)
Class kotlin.reflect.jvm.internal.impl.descriptors.runtime.structure.ReflectJavaClassifierType: loaded 2 times (x 94B)
Class org.jetbrains.kotlin.cli.common.arguments.K2JVMCompilerArguments                : loaded 2 times (x 77B)
Class kotlin.reflect.jvm.internal.impl.serialization.deserialization.descriptors.DeserializedClassDescriptor: loaded 2 times (x 178B)
Class kotlin.reflect.jvm.internal.impl.load.kotlin.KotlinJvmBinaryClass$AnnotationArrayArgumentVisitor: loaded 2 times (x 72B)
Class kotlin.reflect.jvm.internal.impl.load.java.structure.JavaAnnotationOwner        : loaded 2 times (x 72B)
Class [Lkotlin.reflect.jvm.internal.impl.protobuf.WireFormat$JavaType;                : loaded 2 times (x 71B)
Class kotlin.reflect.jvm.internal.impl.types.model.TypeArgumentMarker                 : loaded 2 times (x 72B)
Class kotlin.reflect.jvm.internal.impl.renderer.RenderingFormat$HTML                  : loaded 2 times (x 82B)
Class kotlin.reflect.jvm.internal.impl.descriptors.DeclarationDescriptorWithVisibility: loaded 2 times (x 72B)
Class kotlin.reflect.jvm.internal.impl.storage.EmptySimpleLock                        : loaded 2 times (x 77B)
Class kotlin.reflect.jvm.internal.impl.builtins.PrimitiveType$Companion               : loaded 2 times (x 73B)
Class kotlin.reflect.jvm.internal.KClassImpl$Data                                     : loaded 2 times (x 74B)
Class com.google.common.cache.RemovalCause$3                                          : loaded 2 times (x 82B)
Class com.google.common.collect.ArrayListMultimap                                     : loaded 2 times (x 173B)
Class com.google.common.cache.CacheBuilder$3                                          : loaded 2 times (x 74B)
Class [Lcom.google.common.collect.AbstractMapEntry;                                   : loaded 2 times (x 71B)
Class com.google.common.collect.ImmutableEntry                                        : loaded 2 times (x 84B)
Class ijInit1_11vqlwagrmqhcgwnw0hsow9sa$_run_closure1                                 : loaded 2 times (x 141B)
Class jdk.internal.jimage.ImageStrings                                                : loaded 2 times (x 72B)
Class com.android.ide.common.gradle.Version                                           : loaded 2 times (x 77B)
Class com.android.builder.model.v2.ide.AndroidLibraryData                             : loaded 2 times (x 72B)
Class com.android.builder.model.v2.ide.ApiVersion                                     : loaded 2 times (x 72B)
Class org.gradle.tooling.model.eclipse.HierarchicalEclipseProject                     : loaded 2 times (x 72B)
Class kotlin.reflect.jvm.internal.impl.types.TypeConstructorSubstitution$Companion    : loaded 2 times (x 73B)
Class kotlin.reflect.jvm.internal.impl.load.java.structure.JavaNamedElement           : loaded 2 times (x 72B)
Class kotlin.reflect.jvm.internal.impl.metadata.ProtoBuf$Annotation$Builder           : loaded 2 times (x 93B)
Class kotlin.reflect.jvm.internal.impl.metadata.ProtoBuf$PackageFragmentOrBuilder     : loaded 2 times (x 72B)
Class kotlin.reflect.jvm.internal.impl.descriptors.ScopesHolderForClass$Companion     : loaded 2 times (x 73B)
Class [Lkotlin.reflect.jvm.internal.impl.metadata.ProtoBuf$TypeParameter$Variance;    : loaded 2 times (x 71B)
Class kotlin.reflect.jvm.internal.impl.types.checker.KotlinTypeRefiner                : loaded 2 times (x 81B)
Class kotlin.reflect.jvm.internal.impl.descriptors.DeclarationDescriptorWithSource    : loaded 2 times (x 72B)
Class kotlin.jvm.functions.Function5                                                  : loaded 2 times (x 72B)
Class com.google.common.cache.RemovalCause$4                                          : loaded 2 times (x 82B)
Class com.google.common.base.Suppliers$MemoizingSupplier                              : loaded 2 times (x 81B)
Class com.google.common.collect.CollectPreconditions                                  : loaded 2 times (x 73B)
Class com.android.builder.model.v2.models.Versions$Version                            : loaded 2 times (x 72B)
Class kotlin.reflect.jvm.internal.impl.descriptors.impl.PropertyDescriptorImpl$CopyConfiguration: loaded 2 times (x 84B)
Class [Lkotlin.reflect.jvm.internal.impl.load.java.typeEnhancement.NullabilityQualifier;: loaded 2 times (x 71B)
Class kotlin.reflect.jvm.internal.impl.descriptors.runtime.structure.ReflectJavaAnnotationOwnerKt: loaded 2 times (x 73B)
Class kotlin.reflect.jvm.internal.impl.types.TypeSubstitutor$SubstitutionException    : loaded 2 times (x 84B)
Class kotlin.reflect.jvm.internal.impl.load.java.lazy.descriptors.LazyJavaClassDescriptor: loaded 2 times (x 179B)
Class kotlin.reflect.jvm.internal.impl.metadata.ProtoBuf$StringTableOrBuilder         : loaded 2 times (x 72B)
Class kotlin.reflect.jvm.internal.impl.serialization.deserialization.DeserializationContext: loaded 2 times (x 74B)
Class kotlin.reflect.jvm.internal.impl.metadata.ProtoBuf$Type$Argument                : loaded 2 times (x 98B)
Class kotlin.reflect.jvm.internal.impl.load.java.lazy.LazyJavaAnnotationsKt           : loaded 2 times (x 73B)
Class kotlin.reflect.jvm.internal.impl.resolve.ResolutionAnchorProviderKt             : loaded 2 times (x 73B)
Class kotlin.reflect.jvm.internal.impl.protobuf.ByteString$Output                     : loaded 2 times (x 88B)
Class kotlin.reflect.jvm.internal.impl.descriptors.Visibilities$Private               : loaded 2 times (x 77B)
Class kotlin.reflect.jvm.internal.impl.renderer.ClassifierNamePolicy                  : loaded 2 times (x 72B)
Class kotlin.reflect.jvm.internal.impl.load.java.JavaNullabilityAnnotationsStatus$Companion: loaded 2 times (x 73B)
Class kotlin.reflect.jvm.internal.impl.types.model.TypeArgumentListMarker             : loaded 2 times (x 72B)
Class kotlin.reflect.jvm.internal.impl.storage.NullableLazyValue                      : loaded 2 times (x 72B)
Class kotlin.jvm.functions.Function6                                                  : loaded 2 times (x 72B)
Class kotlin.reflect.jvm.internal.KTypeParameterOwnerImpl                             : loaded 2 times (x 72B)
Class com.google.common.cache.RemovalCause$5                                          : loaded 2 times (x 82B)
Class com.google.common.collect.Maps$AbstractFilteredMap                              : loaded 2 times (x 129B)
Class [Lcom.google.common.collect.MapMakerInternalMap$Strength;                       : loaded 2 times (x 71B)
Class [Lcom.google.common.io.FileWriteMode;                                           : loaded 2 times (x 71B)
Class com.google.common.collect.SortedMapDifference                                   : loaded 2 times (x 72B)
Class org.gradle.tooling.internal.adapter.ProtocolToModelAdapter$ReflectionMethodInvoker: loaded 2 times (x 78B)
Class [Lkotlin.time.DurationUnit;                                                     : loaded 2 times (x 71B)
Class kotlin.reflect.jvm.internal.impl.load.java.lazy.descriptors.ClassDeclaredMemberIndex: loaded 2 times (x 88B)
Class org.jetbrains.kotlin.cli.common.arguments.CommonCompilerArguments               : loaded 2 times (x 76B)
Class kotlin.reflect.jvm.internal.FunctionWithAllInvokes                              : loaded 2 times (x 72B)
Class kotlin.reflect.jvm.internal.impl.resolve.jvm.JavaDescriptorResolver             : loaded 2 times (x 74B)
Class kotlin.reflect.jvm.internal.impl.metadata.ProtoBuf$TypeTableOrBuilder           : loaded 2 times (x 72B)
Class kotlin.reflect.jvm.internal.impl.descriptors.DescriptorVisibilities$10          : loaded 2 times (x 76B)
Class kotlin.jvm.functions.Function7                                                  : loaded 2 times (x 72B)
Class kotlin.reflect.jvm.internal.impl.name.Name                                      : loaded 2 times (x 77B)
Class com.google.common.cache.LocalCache$HashIterator                                 : loaded 2 times (x 88B)
Class com.google.common.collect.MapMakerInternalMap$StrongKeyDummyValueSegment        : loaded 2 times (x 143B)
Class com.google.common.collect.Iterables$4                                           : loaded 2 times (x 83B)
Class com.google.common.io.Files                                                      : loaded 2 times (x 73B)
Class com.google.common.cache.LocalCache$EntryFactory                                 : loaded 2 times (x 85B)
Class [Lcom.android.ide.common.gradle.Separator;                                      : loaded 2 times (x 71B)
Class com.google.common.collect.NullsLastOrdering                                     : loaded 2 times (x 117B)
Class org.jetbrains.kotlin.tooling.core.HasMutableExtras                              : loaded 2 times (x 72B)
Class [Lkotlin.annotation.AnnotationRetention;                                        : loaded 2 times (x 71B)
Class [Lkotlin.reflect.jvm.internal.impl.load.java.SpecialGenericSignatures$TypeSafeBarrierDescription;: loaded 2 times (x 71B)
Class org.jetbrains.kotlin.cli.common.arguments.CommonCompilerArgumentsConfigurator   : loaded 2 times (x 76B)
Class kotlin.collections.builders.MapBuilder$Companion                                : loaded 2 times (x 73B)
Class kotlin.reflect.jvm.internal.impl.types.TypeSubstitution$replaceWithNonApproximating$1: loaded 2 times (x 80B)
Class kotlin.reflect.jvm.internal.impl.descriptors.DescriptorVisibilities$11          : loaded 2 times (x 76B)
Class kotlin.reflect.jvm.internal.impl.storage.LockBasedStorageManager$CacheWithNullableValuesBasedOnMemoizedFunction$1: loaded 2 times (x 78B)
Class kotlin.reflect.jvm.internal.impl.load.java.AnnotationTypeQualifierResolver      : loaded 2 times (x 74B)
Class kotlin.reflect.jvm.internal.impl.descriptors.DeclarationDescriptor              : loaded 2 times (x 72B)
Class kotlin.reflect.jvm.internal.impl.storage.LockBasedStorageManager                : loaded 2 times (x 97B)
Class kotlin.jvm.functions.Function8                                                  : loaded 2 times (x 72B)
Class kotlin.reflect.jvm.internal.impl.name.FqNameUnsafe                              : loaded 2 times (x 74B)
Class com.google.common.reflect.Types$NativeTypeVariableEquals                        : loaded 2 times (x 73B)
Class com.google.common.reflect.TypeParameter                                         : loaded 2 times (x 74B)
Class com.google.common.collect.Iterables$5                                           : loaded 2 times (x 83B)
Class [Lcom.google.common.collect.MapMaker$Dummy;                                     : loaded 2 times (x 71B)
Class com.google.common.cache.LocalCache$AbstractReferenceEntry                       : loaded 2 times (x 109B)
Class com.android.builder.model.v2.models.VariantDependencies                         : loaded 2 times (x 72B)
Class org.jetbrains.kotlin.utils.KotlinExceptionWithAttachments                       : loaded 2 times (x 96B)
Class kotlin.annotation.MustBeDocumented                                              : loaded 2 times (x 72B)
Class kotlin.reflect.jvm.internal.impl.descriptors.java.JavaVisibilities$PackageVisibility: loaded 2 times (x 77B)
Class kotlin.reflect.jvm.internal.impl.metadata.builtins.BuiltInsBinaryVersion$Companion: loaded 2 times (x 73B)
Class kotlin.reflect.jvm.internal.impl.load.java.lazy.descriptors.LazyJavaPackageScope$FindClassRequest: loaded 2 times (x 74B)
Class kotlin.reflect.jvm.internal.impl.resolve.scopes.LazyScopeAdapter                : loaded 2 times (x 96B)
Class kotlin.reflect.jvm.internal.impl.descriptors.DescriptorVisibilities$12          : loaded 2 times (x 76B)
Class kotlin.reflect.jvm.internal.impl.renderer.DescriptorRendererModifier$Companion  : loaded 2 times (x 73B)
Class kotlin.reflect.jvm.internal.impl.descriptors.SourceElement$1                    : loaded 2 times (x 76B)
Class kotlin.reflect.jvm.internal.impl.load.kotlin.DeserializationComponentsForJavaKt$makeLazyJavaPackageFragmentProvider$javaResolverComponents$1: loaded 2 times (x 76B)
Class kotlin.reflect.jvm.internal.impl.descriptors.annotations.Annotations$Companion  : loaded 2 times (x 73B)
Class kotlin.jvm.functions.Function10                                                 : loaded 2 times (x 72B)
Class kotlin.jvm.functions.Function9                                                  : loaded 2 times (x 72B)
Class [Lkotlin.reflect.KClassifier;                                                   : loaded 2 times (x 71B)
Class kotlin.reflect.jvm.internal.EmptyContainerForLocal                              : loaded 2 times (x 86B)
Class [Lkotlin.LazyThreadSafetyMode;                                                  : loaded 2 times (x 71B)
Class com.google.common.collect.ImmutableMapKeySet                                    : loaded 2 times (x 154B)
Class org.objectweb.asm.SymbolTable                                                   : loaded 2 times (x 74B)
Class com.google.common.cache.CacheLoader$InvalidCacheLoadException                   : loaded 2 times (x 84B)
Class com.android.builder.model.v2.ide.TestedTargetVariant                            : loaded 2 times (x 72B)
Class org.gradle.internal.exceptions.MultiCauseException                              : loaded 2 times (x 72B)
Class org.gradle.internal.time.CountdownTimer                                         : loaded 2 times (x 72B)
Class kotlin.jvm.internal.PropertyReference0Impl                                      : loaded 2 times (x 149B)
Class org.jetbrains.kotlin.cli.common.ExitCode                                        : loaded 2 times (x 81B)
Class org.jetbrains.kotlin.compilerRunner.ArgumentsToStrings                          : loaded 2 times (x 73B)
Class kotlin.reflect.jvm.internal.impl.types.DisjointKeysUnionTypeSubstitution$Companion: loaded 2 times (x 73B)
Class kotlin.reflect.jvm.internal.impl.load.java.lazy.descriptors.LazyJavaClassDescriptor$Companion: loaded 2 times (x 73B)
Class kotlin.reflect.jvm.internal.impl.descriptors.impl.ClassConstructorDescriptorImpl: loaded 2 times (x 217B)
Class kotlin.reflect.jvm.internal.impl.resolve.scopes.MemberScopeImpl                 : loaded 2 times (x 94B)
Class kotlin.reflect.jvm.internal.impl.resolve.constants.UShortValue                  : loaded 2 times (x 76B)
Class kotlin.reflect.jvm.internal.impl.types.checker.KotlinTypeRefiner$Default        : loaded 2 times (x 81B)
Class kotlin.jvm.functions.Function11                                                 : loaded 2 times (x 72B)
Class com.google.common.collect.FluentIterable                                        : loaded 2 times (x 83B)
Class com.google.common.cache.LocalCache$StrongEntry                                  : loaded 2 times (x 110B)
Class com.google.common.util.concurrent.AbstractFuture$TrustedFuture                  : loaded 2 times (x 116B)
Class com.google.common.cache.LoadingCache                                            : loaded 2 times (x 72B)
Class jdk.internal.jrtfs.JrtFileSystem                                                : loaded 2 times (x 104B)
Class org.gradle.tooling.model.ProjectModel                                           : loaded 2 times (x 72B)
Class org.gradle.tooling.model.gradle.GradleBuild                                     : loaded 2 times (x 72B)
Class kotlin.sequences.TakeWhileSequence                                              : loaded 2 times (x 77B)
Class kotlin.io.FileTreeWalk$FileTreeWalkIterator$TopDownDirectoryState               : loaded 2 times (x 75B)
Class kotlin.reflect.jvm.internal.impl.types.DefinitelyNotNullType                    : loaded 2 times (x 100B)
Class kotlin.reflect.jvm.internal.impl.types.DescriptorSubstitutor                    : loaded 2 times (x 73B)
Class kotlin.reflect.jvm.internal.impl.load.java.structure.JavaClassifier             : loaded 2 times (x 72B)
Class kotlin.reflect.jvm.internal.impl.load.java.lazy.ContextKt                       : loaded 2 times (x 73B)
Class kotlin.reflect.jvm.internal.impl.metadata.ProtoBuf$Annotation$Argument$Value$1  : loaded 2 times (x 89B)
Class kotlin.reflect.jvm.internal.impl.renderer.DescriptorRendererImpl$RenderDeclarationDescriptorVisitor: loaded 2 times (x 89B)
Class kotlin.jvm.functions.Function12                                                 : loaded 2 times (x 72B)
Class com.google.common.io.ByteStreams$LimitedInputStream                             : loaded 2 times (x 94B)
Class com.google.common.base.Suppliers$NonSerializableMemoizingSupplier               : loaded 2 times (x 81B)
Class org.objectweb.asm.MethodWriter                                                  : loaded 2 times (x 107B)
Class [Lcom.google.common.cache.Weigher;                                              : loaded 2 times (x 71B)
Class com.google.common.collect.RegularImmutableMap$BucketOverflowException           : loaded 2 times (x 84B)
Class jdk.internal.jimage.decompressor.CompressedResourceHeader                       : loaded 2 times (x 73B)
Class com.android.ide.common.gradle.Version$Companion$ParseState$EMPTY                : loaded 2 times (x 76B)
Class org.jetbrains.kotlin.build.report.metrics.COMPILE_ITERATION                     : loaded 2 times (x 74B)
Class kotlin.text.Charsets                                                            : loaded 2 times (x 73B)
Class org.jetbrains.kotlin.cli.common.CompilerSystemProperties$Companion              : loaded 2 times (x 73B)
Class kotlin.reflect.jvm.ReflectJvmMapping                                            : loaded 2 times (x 73B)
Class kotlin.reflect.jvm.internal.impl.load.java.PropertiesConventionUtilKt           : loaded 2 times (x 73B)
Class kotlin.reflect.jvm.internal.impl.load.java.typeEnhancement.NullabilityQualifier : loaded 2 times (x 81B)
Class kotlin.reflect.jvm.internal.impl.types.TypeProjectionBase                       : loaded 2 times (x 83B)
Class kotlin.reflect.jvm.internal.impl.metadata.ProtoBuf$Modality                     : loaded 2 times (x 84B)
Class kotlin.reflect.jvm.internal.impl.protobuf.WireFormat                            : loaded 2 times (x 73B)
Class [Lkotlin.reflect.jvm.internal.impl.descriptors.ModuleDescriptor;                : loaded 2 times (x 71B)
Class kotlin.reflect.jvm.internal.impl.metadata.ProtoBuf$TypeParameterOrBuilder       : loaded 2 times (x 72B)
Class kotlin.reflect.jvm.internal.impl.protobuf.ExtensionRegistryLite                 : loaded 2 times (x 75B)
Class kotlin.reflect.jvm.internal.impl.storage.LockBasedStorageManager$LockBasedNotNullLazyValueWithPostCompute: loaded 2 times (x 87B)
Class kotlin.reflect.jvm.internal.impl.resolve.scopes.ResolutionScope                 : loaded 2 times (x 72B)
Class kotlin.reflect.jvm.internal.impl.serialization.deserialization.ClassDataFinder  : loaded 2 times (x 72B)
Class kotlin.reflect.jvm.internal.impl.load.java.lazy.TypeParameterResolver           : loaded 2 times (x 72B)
Class kotlin.jvm.functions.Function13                                                 : loaded 2 times (x 72B)
Class com.google.common.collect.ImmutableMultimap$1                                   : loaded 2 times (x 84B)
Class com.google.common.collect.AbstractMapBasedMultimap$RandomAccessWrappedList      : loaded 2 times (x 207B)
Class com.android.ide.common.repository.AgpVersion$Companion$WhenMappings             : loaded 2 times (x 73B)
Class org.gradle.tooling.model.idea.IdeaLanguageLevel                                 : loaded 2 times (x 72B)
Class org.gradle.tooling.internal.adapter.ProtocolToModelAdapter$SafeMethodInvoker    : loaded 2 times (x 78B)
Class org.gradle.tooling.internal.adapter.WeakIdentityHashMap$WeakKey                 : loaded 2 times (x 82B)
Class org.gradle.internal.exceptions.DefaultMultiCauseException                       : loaded 2 times (x 97B)
Class kotlin.reflect.jvm.internal.impl.types.TypeConstructorSubstitution              : loaded 2 times (x 80B)
Class kotlin.reflect.jvm.internal.impl.descriptors.impl.DeclarationDescriptorVisitorEmptyBodies: loaded 2 times (x 103B)
Class kotlin.reflect.jvm.internal.impl.descriptors.runtime.structure.ReflectJavaElement: loaded 2 times (x 73B)
Class kotlin.reflect.jvm.internal.impl.storage.SimpleLock                             : loaded 2 times (x 72B)
Class kotlin.jvm.functions.Function14                                                 : loaded 2 times (x 72B)
Class kotlin.reflect.full.KClasses                                                    : loaded 2 times (x 73B)
Class com.google.common.reflect.Types$JavaVersion$1                                   : loaded 2 times (x 85B)
Class com.google.common.collect.AbstractIterator$State                                : loaded 2 times (x 81B)
Class com.google.common.collect.ImmutableMultimap$2                                   : loaded 2 times (x 83B)
Class com.google.common.collect.RegularImmutableBiMap                                 : loaded 2 times (x 150B)
Class com.google.common.cache.LocalCache$ValueReference                               : loaded 2 times (x 72B)
Class com.android.builder.model.v2.ide.ProjectInfo                                    : loaded 2 times (x 72B)
Class org.gradle.tooling.model.HierarchicalElement                                    : loaded 2 times (x 72B)
Class kotlin.coroutines.jvm.internal.Boxing                                           : loaded 2 times (x 73B)
Class org.jetbrains.kotlin.com.intellij.openapi.diagnostic.Attachment                 : loaded 2 times (x 74B)
Class org.jetbrains.kotlin.cli.common.arguments.CommonToolArguments                   : loaded 2 times (x 75B)
Class kotlin.reflect.jvm.internal.JvmFunctionSignature                                : loaded 2 times (x 74B)
Class kotlin.reflect.jvm.internal.impl.metadata.jvm.deserialization.JvmMemberSignature$Method: loaded 2 times (x 77B)
Class kotlin.reflect.jvm.internal.impl.serialization.deserialization.descriptors.DeserializedMemberDescriptor: loaded 2 times (x 72B)
Class [Lkotlin.reflect.jvm.internal.impl.resolve.scopes.ResolutionScope;              : loaded 2 times (x 71B)
Class kotlin.reflect.jvm.internal.impl.protobuf.WireFormat$JavaType                   : loaded 2 times (x 81B)
Class kotlin.reflect.jvm.internal.impl.types.AbstractTypeConstructor                  : loaded 2 times (x 98B)
Class kotlin.reflect.jvm.internal.impl.renderer.ParameterNameRenderingPolicy          : loaded 2 times (x 81B)
Class kotlin.reflect.jvm.internal.impl.descriptors.FunctionDescriptor                 : loaded 2 times (x 72B)
Class kotlin.reflect.jvm.internal.impl.descriptors.impl.PackageViewDescriptorFactory$Default: loaded 2 times (x 76B)
Class kotlin.jvm.functions.Function15                                                 : loaded 2 times (x 72B)
Class com.google.common.reflect.Types$JavaVersion$2                                   : loaded 2 times (x 85B)
Class com.google.common.reflect.Types                                                 : loaded 2 times (x 73B)
Class com.google.common.hash.PrimitiveSink                                            : loaded 2 times (x 72B)
Class com.google.common.base.PatternCompiler                                          : loaded 2 times (x 72B)
Class com.google.common.util.concurrent.AbstractFuture$Failure                        : loaded 2 times (x 74B)
Class com.google.common.base.Equivalence$Equals                                       : loaded 2 times (x 84B)
Class com.google.common.collect.Hashing                                               : loaded 2 times (x 73B)
Class com.android.builder.model.v2.dsl.DependenciesInfo                               : loaded 2 times (x 72B)
Class com.google.common.collect.ByFunctionOrdering                                    : loaded 2 times (x 117B)
Class org.gradle.internal.time.Time                                                   : loaded 2 times (x 73B)
Class kotlin.reflect.jvm.internal.impl.load.java.BuiltinSpecialPropertiesKt           : loaded 2 times (x 73B)
Class [Lkotlin.reflect.jvm.internal.impl.descriptors.ClassifierDescriptor;            : loaded 2 times (x 71B)
Class kotlin.reflect.jvm.internal.impl.serialization.deserialization.ProtoContainer$Class: loaded 2 times (x 75B)
Class [Lkotlin.reflect.jvm.internal.impl.types.Variance;                              : loaded 2 times (x 71B)
Class kotlin.reflect.jvm.internal.impl.metadata.ProtoBuf$Type$Argument$Projection     : loaded 2 times (x 84B)
Class kotlin.reflect.jvm.internal.impl.metadata.ProtoBuf$Annotation$Argument$Value$Type$1: loaded 2 times (x 76B)
Class kotlin.reflect.jvm.internal.impl.metadata.jvm.JvmProtoBuf$JvmMethodSignature    : loaded 2 times (x 98B)
Class kotlin.reflect.jvm.internal.impl.descriptors.DescriptorVisibilities$1           : loaded 2 times (x 78B)
Class kotlin.reflect.jvm.internal.impl.descriptors.impl.DeclarationDescriptorNonRootImpl: loaded 2 times (x 98B)
Class kotlin.reflect.jvm.internal.impl.utils.WrappedValues$WrappedProcessCanceledException: loaded 2 times (x 84B)
Class kotlin.jvm.functions.Function16                                                 : loaded 2 times (x 72B)
Class kotlin.LazyKt                                                                   : loaded 2 times (x 73B)
Class com.google.common.reflect.Types$JavaVersion$3                                   : loaded 2 times (x 85B)
Class com.google.common.collect.ImmutableSetMultimap                                  : loaded 2 times (x 182B)
Class com.google.common.io.CharSink                                                   : loaded 2 times (x 81B)
Class org.objectweb.asm.Label                                                         : loaded 2 times (x 75B)
Class org.objectweb.asm.CurrentFrame                                                  : loaded 2 times (x 75B)
Class org.objectweb.asm.ClassTooLargeException                                        : loaded 2 times (x 84B)
Class com.android.ide.common.gradle.Version$Companion$ParseState$NUMERIC              : loaded 2 times (x 76B)
Class com.android.ide.common.repository.AgpVersion$PreviewKind                        : loaded 2 times (x 81B)
Class com.android.builder.model.v2.models.ProjectGraph                                : loaded 2 times (x 72B)
Class kotlinx.coroutines.flow.SharedFlow                                              : loaded 2 times (x 72B)
Class org.jetbrains.kotlin.incremental.ClasspathChanges$ClasspathSnapshotEnabled      : loaded 2 times (x 74B)
Class kotlin.reflect.jvm.internal.impl.load.java.descriptors.JavaClassDescriptor      : loaded 2 times (x 72B)
Class kotlin.reflect.jvm.internal.impl.metadata.ProtoBuf$Type$Argument$Projection$1   : loaded 2 times (x 76B)
Class kotlin.reflect.jvm.internal.impl.load.java.lazy.descriptors.JvmPackageScope     : loaded 2 times (x 87B)
Class kotlin.reflect.jvm.internal.impl.serialization.deserialization.AbstractDeserializedPackageFragmentProvider: loaded 2 times (x 87B)
Class kotlin.reflect.jvm.internal.impl.descriptors.Visibilities$Internal              : loaded 2 times (x 77B)
Class kotlin.reflect.jvm.internal.impl.descriptors.DescriptorVisibilities$2           : loaded 2 times (x 78B)
Class kotlin.InitializedLazyImpl                                                      : loaded 2 times (x 78B)
Class kotlin.reflect.jvm.internal.impl.load.kotlin.DeserializedDescriptorResolver     : loaded 2 times (x 74B)
Class kotlin.reflect.jvm.internal.impl.descriptors.impl.ModuleDescriptorImpl          : loaded 2 times (x 98B)
Class kotlin.reflect.jvm.internal.impl.types.model.KotlinTypeMarker                   : loaded 2 times (x 72B)
Class kotlin.jvm.functions.Function17                                                 : loaded 2 times (x 72B)
Class com.google.common.reflect.Types$JavaVersion$4                                   : loaded 2 times (x 85B)
Class com.google.common.collect.RangeGwtSerializationDependencies                     : loaded 2 times (x 73B)
Class com.google.common.io.ByteSource$AsCharSource                                    : loaded 2 times (x 88B)
Class com.google.common.collect.Maps$IteratorBasedAbstractMap                         : loaded 2 times (x 127B)
Class com.google.common.collect.Table                                                 : loaded 2 times (x 72B)
Class com.google.common.collect.MapMakerInternalMap$InternalEntryHelper               : loaded 2 times (x 72B)
Class org.objectweb.asm.Frame                                                         : loaded 2 times (x 75B)
Class org.objectweb.asm.MethodVisitor                                                 : loaded 2 times (x 107B)
Class com.google.common.cache.LocalCache$EntryFactory$1                               : loaded 2 times (x 85B)
Class [Lcom.google.common.cache.RemovalListener;                                      : loaded 2 times (x 71B)
Class org.jetbrains.kotlin.build.report.metrics.CLASSPATH_SNAPSHOT_SIZE               : loaded 2 times (x 74B)
Class kotlin.reflect.jvm.internal.impl.descriptors.runtime.structure.ReflectJavaClass$methods$2: loaded 2 times (x 131B)
Class kotlin.reflect.jvm.internal.impl.descriptors.TypeParameterDescriptor            : loaded 2 times (x 72B)
Class kotlin.reflect.jvm.internal.impl.metadata.deserialization.NameResolverImpl$WhenMappings: loaded 2 times (x 73B)
Class kotlin.reflect.jvm.internal.impl.serialization.deserialization.DeserializedPackageFragment: loaded 2 times (x 110B)
Class kotlin.reflect.jvm.internal.impl.load.java.lazy.descriptors.LazyJavaPackageFragment: loaded 2 times (x 107B)
Class kotlin.reflect.jvm.internal.impl.metadata.ProtoBuf$ContractOrBuilder            : loaded 2 times (x 72B)
Class kotlin.reflect.jvm.internal.impl.protobuf.GeneratedMessageLite$ExtendableMessageOrBuilder: loaded 2 times (x 72B)
Class kotlin.reflect.jvm.internal.impl.descriptors.DescriptorVisibilities$3           : loaded 2 times (x 78B)
Class [Lkotlin.reflect.jvm.internal.impl.renderer.RenderingFormat;                    : loaded 2 times (x 71B)
Class kotlin.reflect.jvm.internal.impl.storage.LockBasedStorageManager$1              : loaded 2 times (x 97B)
Class kotlin.jvm.functions.Function18                                                 : loaded 2 times (x 72B)
Class com.google.common.reflect.Types$JavaVersion$5                                   : loaded 2 times (x 73B)
Class [Lcom.google.common.reflect.Types$ClassOwnership;                               : loaded 2 times (x 71B)
Class com.google.common.cache.LocalCache$EntryFactory$2                               : loaded 2 times (x 85B)
Class org.gradle.tooling.model.BuildIdentifier                                        : loaded 2 times (x 72B)
Class org.jetbrains.kotlin.build.report.metrics.BuildTimeMetric                       : loaded 2 times (x 74B)
Class org.jetbrains.kotlin.incremental.ClasspathSnapshotFiles                         : loaded 2 times (x 74B)
Class kotlin.reflect.jvm.internal.UtilKt                                              : loaded 2 times (x 73B)
Class kotlin.reflect.jvm.internal.impl.load.java.BuiltinMethodsWithSpecialGenericSignature: loaded 2 times (x 73B)
Class kotlin.reflect.jvm.internal.impl.descriptors.impl.AbstractTypeParameterDescriptor$1: loaded 2 times (x 79B)
Class kotlin.reflect.jvm.internal.impl.serialization.deserialization.descriptors.DeserializedSimpleFunctionDescriptor: loaded 2 times (x 213B)
Class kotlin.reflect.jvm.internal.impl.serialization.deserialization.builtins.BuiltInsPackageFragmentImpl$Companion: loaded 2 times (x 73B)
Class kotlin.reflect.jvm.internal.impl.load.kotlin.KotlinClassFinderKt                : loaded 2 times (x 73B)
Class kotlin.reflect.jvm.internal.impl.metadata.deserialization.VersionRequirementTable$Companion: loaded 2 times (x 73B)
Class kotlin.reflect.jvm.internal.impl.protobuf.SmallSortedMap$Entry                  : loaded 2 times (x 90B)
Class kotlin.reflect.jvm.internal.impl.resolve.jvm.JvmClassName                       : loaded 2 times (x 77B)
Class kotlin.reflect.jvm.internal.impl.metadata.ProtoBuf$Package$1                    : loaded 2 times (x 89B)
Class kotlin.reflect.jvm.internal.impl.descriptors.DescriptorVisibilities$4           : loaded 2 times (x 78B)
Class [Lkotlin.reflect.jvm.internal.impl.descriptors.CallableMemberDescriptor$Kind;   : loaded 2 times (x 71B)
Class kotlin.reflect.jvm.internal.impl.types.checker.KotlinTypeRefinerKt              : loaded 2 times (x 73B)
Class kotlin.reflect.jvm.internal.impl.descriptors.ClassDescriptor                    : loaded 2 times (x 72B)
Class kotlin.reflect.KMutableProperty$Setter                                          : loaded 2 times (x 72B)
Class kotlin.reflect.jvm.internal.impl.load.kotlin.PackagePartProvider                : loaded 2 times (x 72B)
Class kotlin.jvm.functions.Function19                                                 : loaded 2 times (x 72B)
Class kotlin.TypeCastException                                                        : loaded 2 times (x 84B)
Class kotlin.Lazy                                                                     : loaded 2 times (x 72B)
Class com.google.common.collect.CollectCollectors                                     : loaded 2 times (x 73B)
Class org.objectweb.asm.ModuleWriter                                                  : loaded 2 times (x 83B)
Class com.google.common.cache.LocalCache$EntryFactory$3                               : loaded 2 times (x 85B)
Class com.google.common.base.Ticker$1                                                 : loaded 2 times (x 74B)
Class com.google.common.collect.Maps$BiMapConverter                                   : loaded 2 times (x 92B)
Class com.google.common.collect.ImmutableMapEntrySet$RegularEntrySet                  : loaded 2 times (x 154B)
Class com.android.builder.model.v2.ide.VectorDrawablesOptions                         : loaded 2 times (x 72B)
Class org.gradle.tooling.model.BuildableElement                                       : loaded 2 times (x 72B)
Class org.gradle.tooling.model.HasGradleProject                                       : loaded 2 times (x 72B)
Class org.jetbrains.kotlin.build.report.metrics.IC_CALCULATE_INITIAL_DIRTY_SET        : loaded 2 times (x 74B)
Class org.jetbrains.kotlin.cli.common.messages.MessageRenderer                        : loaded 2 times (x 72B)
Class [Lkotlin.jvm.functions.Function1;                                               : loaded 2 times (x 71B)
Class kotlin.reflect.jvm.internal.calls.CallerImpl                                    : loaded 2 times (x 83B)
Class org.jetbrains.kotlin.cli.common.arguments.ManualLanguageFeatureSetting          : loaded 2 times (x 74B)
Class kotlin.reflect.jvm.internal.impl.types.FlexibleType                             : loaded 2 times (x 91B)
Class kotlin.reflect.jvm.internal.impl.descriptors.impl.AbstractTypeParameterDescriptor$2: loaded 2 times (x 79B)
Class kotlin.reflect.jvm.internal.impl.serialization.deserialization.descriptors.DeserializedTypeParameterDescriptor: loaded 2 times (x 126B)
Class [Lkotlin.reflect.jvm.internal.impl.metadata.ProtoBuf$QualifiedNameTable$QualifiedName$Kind;: loaded 2 times (x 71B)
Class kotlin.reflect.jvm.internal.impl.serialization.deserialization.descriptors.DeserializedMemberScope: loaded 2 times (x 104B)
Class [Lkotlin.reflect.jvm.internal.impl.metadata.ProtoBuf$Class$Kind;                : loaded 2 times (x 71B)
Class kotlin.reflect.jvm.internal.impl.resolve.scopes.AbstractScopeAdapter            : loaded 2 times (x 95B)
Class kotlin.reflect.jvm.internal.impl.metadata.builtins.BuiltInsProtoBuf             : loaded 2 times (x 73B)
Class kotlin.reflect.jvm.internal.impl.metadata.jvm.JvmProtoBuf$JvmPropertySignature  : loaded 2 times (x 98B)
Class kotlin.reflect.jvm.internal.impl.metadata.ProtoBuf$FunctionOrBuilder            : loaded 2 times (x 72B)
Class kotlin.reflect.jvm.internal.impl.descriptors.DescriptorVisibilities$5           : loaded 2 times (x 78B)
Class kotlin.reflect.jvm.internal.impl.descriptors.Visibilities$PrivateToThis         : loaded 2 times (x 77B)
Class kotlin.reflect.jvm.internal.impl.builtins.ReflectionTypes$ClassLookup           : loaded 2 times (x 73B)
Class kotlin.reflect.jvm.internal.impl.descriptors.SupertypeLoopChecker               : loaded 2 times (x 72B)
Class kotlin.reflect.jvm.internal.impl.resolve.sam.SamConversionResolverImpl          : loaded 2 times (x 74B)
Class com.google.common.collect.SetMultimap                                           : loaded 2 times (x 72B)
Class com.google.common.collect.CollectSpliterators$1                                 : loaded 2 times (x 92B)
Class com.google.common.collect.ImmutableSet$Builder                                  : loaded 2 times (x 87B)
Class com.google.common.cache.LocalCache$EntryFactory$4                               : loaded 2 times (x 85B)
Class com.android.builder.model.v2.ide.Edge                                           : loaded 2 times (x 72B)
Class com.google.common.collect.ReverseOrdering                                       : loaded 2 times (x 117B)
Class com.android.builder.model.v2.models.VariantDependenciesFlatList                 : loaded 2 times (x 72B)
Class org.gradle.tooling.model.build.JavaEnvironment                                  : loaded 2 times (x 72B)
Class kotlin.sequences.ConstrainedOnceSequence                                        : loaded 2 times (x 77B)
Class kotlin.reflect.jvm.internal.impl.protobuf.UnmodifiableLazyStringList            : loaded 2 times (x 260B)
Class kotlin.reflect.jvm.internal.impl.storage.LockBasedStorageManager$4              : loaded 2 times (x 86B)
Class kotlin.reflect.jvm.internal.impl.descriptors.DescriptorVisibilities$6           : loaded 2 times (x 78B)
Class kotlin.reflect.jvm.internal.impl.descriptors.DeclarationDescriptorVisitor       : loaded 2 times (x 72B)
Class kotlin.reflect.jvm.internal.impl.renderer.DescriptorRenderer$ValueParametersHandler$DEFAULT: loaded 2 times (x 79B)
Class kotlin.reflect.jvm.internal.impl.load.java.components.JavaResolverCache$1       : loaded 2 times (x 80B)
Class kotlin.reflect.jvm.internal.impl.storage.CacheWithNotNullValues                 : loaded 2 times (x 72B)
Class com.google.common.io.ByteStreams$1                                              : loaded 2 times (x 87B)
Class com.google.common.cache.LocalCache$EntryFactory$5                               : loaded 2 times (x 85B)
Class com.android.builder.model.v2.ide.SourceSetContainer                             : loaded 2 times (x 72B)
Class org.gradle.internal.time.Timer                                                  : loaded 2 times (x 72B)
Class kotlin.time.Duration                                                            : loaded 2 times (x 76B)
Class org.jetbrains.kotlin.build.report.metrics.COMPILATION_ROUND                     : loaded 2 times (x 74B)
Class kotlin.reflect.jvm.internal.impl.types.TypeSystemCommonBackendContext           : loaded 2 times (x 72B)
Class kotlin.reflect.jvm.internal.impl.load.java.typeEnhancement.MutabilityQualifier  : loaded 2 times (x 81B)
Class kotlin.reflect.jvm.internal.impl.descriptors.runtime.structure.ReflectJavaAnnotationOwner: loaded 2 times (x 72B)
Class kotlin.reflect.jvm.internal.impl.protobuf.UninitializedMessageException         : loaded 2 times (x 85B)
Class kotlin.reflect.jvm.internal.impl.serialization.deserialization.builtins.BuiltInSerializerProtocol: loaded 2 times (x 74B)
Class kotlin.reflect.jvm.internal.impl.metadata.ProtoBuf$TypeOrBuilder                : loaded 2 times (x 72B)
Class kotlin.reflect.jvm.internal.impl.descriptors.Visibilities$InvisibleFake         : loaded 2 times (x 77B)
Class kotlin.reflect.jvm.internal.impl.descriptors.DescriptorVisibilities$7           : loaded 2 times (x 78B)
Class kotlin.reflect.jvm.internal.impl.storage.LockBasedStorageManager$5              : loaded 2 times (x 87B)
Class kotlin.reflect.jvm.internal.impl.builtins.jvm.JavaToKotlinClassMapper           : loaded 2 times (x 73B)
Class kotlin.reflect.jvm.internal.impl.load.java.components.JavaPropertyInitializerEvaluator: loaded 2 times (x 72B)
Class kotlin.reflect.jvm.internal.impl.load.java.JavaNullabilityAnnotationSettingsKt  : loaded 2 times (x 73B)
Class kotlin.reflect.jvm.internal.impl.load.java.lazy.SingleModuleClassResolver       : loaded 2 times (x 77B)
Class kotlin.reflect.jvm.internal.impl.descriptors.impl.PackageViewDescriptorFactory$Companion: loaded 2 times (x 73B)
Class [Lkotlin.reflect.KProperty;                                                     : loaded 2 times (x 71B)
Class com.google.common.collect.HashMultimap                                          : loaded 2 times (x 175B)
Class com.google.common.cache.LocalCache$EntryFactory$6                               : loaded 2 times (x 85B)
Class org.gradle.internal.installation.CurrentGradleInstallationLocator               : loaded 2 times (x 73B)
Class com.android.builder.model.v2.ide.LintOptions                                    : loaded 2 times (x 72B)
Class org.gradle.tooling.internal.adapter.ProtocolToModelAdapter$ViewGraphDetails     : loaded 2 times (x 74B)
Class org.gradle.tooling.model.idea.IdeaProject                                       : loaded 2 times (x 72B)
Class org.gradle.tooling.model.DomainObjectSet                                        : loaded 2 times (x 72B)
Class org.jetbrains.kotlin.cli.common.messages.CompilerMessageSeverity$Companion      : loaded 2 times (x 73B)
Class [Lkotlin.io.FileWalkDirection;                                                  : loaded 2 times (x 71B)
Class kotlin.reflect.jvm.internal.impl.load.java.typeEnhancement.JavaTypeEnhancement$Result: loaded 2 times (x 74B)
Class [Lkotlin.reflect.jvm.internal.impl.load.java.structure.LightClassOriginKind;    : loaded 2 times (x 71B)
Class kotlin.reflect.jvm.internal.impl.metadata.ProtoBuf$MemberKind$1                 : loaded 2 times (x 76B)
Class kotlin.reflect.jvm.internal.impl.serialization.deserialization.ClassData        : loaded 2 times (x 74B)
Class kotlin.reflect.jvm.internal.impl.builtins.jvm.JvmBuiltInsPackageFragmentProvider$Companion: loaded 2 times (x 73B)
Class kotlin.reflect.jvm.internal.impl.descriptors.DescriptorVisibilities$8           : loaded 2 times (x 78B)
Class kotlin.reflect.jvm.internal.impl.types.TypeUtils$SpecialType                    : loaded 2 times (x 95B)
Class [Lkotlin.reflect.jvm.internal.impl.descriptors.Modality;                        : loaded 2 times (x 71B)
Class kotlin.reflect.jvm.internal.impl.serialization.deserialization.LocalClassifierTypeSettings$Default: loaded 2 times (x 76B)
Class kotlin.reflect.jvm.internal.impl.descriptors.PropertyAccessorDescriptor         : loaded 2 times (x 72B)
Class kotlin.reflect.jvm.internal.impl.resolve.OverridingUtil                         : loaded 2 times (x 78B)
Class kotlin.reflect.jvm.internal.impl.types.checker.KotlinTypePreparator             : loaded 2 times (x 75B)
Class kotlin.reflect.jvm.internal.impl.load.java.lazy.JavaResolverSettings            : loaded 2 times (x 72B)
Class kotlin.reflect.jvm.internal.impl.descriptors.NotFoundClasses                    : loaded 2 times (x 74B)
Class kotlin.reflect.jvm.internal.impl.types.SimpleType                               : loaded 2 times (x 90B)
Class com.google.common.io.ByteSource$SlicedByteSource                                : loaded 2 times (x 87B)
Class com.google.common.collect.ImmutableMultimap$Builder                             : loaded 2 times (x 88B)
Class com.google.common.collect.Maps$KeySet                                           : loaded 2 times (x 139B)
Class com.google.common.collect.ImmutableSet$EmptySetBuilderImpl                      : loaded 2 times (x 78B)
Class com.google.common.cache.LocalCache$EntryFactory$7                               : loaded 2 times (x 85B)
Class org.gradle.internal.service.DefaultServiceLocator                               : loaded 2 times (x 85B)
Class com.android.builder.model.v2.ide.BasicArtifact                                  : loaded 2 times (x 72B)
Class org.gradle.util.GradleVersion                                                   : loaded 2 times (x 83B)
Class org.jetbrains.kotlin.build.report.metrics.CLASSPATH_ENTRY_COUNT                 : loaded 2 times (x 74B)
Class org.jetbrains.kotlin.build.report.metrics.INCREMENTAL_LOAD_CURRENT_CLASSPATH_SNAPSHOT: loaded 2 times (x 74B)
Class kotlin.io.FileTreeWalk                                                          : loaded 2 times (x 77B)
Class org.jetbrains.kotlin.util.capitalizeDecapitalize.CapitalizeDecapitalizeKt       : loaded 2 times (x 73B)
Class kotlin.reflect.jvm.internal.impl.descriptors.runtime.structure.ReflectJavaClass$fields$1: loaded 2 times (x 131B)
Class [Lkotlin.reflect.jvm.internal.impl.types.TypeProjection;                        : loaded 2 times (x 71B)
Class kotlin.reflect.jvm.internal.impl.descriptors.NotFoundClasses$MockClassDescriptor: loaded 2 times (x 177B)
Class kotlin.reflect.jvm.internal.impl.load.java.lazy.descriptors.LazyJavaPackageScope$KotlinClassLookupResult: loaded 2 times (x 73B)
Class kotlin.reflect.jvm.internal.impl.types.Variance                                 : loaded 2 times (x 81B)
Class kotlin.reflect.jvm.internal.impl.metadata.ProtoBuf$Class                        : loaded 2 times (x 103B)
Class kotlin.reflect.jvm.internal.impl.descriptors.DescriptorVisibilities$9           : loaded 2 times (x 78B)
Class kotlin.reflect.jvm.internal.impl.descriptors.ClassKind                          : loaded 2 times (x 81B)
Class kotlin.properties.ObservableProperty                                            : loaded 2 times (x 85B)
Class kotlin.reflect.jvm.internal.impl.serialization.deserialization.ContractDeserializer$Companion: loaded 2 times (x 73B)
Class kotlin.reflect.jvm.internal.impl.resolve.constants.UIntValue                    : loaded 2 times (x 76B)
Class [Lkotlin.reflect.jvm.internal.impl.load.java.lazy.types.JavaTypeFlexibility;    : loaded 2 times (x 71B)
Class kotlin.reflect.jvm.internal.impl.load.java.Jsr305Settings                       : loaded 2 times (x 74B)
Class kotlin.reflect.KMutableProperty0                                                : loaded 2 times (x 72B)
Class kotlin.reflect.KClassifier                                                      : loaded 2 times (x 72B)
Class com.google.common.cache.LocalCache$SoftValueReference                           : loaded 2 times (x 100B)
Class com.google.common.collect.ImmutableMultimap$EntryCollection                     : loaded 2 times (x 130B)
Class com.google.common.collect.Maps$EntrySet                                         : loaded 2 times (x 138B)
Class com.google.common.cache.LocalCache$EntryFactory$8                               : loaded 2 times (x 85B)
Class org.gradle.internal.installation.CurrentGradleInstallation                      : loaded 2 times (x 75B)
Class org.gradle.tooling.internal.adapter.ProtocolToModelAdapter$MethodInvocationCache$MethodInvocationKey: loaded 2 times (x 75B)
Class org.gradle.tooling.model.gradle.ProjectPublications                             : loaded 2 times (x 72B)
Class kotlin.reflect.jvm.internal.impl.metadata.ProtoBuf$1                            : loaded 2 times (x 73B)
Class kotlin.reflect.jvm.internal.calls.CallerKt                                      : loaded 2 times (x 73B)
Class kotlin.reflect.jvm.internal.impl.types.model.TypeSystemOptimizationContext      : loaded 2 times (x 72B)
Class kotlin.reflect.jvm.internal.impl.types.model.DefinitelyNotNullTypeMarker        : loaded 2 times (x 72B)
Class [Lkotlin.reflect.jvm.internal.impl.load.java.typeEnhancement.JavaTypeQualifiers;: loaded 2 times (x 71B)
Class kotlin.reflect.jvm.internal.impl.descriptors.runtime.structure.ReflectJavaClass$fields$2: loaded 2 times (x 131B)
Class kotlin.reflect.jvm.internal.impl.metadata.ProtoBuf$StringTable                  : loaded 2 times (x 98B)
Class kotlin.reflect.jvm.internal.impl.serialization.deserialization.descriptors.DeserializedMemberScope$OptimizedImplementation: loaded 2 times (x 83B)
Class kotlin.reflect.jvm.internal.impl.metadata.jvm.JvmProtoBuf$JvmPropertySignature$1: loaded 2 times (x 89B)
Class kotlin.reflect.jvm.internal.impl.storage.LockBasedStorageManager$LockBasedLazyValueWithPostCompute: loaded 2 times (x 84B)
Class kotlin.reflect.jvm.internal.impl.types.TypeConstructor                          : loaded 2 times (x 72B)
Class kotlin.reflect.jvm.internal.impl.resolve.constants.IntValue                     : loaded 2 times (x 76B)
Class kotlin.reflect.jvm.internal.impl.descriptors.MemberDescriptor                   : loaded 2 times (x 72B)
Class kotlin.reflect.KMutableProperty1                                                : loaded 2 times (x 72B)
Class com.google.common.cache.CacheLoader$1                                           : loaded 2 times (x 77B)
Class org.gradle.util.internal.GUtil                                                  : loaded 2 times (x 73B)
Class com.android.utils.StringHelper                                                  : loaded 2 times (x 73B)
Class org.jetbrains.kotlin.build.report.metrics.CODE_GENERATION                       : loaded 2 times (x 74B)
Class org.jetbrains.kotlin.build.report.metrics.CODE_ANALYSIS                         : loaded 2 times (x 74B)
Class kotlin.reflect.jvm.internal.impl.metadata.deserialization.ProtoBufUtilKt        : loaded 2 times (x 73B)
Class kotlin.reflect.jvm.internal.impl.builtins.jvm.CloneableClassScope$Companion     : loaded 2 times (x 73B)
Class kotlin.reflect.jvm.internal.impl.metadata.jvm.JvmProtoBuf$StringTableTypesOrBuilder: loaded 2 times (x 72B)
Class kotlin.reflect.jvm.internal.impl.descriptors.runtime.components.ReflectClassStructure: loaded 2 times (x 73B)
Class kotlin.reflect.jvm.internal.impl.incremental.components.NoLookupLocation        : loaded 2 times (x 84B)
Class kotlin.reflect.jvm.internal.impl.resolve.DescriptorUtils                        : loaded 2 times (x 73B)
Class kotlin.reflect.jvm.internal.impl.load.java.JavaIncompatibilityRulesOverridabilityCondition$Companion: loaded 2 times (x 73B)
Class kotlin.reflect.jvm.internal.impl.load.java.JavaIncompatibilityRulesOverridabilityCondition: loaded 2 times (x 77B)
Class kotlin.reflect.jvm.internal.impl.types.checker.NewKotlinTypeCheckerImpl         : loaded 2 times (x 82B)
Class [Lkotlin.reflect.jvm.internal.impl.builtins.jvm.JvmBuiltIns$Kind;               : loaded 2 times (x 71B)
Class kotlin.reflect.KMutableProperty2                                                : loaded 2 times (x 72B)
Class com.google.common.io.ByteSource                                                 : loaded 2 times (x 86B)
Class com.google.common.cache.AbstractCache$StatsCounter                              : loaded 2 times (x 72B)
Class com.android.builder.model.v2.dsl.BuildType                                      : loaded 2 times (x 72B)
Class org.gradle.tooling.internal.adapter.WeakIdentityHashMap                         : loaded 2 times (x 78B)
Class org.gradle.tooling.GradleConnectionException                                    : loaded 2 times (x 85B)
Class org.gradle.tooling.internal.adapter.ProtocolToModelAdapter$1                    : loaded 2 times (x 77B)
Class org.gradle.tooling.internal.adapter.ProtocolToModelAdapter$ViewDecoration       : loaded 2 times (x 72B)
Class org.jetbrains.kotlin.build.report.metrics.IR_LOWERING                           : loaded 2 times (x 74B)
Class org.jetbrains.kotlin.build.report.metrics.TRANSLATION_TO_IR                     : loaded 2 times (x 74B)
Class kotlin.time.DurationUnitKt                                                      : loaded 2 times (x 73B)
Class org.jetbrains.kotlin.com.intellij.openapi.diagnostic.ExceptionWithAttachments   : loaded 2 times (x 72B)
Class kotlin.reflect.jvm.internal.impl.load.java.SpecialGenericSignatures$Companion   : loaded 2 times (x 73B)
Class kotlin.reflect.jvm.internal.impl.load.java.typeEnhancement.TypeComponentPositionKt: loaded 2 times (x 73B)
Class kotlin.reflect.jvm.internal.impl.types.TypeConstructorSubstitution$Companion$createByConstructorsMap$1: loaded 2 times (x 81B)
Class kotlin.reflect.jvm.internal.impl.load.java.lazy.descriptors.LazyJavaClassDescriptor$LazyJavaClassTypeConstructor: loaded 2 times (x 99B)
Class [Lkotlin.reflect.jvm.internal.impl.descriptors.PackageFragmentProvider;         : loaded 2 times (x 71B)
Class kotlin.reflect.jvm.internal.impl.types.AbstractTypePreparator                   : loaded 2 times (x 74B)
Class kotlin.reflect.jvm.internal.impl.metadata.deserialization.BinaryVersion$Companion: loaded 2 times (x 73B)
Class kotlin.reflect.jvm.internal.impl.storage.MemoizedFunctionToNullable             : loaded 2 times (x 72B)
Class kotlin.reflect.jvm.internal.impl.load.java.sources.JavaSourceElementFactory     : loaded 2 times (x 72B)
Class kotlin.reflect.jvm.internal.RuntimeTypeMapper                                   : loaded 2 times (x 73B)
Class com.google.common.reflect.Types$TypeVariableImpl                                : loaded 2 times (x 74B)
Class com.google.common.collect.MapMakerInternalMap$1                                 : loaded 2 times (x 85B)
Class com.google.common.io.LineBuffer                                                 : loaded 2 times (x 77B)
Class org.gradle.internal.installation.GradleInstallation                             : loaded 2 times (x 77B)
Class jdk.internal.jimage.decompressor.ResourceDecompressor$StringsProvider           : loaded 2 times (x 72B)
Class com.google.common.collect.ForwardingCollection                                  : loaded 2 times (x 132B)
Class com.google.common.collect.LexicographicalOrdering                               : loaded 2 times (x 117B)
Class org.gradle.tooling.internal.adapter.MethodInvoker                               : loaded 2 times (x 72B)
Class org.jetbrains.kotlin.build.report.metrics.INCREMENTAL_LOAD_SHRUNK_CURRENT_CLASSPATH_SNAPSHOT_AGAINST_PREVIOUS_LOOKUPS: loaded 2 times (x 74B)
Class kotlin.reflect.jvm.internal.impl.types.SpecialTypesKt                           : loaded 2 times (x 73B)
Class kotlin.reflect.jvm.internal.JvmPropertySignature$KotlinProperty                 : loaded 2 times (x 75B)
Class kotlin.reflect.jvm.internal.impl.load.java.components.DescriptorResolverUtils$1$1: loaded 2 times (x 79B)
Class kotlin.reflect.jvm.internal.impl.utils.SmartSet                                 : loaded 2 times (x 138B)
Class kotlin.reflect.jvm.internal.impl.protobuf.GeneratedMessageLite$1                : loaded 2 times (x 73B)
Class kotlin.reflect.jvm.internal.impl.serialization.deserialization.DeserializedClassDataFinder: loaded 2 times (x 77B)
Class kotlin.reflect.jvm.internal.impl.metadata.ProtoBuf$ClassOrBuilder               : loaded 2 times (x 72B)
Class kotlin.reflect.jvm.internal.impl.metadata.ProtoBuf$ValueParameter               : loaded 2 times (x 103B)
Class kotlin.reflect.jvm.internal.impl.protobuf.SmallSortedMap$EmptySet               : loaded 2 times (x 73B)
Class kotlin.reflect.jvm.internal.impl.resolve.OverridingUtil$1                       : loaded 2 times (x 76B)
Class kotlin.reflect.jvm.internal.impl.load.java.lazy.JavaResolverSettings$Default    : loaded 2 times (x 78B)
Class kotlin.reflect.jvm.internal.impl.descriptors.ClassifierDescriptor               : loaded 2 times (x 72B)
Class com.google.common.base.Splitter$Strategy                                        : loaded 2 times (x 72B)
Class com.google.common.collect.Iterables                                             : loaded 2 times (x 73B)
Class com.android.ide.common.gradle.Part                                              : loaded 2 times (x 79B)
Class com.google.common.collect.Lists$RandomAccessReverseList                         : loaded 2 times (x 202B)
Class org.gradle.tooling.model.gradle.GradleScript                                    : loaded 2 times (x 72B)
Class org.jetbrains.kotlin.incremental.FileUtilsKt                                    : loaded 2 times (x 73B)
Class org.jetbrains.kotlin.com.intellij.openapi.diagnostic.DefaultLogger              : loaded 2 times (x 102B)
Class kotlin.io.FileWalkDirection                                                     : loaded 2 times (x 81B)
Class kotlin.reflect.jvm.internal.impl.load.java.typeEnhancement.JavaTypeEnhancement$SimpleResult: loaded 2 times (x 74B)
Class kotlin.reflect.jvm.internal.impl.types.model.IntersectionTypeConstructorMarker  : loaded 2 times (x 72B)
Class kotlin.reflect.jvm.internal.impl.load.java.structure.JavaType                   : loaded 2 times (x 72B)
Class kotlin.reflect.jvm.internal.impl.resolve.scopes.GivenFunctionsMemberScope       : loaded 2 times (x 96B)
Class kotlin.reflect.jvm.internal.impl.descriptors.impl.ValueParameterDescriptorImpl$Companion: loaded 2 times (x 73B)
Class kotlin.reflect.jvm.internal.impl.protobuf.AbstractMessageLite$Builder           : loaded 2 times (x 87B)
Class kotlin.reflect.jvm.internal.impl.resolve.scopes.ChainedMemberScope              : loaded 2 times (x 87B)
Class kotlin.reflect.jvm.internal.impl.load.kotlin.DeserializationComponentsForJava$Companion$ModuleData: loaded 2 times (x 74B)
Class kotlin.reflect.jvm.internal.impl.metadata.ProtoBuf$Class$1                      : loaded 2 times (x 89B)
Class kotlin.reflect.jvm.internal.impl.metadata.jvm.JvmProtoBuf$JvmMethodSignature$1  : loaded 2 times (x 89B)
Class kotlin.reflect.jvm.internal.impl.metadata.jvm.deserialization.JvmProtoBufUtil   : loaded 2 times (x 73B)
Class kotlin.reflect.jvm.internal.impl.descriptors.impl.AbstractClassDescriptor$1$1   : loaded 2 times (x 79B)

---------------  S Y S T E M  ---------------

OS:
DISTRIB_ID=Ubuntu
DISTRIB_RELEASE=24.04
DISTRIB_CODENAME=noble
DISTRIB_DESCRIPTION="Ubuntu 24.04.4 LTS"
uname: Linux 6.8.0-124-generic #124-Ubuntu SMP PREEMPT_DYNAMIC Tue May 26 13:00:45 UTC 2026 x86_64
OS uptime: 0 days 2:16 hours
libc: glibc 2.39 NPTL 2.39 
rlimit (soft/hard): STACK 8192k/infinity , CORE 0k/infinity , NPROC 126917/126917 , NOFILE 1048576/1048576 , AS infinity/infinity , CPU infinity/infinity , DATA infinity/infinity , FSIZE infinity/infinity , MEMLOCK 4071648k/4071648k
load average: 3.19 2.21 1.41

/proc/meminfo:
MemTotal:       32573184 kB
MemFree:         2980784 kB
MemAvailable:   17956620 kB
Buffers:          435804 kB
Cached:         14892972 kB
SwapCached:           24 kB
Active:         16766048 kB
Inactive:       10624072 kB
Active(anon):   12867404 kB
Inactive(anon):     4204 kB
Active(file):    3898644 kB
Inactive(file): 10619868 kB
Unevictable:       23856 kB
Mlocked:             120 kB
SwapTotal:      33554428 kB
SwapFree:       33553916 kB
Zswap:                 0 kB
Zswapped:              0 kB
Dirty:              3212 kB
Writeback:             0 kB
AnonPages:      12082832 kB
Mapped:          3150284 kB
Shmem:            810260 kB
KReclaimable:     925932 kB
Slab:            1309148 kB
SReclaimable:     925932 kB
SUnreclaim:       383216 kB
KernelStack:       35928 kB
PageTables:        98732 kB
SecPageTables:         0 kB
NFS_Unstable:          0 kB
Bounce:                0 kB
WritebackTmp:          0 kB
CommitLimit:    49841020 kB
Committed_AS:   27311724 kB
VmallocTotal:   34359738367 kB
VmallocUsed:      241996 kB
VmallocChunk:          0 kB
Percpu:            20960 kB
HardwareCorrupted:     0 kB
AnonHugePages:         0 kB
ShmemHugePages:    18432 kB
ShmemPmdMapped:        0 kB
FileHugePages:         0 kB
FilePmdMapped:         0 kB
Unaccepted:            0 kB
HugePages_Total:       0
HugePages_Free:        0
HugePages_Rsvd:        0
HugePages_Surp:        0
Hugepagesize:       2048 kB
Hugetlb:               0 kB
DirectMap4k:     1178208 kB
DirectMap2M:     7968768 kB
DirectMap1G:    24117248 kB

/sys/kernel/mm/transparent_hugepage/enabled: always [madvise] never
/sys/kernel/mm/transparent_hugepage/hpage_pmd_size: 2097152
/sys/kernel/mm/transparent_hugepage/shmem_enabled: always within_size advise [never] deny force
/sys/kernel/mm/transparent_hugepage/defrag (defrag/compaction efforts parameter): always defer defer+madvise [madvise] never

Process Memory:
Virtual Size: 14518328K (peak: 14731880K)
Resident Set Size: 3280812K (peak: 3280812K) (anon: 3231380K, file: 49432K, shmem: 0K)
Swapped out: 0K
C-Heap outstanding allocations: 324276K, retained: 2126187K
glibc malloc tunables: (default)

/proc/sys/kernel/threads-max (system-wide limit on the number of threads): 253834
/proc/sys/vm/max_map_count (maximum number of memory map areas a process may have): 1048576
/proc/sys/vm/swappiness (control to define how aggressively the kernel swaps out anonymous memory): 10
/proc/sys/kernel/pid_max (system-wide limit on number of process identifiers): 4194304

container information not found.
Steal ticks since vm start: 0
Steal ticks percentage since vm start:  0.000

CPU: total 20 (initial active 20) (20 cores per cpu, 1 threads per core) family 6 model 151 stepping 2 microcode 0x3e, cx8, cmov, fxsr, mmx, 3dnowpref, sse, sse2, sse3, ssse3, sse4.1, sse4.2, popcnt, lzcnt, tsc, tscinvbit, avx, avx2, aes, erms, clmul, bmi1, bmi2, adx, sha, fma, vzeroupper, clflush, clflushopt, clwb, serialize, rdtscp, rdpid, fsrm, gfni, f16c, pku, ospke, cet_ibt, cet_ss
CPU Model and flags from /proc/cpuinfo:
model name	: 12th Gen Intel(R) Core(TM) i7-12700K
flags		: fpu vme de pse tsc msr pae mce cx8 apic sep mtrr pge mca cmov pat pse36 clflush dts acpi mmx fxsr sse sse2 ss ht tm pbe syscall nx pdpe1gb rdtscp lm constant_tsc art arch_perfmon pebs bts rep_good nopl xtopology nonstop_tsc cpuid aperfmperf tsc_known_freq pni pclmulqdq dtes64 monitor ds_cpl vmx smx est tm2 ssse3 sdbg fma cx16 xtpr pdcm pcid sse4_1 sse4_2 x2apic movbe popcnt tsc_deadline_timer aes xsave avx f16c rdrand lahf_lm abm 3dnowprefetch cpuid_fault ssbd ibrs ibpb stibp ibrs_enhanced tpr_shadow flexpriority ept vpid ept_ad fsgsbase tsc_adjust bmi1 avx2 smep bmi2 erms invpcid rdseed adx smap clflushopt clwb intel_pt sha_ni xsaveopt xsavec xgetbv1 xsaves split_lock_detect user_shstk avx_vnni dtherm ida arat pln pts hwp hwp_notify hwp_act_window hwp_epp hwp_pkg_req hfi vnmi umip pku ospke waitpkg gfni vaes vpclmulqdq tme rdpid movdiri movdir64b fsrm md_clear serialize pconfig arch_lbr ibt flush_l1d arch_capabilities ibpb_exit_to_user

Online cpus: 0-19
Offline cpus: 
BIOS frequency limitation: <Not Available>
Frequency switch latency (ns): 0
Available cpu frequencies: <Not Available>
Current governor: powersave
Core performance/turbo boost: <Not Available>

Memory: 4k page, physical 32573184k(17956620k free), swap 33554428k(33553916k free)
Page Sizes: 4k

vm_info: OpenJDK 64-Bit Server VM (25.0.4.1+1-b583.48) for linux-amd64 JRE (25.0.4.1+1-b583.48), built on 2026-08-20 with gcc 10.3.1 20210422 (Red Hat 10.3.1-1.2.0.1)

END.
